Circuit,Solver,Wire_ID,Time_Sec,Status,Label,MUS_Size
arbiter_8bit.aag,minisat22,21,0.000008,UNSAT,0,0
arbiter_8bit.aag,minisat22,20,0.000004,UNSAT,0,0
arbiter_8bit.aag,minisat22,5,0.000002,UNSAT,0,0
arbiter_8bit.aag,minisat22,23,0.000001,UNSAT,0,0
arbiter_8bit.aag,minisat22,18,0.000002,UNSAT,0,0
arbiter_8bit.aag,minisat22,1,0.000001,UNSAT,0,0
arbiter_8bit.aag,minisat22,22,0.000001,UNSAT,0,0
arbiter_8bit.aag,minisat22,16,0.000001,UNSAT,0,0
arbiter_8bit.aag,glucose3,21,0.000018,UNSAT,0,0
arbiter_8bit.aag,glucose3,20,0.000005,UNSAT,0,0
arbiter_8bit.aag,glucose3,5,0.000003,UNSAT,0,0
arbiter_8bit.aag,glucose3,23,0.000003,UNSAT,0,0
arbiter_8bit.aag,glucose3,18,0.000002,UNSAT,0,0
arbiter_8bit.aag,glucose3,1,0.000002,UNSAT,0,0
arbiter_8bit.aag,glucose3,22,0.000001,UNSAT,0,0
arbiter_8bit.aag,glucose3,16,0.000001,UNSAT,0,0
arbiter_8bit.aag,glucose4,21,0.000005,UNSAT,0,0
arbiter_8bit.aag,glucose4,20,0.000002,UNSAT,0,0
arbiter_8bit.aag,glucose4,5,0.000001,UNSAT,0,0
arbiter_8bit.aag,glucose4,23,0.000001,UNSAT,0,0
arbiter_8bit.aag,glucose4,18,0.000002,UNSAT,0,0
arbiter_8bit.aag,glucose4,1,0.000001,UNSAT,0,0
arbiter_8bit.aag,glucose4,22,0.000001,UNSAT,0,0
arbiter_8bit.aag,glucose4,16,0.000001,UNSAT,0,0
arbiter_8bit.aag,maplechrono,21,0.000006,UNSAT,0,0
arbiter_8bit.aag,maplechrono,20,0.000004,UNSAT,0,0
arbiter_8bit.aag,maplechrono,5,0.000003,UNSAT,0,0
arbiter_8bit.aag,maplechrono,23,0.000004,UNSAT,0,0
arbiter_8bit.aag,maplechrono,18,0.000004,UNSAT,0,0
arbiter_8bit.aag,maplechrono,1,0.000004,UNSAT,0,0
arbiter_8bit.aag,maplechrono,22,0.000003,UNSAT,0,0
arbiter_8bit.aag,maplechrono,16,0.000005,UNSAT,0,0
arbiter_8bit.aag,cadical153,21,0.000007,UNSAT,0,0
arbiter_8bit.aag,cadical153,20,0.000010,UNSAT,0,0
arbiter_8bit.aag,cadical153,5,0.000003,UNSAT,0,0
arbiter_8bit.aag,cadical153,23,0.000002,UNSAT,0,0
arbiter_8bit.aag,cadical153,18,0.000002,UNSAT,0,0
arbiter_8bit.aag,cadical153,1,0.000003,UNSAT,0,0
arbiter_8bit.aag,cadical153,22,0.000002,UNSAT,0,0
arbiter_8bit.aag,cadical153,16,0.000001,UNSAT,0,0
arbiter_8bit.aag,lingeling,21,0.000042,UNSAT,0,0
arbiter_8bit.aag,lingeling,20,0.000009,UNSAT,0,0
arbiter_8bit.aag,lingeling,5,0.000006,UNSAT,0,0
arbiter_8bit.aag,lingeling,23,0.000005,UNSAT,0,0
arbiter_8bit.aag,lingeling,18,0.000006,UNSAT,0,0
arbiter_8bit.aag,lingeling,1,0.000006,UNSAT,0,0
arbiter_8bit.aag,lingeling,22,0.000006,UNSAT,0,0
arbiter_8bit.aag,lingeling,16,0.000005,UNSAT,0,0
arbiter_8bit.aag,mergesat3,21,0.000005,UNSAT,0,0
arbiter_8bit.aag,mergesat3,20,0.000003,UNSAT,0,0
arbiter_8bit.aag,mergesat3,5,0.000002,UNSAT,0,0
arbiter_8bit.aag,mergesat3,23,0.000001,UNSAT,0,0
arbiter_8bit.aag,mergesat3,18,0.000001,UNSAT,0,0
arbiter_8bit.aag,mergesat3,1,0.000001,UNSAT,0,0
arbiter_8bit.aag,mergesat3,22,0.000001,UNSAT,0,0
arbiter_8bit.aag,mergesat3,16,0.000001,UNSAT,0,0
c499.aag,minisat22,550,0.000042,SAT,1,0
c499.aag,minisat22,551,0.000018,SAT,1,0
c499.aag,minisat22,552,0.000013,SAT,1,0
c499.aag,minisat22,553,0.000011,SAT,1,0
c499.aag,minisat22,554,0.000011,SAT,1,0
c499.aag,minisat22,555,0.000011,SAT,1,0
c499.aag,minisat22,556,0.000011,SAT,1,0
c499.aag,minisat22,557,0.000011,SAT,1,0
c499.aag,minisat22,558,0.000011,SAT,1,0
c499.aag,minisat22,559,0.000011,SAT,1,0
c499.aag,minisat22,560,0.000012,SAT,1,0
c499.aag,minisat22,561,0.000013,SAT,1,0
c499.aag,minisat22,562,0.000012,SAT,1,0
c499.aag,minisat22,563,0.000012,SAT,1,0
c499.aag,minisat22,564,0.000012,SAT,1,0
c499.aag,minisat22,565,0.000012,SAT,1,0
c499.aag,minisat22,566,0.000012,SAT,1,0
c499.aag,minisat22,567,0.000011,SAT,1,0
c499.aag,minisat22,568,0.000012,SAT,1,0
c499.aag,minisat22,569,0.000012,SAT,1,0
c499.aag,minisat22,570,0.000011,SAT,1,0
c499.aag,minisat22,571,0.000011,SAT,1,0
c499.aag,minisat22,572,0.000011,SAT,1,0
c499.aag,minisat22,573,0.000012,SAT,1,0
c499.aag,minisat22,574,0.000011,SAT,1,0
c499.aag,minisat22,575,0.000012,SAT,1,0
c499.aag,minisat22,576,0.000013,SAT,1,0
c499.aag,minisat22,577,0.000012,SAT,1,0
c499.aag,minisat22,578,0.000013,SAT,1,0
c499.aag,minisat22,579,0.000013,SAT,1,0
c499.aag,minisat22,580,0.000012,SAT,1,0
c499.aag,minisat22,581,0.000011,SAT,1,0
c499.aag,glucose3,550,0.000060,SAT,1,0
c499.aag,glucose3,551,0.000027,SAT,1,0
c499.aag,glucose3,552,0.000021,SAT,1,0
c499.aag,glucose3,553,0.000019,SAT,1,0
c499.aag,glucose3,554,0.000019,SAT,1,0
c499.aag,glucose3,555,0.000018,SAT,1,0
c499.aag,glucose3,556,0.000019,SAT,1,0
c499.aag,glucose3,557,0.000021,SAT,1,0
c499.aag,glucose3,558,0.000020,SAT,1,0
c499.aag,glucose3,559,0.000017,SAT,1,0
c499.aag,glucose3,560,0.000019,SAT,1,0
c499.aag,glucose3,561,0.000018,SAT,1,0
c499.aag,glucose3,562,0.000018,SAT,1,0
c499.aag,glucose3,563,0.000020,SAT,1,0
c499.aag,glucose3,564,0.000020,SAT,1,0
c499.aag,glucose3,565,0.000019,SAT,1,0
c499.aag,glucose3,566,0.000021,SAT,1,0
c499.aag,glucose3,567,0.000021,SAT,1,0
c499.aag,glucose3,568,0.000021,SAT,1,0
c499.aag,glucose3,569,0.000020,SAT,1,0
c499.aag,glucose3,570,0.000021,SAT,1,0
c499.aag,glucose3,571,0.000020,SAT,1,0
c499.aag,glucose3,572,0.000020,SAT,1,0
c499.aag,glucose3,573,0.000020,SAT,1,0
c499.aag,glucose3,574,0.000022,SAT,1,0
c499.aag,glucose3,575,0.000023,SAT,1,0
c499.aag,glucose3,576,0.000021,SAT,1,0
c499.aag,glucose3,577,0.000022,SAT,1,0
c499.aag,glucose3,578,0.000023,SAT,1,0
c499.aag,glucose3,579,0.000021,SAT,1,0
c499.aag,glucose3,580,0.000021,SAT,1,0
c499.aag,glucose3,581,0.000021,SAT,1,0
c499.aag,glucose4,550,0.000045,SAT,1,0
c499.aag,glucose4,551,0.000020,SAT,1,0
c499.aag,glucose4,552,0.000018,SAT,1,0
c499.aag,glucose4,553,0.000021,SAT,1,0
c499.aag,glucose4,554,0.000021,SAT,1,0
c499.aag,glucose4,555,0.000020,SAT,1,0
c499.aag,glucose4,556,0.000021,SAT,1,0
c499.aag,glucose4,557,0.000020,SAT,1,0
c499.aag,glucose4,558,0.000014,SAT,1,0
c499.aag,glucose4,559,0.000013,SAT,1,0
c499.aag,glucose4,560,0.000015,SAT,1,0
c499.aag,glucose4,561,0.000015,SAT,1,0
c499.aag,glucose4,562,0.000014,SAT,1,0
c499.aag,glucose4,563,0.000014,SAT,1,0
c499.aag,glucose4,564,0.000014,SAT,1,0
c499.aag,glucose4,565,0.000014,SAT,1,0
c499.aag,glucose4,566,0.000014,SAT,1,0
c499.aag,glucose4,567,0.000014,SAT,1,0
c499.aag,glucose4,568,0.000014,SAT,1,0
c499.aag,glucose4,569,0.000014,SAT,1,0
c499.aag,glucose4,570,0.000014,SAT,1,0
c499.aag,glucose4,571,0.000014,SAT,1,0
c499.aag,glucose4,572,0.000013,SAT,1,0
c499.aag,glucose4,573,0.000014,SAT,1,0
c499.aag,glucose4,574,0.000014,SAT,1,0
c499.aag,glucose4,575,0.000014,SAT,1,0
c499.aag,glucose4,576,0.000014,SAT,1,0
c499.aag,glucose4,577,0.000015,SAT,1,0
c499.aag,glucose4,578,0.000015,SAT,1,0
c499.aag,glucose4,579,0.000014,SAT,1,0
c499.aag,glucose4,580,0.000014,SAT,1,0
c499.aag,glucose4,581,0.000014,SAT,1,0
c499.aag,maplechrono,550,0.000048,SAT,1,0
c499.aag,maplechrono,551,0.000021,SAT,1,0
c499.aag,maplechrono,552,0.000023,SAT,1,0
c499.aag,maplechrono,553,0.000016,SAT,1,0
c499.aag,maplechrono,554,0.000014,SAT,1,0
c499.aag,maplechrono,555,0.000014,SAT,1,0
c499.aag,maplechrono,556,0.000015,SAT,1,0
c499.aag,maplechrono,557,0.000022,SAT,1,0
c499.aag,maplechrono,558,0.000022,SAT,1,0
c499.aag,maplechrono,559,0.000016,SAT,1,0
c499.aag,maplechrono,560,0.000015,SAT,1,0
c499.aag,maplechrono,561,0.000015,SAT,1,0
c499.aag,maplechrono,562,0.000014,SAT,1,0
c499.aag,maplechrono,563,0.000014,SAT,1,0
c499.aag,maplechrono,564,0.000015,SAT,1,0
c499.aag,maplechrono,565,0.000039,SAT,1,0
c499.aag,maplechrono,566,0.000020,SAT,1,0
c499.aag,maplechrono,567,0.000015,SAT,1,0
c499.aag,maplechrono,568,0.000014,SAT,1,0
c499.aag,maplechrono,569,0.000014,SAT,1,0
c499.aag,maplechrono,570,0.000015,SAT,1,0
c499.aag,maplechrono,571,0.000014,SAT,1,0
c499.aag,maplechrono,572,0.000014,SAT,1,0
c499.aag,maplechrono,573,0.000014,SAT,1,0
c499.aag,maplechrono,574,0.000014,SAT,1,0
c499.aag,maplechrono,575,0.000020,SAT,1,0
c499.aag,maplechrono,576,0.000015,SAT,1,0
c499.aag,maplechrono,577,0.000015,SAT,1,0
c499.aag,maplechrono,578,0.000043,SAT,1,0
c499.aag,maplechrono,579,0.000021,SAT,1,0
c499.aag,maplechrono,580,0.000015,SAT,1,0
c499.aag,maplechrono,581,0.000014,SAT,1,0
c499.aag,cadical153,550,0.000049,SAT,1,0
c499.aag,cadical153,551,0.000020,SAT,1,0
c499.aag,cadical153,552,0.000017,SAT,1,0
c499.aag,cadical153,553,0.000024,SAT,1,0
c499.aag,cadical153,554,0.000016,SAT,1,0
c499.aag,cadical153,555,0.000014,SAT,1,0
c499.aag,cadical153,556,0.000010,SAT,1,0
c499.aag,cadical153,557,0.000010,SAT,1,0
c499.aag,cadical153,558,0.000010,SAT,1,0
c499.aag,cadical153,559,0.000013,SAT,1,0
c499.aag,cadical153,560,0.000018,SAT,1,0
c499.aag,cadical153,561,0.000019,SAT,1,0
c499.aag,cadical153,562,0.000013,SAT,1,0
c499.aag,cadical153,563,0.000010,SAT,1,0
c499.aag,cadical153,564,0.000015,SAT,1,0
c499.aag,cadical153,565,0.000010,SAT,1,0
c499.aag,cadical153,566,0.000010,SAT,1,0
c499.aag,cadical153,567,0.000010,SAT,1,0
c499.aag,cadical153,568,0.000010,SAT,1,0
c499.aag,cadical153,569,0.000010,SAT,1,0
c499.aag,cadical153,570,0.000010,SAT,1,0
c499.aag,cadical153,571,0.000010,SAT,1,0
c499.aag,cadical153,572,0.000010,SAT,1,0
c499.aag,cadical153,573,0.000010,SAT,1,0
c499.aag,cadical153,574,0.000014,SAT,1,0
c499.aag,cadical153,575,0.000011,SAT,1,0
c499.aag,cadical153,576,0.000010,SAT,1,0
c499.aag,cadical153,577,0.000010,SAT,1,0
c499.aag,cadical153,578,0.000010,SAT,1,0
c499.aag,cadical153,579,0.000033,SAT,1,0
c499.aag,cadical153,580,0.000014,SAT,1,0
c499.aag,cadical153,581,0.000010,SAT,1,0
c499.aag,lingeling,550,0.000164,SAT,1,0
c499.aag,lingeling,551,0.000141,SAT,1,0
c499.aag,lingeling,552,0.000103,SAT,1,0
c499.aag,lingeling,553,0.000128,SAT,1,0
c499.aag,lingeling,554,0.000163,SAT,1,0
c499.aag,lingeling,555,0.000192,SAT,1,0
c499.aag,lingeling,556,0.000159,SAT,1,0
c499.aag,lingeling,557,0.000170,SAT,1,0
c499.aag,lingeling,558,0.000180,SAT,1,0
c499.aag,lingeling,559,0.000210,SAT,1,0
c499.aag,lingeling,560,0.000136,SAT,1,0
c499.aag,lingeling,561,0.000145,SAT,1,0
c499.aag,lingeling,562,0.000137,SAT,1,0
c499.aag,lingeling,563,0.000141,SAT,1,0
c499.aag,lingeling,564,0.000123,SAT,1,0
c499.aag,lingeling,565,0.000150,SAT,1,0
c499.aag,lingeling,566,0.000164,SAT,1,0
c499.aag,lingeling,567,0.000132,SAT,1,0
c499.aag,lingeling,568,0.000122,SAT,1,0
c499.aag,lingeling,569,0.000135,SAT,1,0
c499.aag,lingeling,570,0.000137,SAT,1,0
c499.aag,lingeling,571,0.000152,SAT,1,0
c499.aag,lingeling,572,0.000111,SAT,1,0
c499.aag,lingeling,573,0.000124,SAT,1,0
c499.aag,lingeling,574,0.000103,SAT,1,0
c499.aag,lingeling,575,0.000109,SAT,1,0
c499.aag,lingeling,576,0.000115,SAT,1,0
c499.aag,lingeling,577,0.000129,SAT,1,0
c499.aag,lingeling,578,0.000129,SAT,1,0
c499.aag,lingeling,579,0.000099,SAT,1,0
c499.aag,lingeling,580,0.000101,SAT,1,0
c499.aag,lingeling,581,0.000097,SAT,1,0
c499.aag,mergesat3,550,0.000063,SAT,1,0
c499.aag,mergesat3,551,0.000040,SAT,1,0
c499.aag,mergesat3,552,0.000036,SAT,1,0
c499.aag,mergesat3,553,0.000034,SAT,1,0
c499.aag,mergesat3,554,0.000031,SAT,1,0
c499.aag,mergesat3,555,0.000025,SAT,1,0
c499.aag,mergesat3,556,0.000027,SAT,1,0
c499.aag,mergesat3,557,0.000029,SAT,1,0
c499.aag,mergesat3,558,0.000023,SAT,1,0
c499.aag,mergesat3,559,0.000017,SAT,1,0
c499.aag,mergesat3,560,0.000017,SAT,1,0
c499.aag,mergesat3,561,0.000018,SAT,1,0
c499.aag,mergesat3,562,0.000017,SAT,1,0
c499.aag,mergesat3,563,0.000017,SAT,1,0
c499.aag,mergesat3,564,0.000017,SAT,1,0
c499.aag,mergesat3,565,0.000018,SAT,1,0
c499.aag,mergesat3,566,0.000017,SAT,1,0
c499.aag,mergesat3,567,0.000018,SAT,1,0
c499.aag,mergesat3,568,0.000017,SAT,1,0
c499.aag,mergesat3,569,0.000017,SAT,1,0
c499.aag,mergesat3,570,0.000017,SAT,1,0
c499.aag,mergesat3,571,0.000017,SAT,1,0
c499.aag,mergesat3,572,0.000016,SAT,1,0
c499.aag,mergesat3,573,0.000017,SAT,1,0
c499.aag,mergesat3,574,0.000016,SAT,1,0
c499.aag,mergesat3,575,0.000017,SAT,1,0
c499.aag,mergesat3,576,0.000017,SAT,1,0
c499.aag,mergesat3,577,0.000019,SAT,1,0
c499.aag,mergesat3,578,0.000019,SAT,1,0
c499.aag,mergesat3,579,0.000019,SAT,1,0
c499.aag,mergesat3,580,0.000017,SAT,1,0
c499.aag,mergesat3,581,0.000018,SAT,1,0
c5315.aag,minisat22,1685,0.000009,UNSAT,0,0
c5315.aag,minisat22,1686,0.000002,UNSAT,0,0
c5315.aag,minisat22,1330,0.000001,UNSAT,0,0
c5315.aag,minisat22,1687,0.000001,UNSAT,0,0
c5315.aag,minisat22,1553,0.000001,UNSAT,0,0
c5315.aag,minisat22,1688,0.000001,UNSAT,0,0
c5315.aag,minisat22,1445,0.000001,UNSAT,0,0
c5315.aag,minisat22,1533,0.000001,UNSAT,0,0
c5315.aag,minisat22,1453,0.000001,UNSAT,0,0
c5315.aag,minisat22,1689,0.000001,UNSAT,0,0
c5315.aag,minisat22,1690,0.000001,UNSAT,0,0
c5315.aag,minisat22,1691,0.000001,UNSAT,0,0
c5315.aag,minisat22,1692,0.000001,UNSAT,0,0
c5315.aag,minisat22,859,0.000001,UNSAT,0,0
c5315.aag,minisat22,1074,0.000001,UNSAT,0,0
c5315.aag,minisat22,1204,0.000002,UNSAT,0,0
c5315.aag,minisat22,1684,0.000001,UNSAT,0,0
c5315.aag,minisat22,1649,0.000001,UNSAT,0,0
c5315.aag,minisat22,1399,0.000002,UNSAT,0,0
c5315.aag,minisat22,1693,0.000001,UNSAT,0,0
c5315.aag,minisat22,1694,0.000001,UNSAT,0,0
c5315.aag,minisat22,1390,0.000001,UNSAT,0,0
c5315.aag,minisat22,1695,0.000001,UNSAT,0,0
c5315.aag,minisat22,1696,0.000001,UNSAT,0,0
c5315.aag,minisat22,1697,0.000001,UNSAT,0,0
c5315.aag,minisat22,1698,0.000001,UNSAT,0,0
c5315.aag,minisat22,1699,0.000001,UNSAT,0,0
c5315.aag,minisat22,1700,0.000001,UNSAT,0,0
c5315.aag,minisat22,252,0.000002,UNSAT,0,0
c5315.aag,minisat22,1302,0.000001,UNSAT,0,0
c5315.aag,minisat22,1701,0.000001,UNSAT,0,0
c5315.aag,minisat22,1364,0.000001,UNSAT,0,0
c5315.aag,minisat22,1204,0.000001,UNSAT,0,0
c5315.aag,minisat22,1134,0.000001,UNSAT,0,0
c5315.aag,minisat22,323,0.000001,UNSAT,0,0
c5315.aag,minisat22,1702,0.000001,UNSAT,0,0
c5315.aag,minisat22,1703,0.000001,UNSAT,0,0
c5315.aag,minisat22,1704,0.000001,UNSAT,0,0
c5315.aag,minisat22,1340,0.000001,UNSAT,0,0
c5315.aag,minisat22,1227,0.000001,UNSAT,0,0
c5315.aag,minisat22,1544,0.000001,UNSAT,0,0
c5315.aag,minisat22,175,0.000001,UNSAT,0,0
c5315.aag,minisat22,318,0.000001,UNSAT,0,0
c5315.aag,minisat22,175,0.000001,UNSAT,0,0
c5315.aag,minisat22,1705,0.000001,UNSAT,0,0
c5315.aag,minisat22,1300,0.000001,UNSAT,0,0
c5315.aag,minisat22,1096,0.000001,UNSAT,0,0
c5315.aag,minisat22,1138,0.000001,UNSAT,0,0
c5315.aag,minisat22,956,0.000001,UNSAT,0,0
c5315.aag,minisat22,1706,0.000001,UNSAT,0,0
c5315.aag,minisat22,1707,0.000001,UNSAT,0,0
c5315.aag,minisat22,1708,0.000001,UNSAT,0,0
c5315.aag,minisat22,1709,0.000001,UNSAT,0,0
c5315.aag,minisat22,981,0.000001,UNSAT,0,0
c5315.aag,minisat22,1322,0.000001,UNSAT,0,0
c5315.aag,minisat22,1710,0.000001,UNSAT,0,0
c5315.aag,minisat22,1711,0.000001,UNSAT,0,0
c5315.aag,minisat22,97,0.000001,UNSAT,0,0
c5315.aag,minisat22,1712,0.000001,UNSAT,0,0
c5315.aag,minisat22,874,0.000001,UNSAT,0,0
c5315.aag,minisat22,324,0.000001,UNSAT,0,0
c5315.aag,minisat22,1713,0.000001,UNSAT,0,0
c5315.aag,minisat22,1714,0.000001,UNSAT,0,0
c5315.aag,minisat22,1715,0.000001,UNSAT,0,0
c5315.aag,minisat22,1403,0.000001,UNSAT,0,0
c5315.aag,minisat22,1716,0.000001,UNSAT,0,0
c5315.aag,minisat22,1250,0.000001,UNSAT,0,0
c5315.aag,minisat22,1717,0.000001,UNSAT,0,0
c5315.aag,minisat22,1525,0.000001,UNSAT,0,0
c5315.aag,minisat22,1002,0.000001,UNSAT,0,0
c5315.aag,minisat22,1718,0.000001,UNSAT,0,0
c5315.aag,minisat22,1719,0.000001,UNSAT,0,0
c5315.aag,minisat22,1720,0.000001,UNSAT,0,0
c5315.aag,minisat22,1649,0.000001,UNSAT,0,0
c5315.aag,minisat22,1048,0.000001,UNSAT,0,0
c5315.aag,minisat22,1138,0.000001,UNSAT,0,0
c5315.aag,minisat22,1518,0.000001,UNSAT,0,0
c5315.aag,minisat22,54,0.000001,UNSAT,0,0
c5315.aag,minisat22,1016,0.000001,UNSAT,0,0
c5315.aag,minisat22,1721,0.000001,UNSAT,0,0
c5315.aag,minisat22,1722,0.000001,UNSAT,0,0
c5315.aag,minisat22,1723,0.000001,UNSAT,0,0
c5315.aag,minisat22,932,0.000001,UNSAT,0,0
c5315.aag,minisat22,1638,0.000001,UNSAT,0,0
c5315.aag,minisat22,1724,0.000001,UNSAT,0,0
c5315.aag,minisat22,1472,0.000001,UNSAT,0,0
c5315.aag,minisat22,1446,0.000001,UNSAT,0,0
c5315.aag,minisat22,1621,0.000001,UNSAT,0,0
c5315.aag,minisat22,1507,0.000001,UNSAT,0,0
c5315.aag,minisat22,1049,0.000001,UNSAT,0,0
c5315.aag,minisat22,1007,0.000001,UNSAT,0,0
c5315.aag,minisat22,1725,0.000001,UNSAT,0,0
c5315.aag,minisat22,1726,0.000001,UNSAT,0,0
c5315.aag,minisat22,1270,0.000001,UNSAT,0,0
c5315.aag,minisat22,852,0.000001,UNSAT,0,0
c5315.aag,minisat22,1727,0.000001,UNSAT,0,0
c5315.aag,minisat22,1728,0.000001,UNSAT,0,0
c5315.aag,minisat22,1729,0.000004,UNSAT,0,0
c5315.aag,minisat22,1730,0.000002,UNSAT,0,0
c5315.aag,minisat22,1673,0.000001,UNSAT,0,0
c5315.aag,minisat22,1497,0.000001,UNSAT,0,0
c5315.aag,minisat22,1731,0.000001,UNSAT,0,0
c5315.aag,minisat22,1138,0.000001,UNSAT,0,0
c5315.aag,minisat22,1412,0.000001,UNSAT,0,0
c5315.aag,minisat22,1732,0.000001,UNSAT,0,0
c5315.aag,minisat22,1733,0.000001,UNSAT,0,0
c5315.aag,minisat22,1734,0.000001,UNSAT,0,0
c5315.aag,minisat22,177,0.000001,UNSAT,0,0
c5315.aag,minisat22,951,0.000001,UNSAT,0,0
c5315.aag,minisat22,1735,0.000001,UNSAT,0,0
c5315.aag,minisat22,1682,0.000001,UNSAT,0,0
c5315.aag,minisat22,1648,0.000001,UNSAT,0,0
c5315.aag,minisat22,1280,0.000001,UNSAT,0,0
c5315.aag,minisat22,1289,0.000001,UNSAT,0,0
c5315.aag,minisat22,1736,0.000001,UNSAT,0,0
c5315.aag,minisat22,1147,0.000001,UNSAT,0,0
c5315.aag,minisat22,1737,0.000001,UNSAT,0,0
c5315.aag,minisat22,1238,0.000001,UNSAT,0,0
c5315.aag,minisat22,1138,0.000001,UNSAT,0,0
c5315.aag,minisat22,1138,0.000001,UNSAT,0,0
c5315.aag,minisat22,1738,0.000001,UNSAT,0,0
c5315.aag,minisat22,1134,0.000001,UNSAT,0,0
c5315.aag,minisat22,1136,0.000001,UNSAT,0,0
c5315.aag,glucose3,1685,0.000005,UNSAT,0,0
c5315.aag,glucose3,1686,0.000001,UNSAT,0,0
c5315.aag,glucose3,1330,0.000001,UNSAT,0,0
c5315.aag,glucose3,1687,0.000001,UNSAT,0,0
c5315.aag,glucose3,1553,0.000001,UNSAT,0,0
c5315.aag,glucose3,1688,0.000001,UNSAT,0,0
c5315.aag,glucose3,1445,0.000001,UNSAT,0,0
c5315.aag,glucose3,1533,0.000001,UNSAT,0,0
c5315.aag,glucose3,1453,0.000001,UNSAT,0,0
c5315.aag,glucose3,1689,0.000001,UNSAT,0,0
c5315.aag,glucose3,1690,0.000001,UNSAT,0,0
c5315.aag,glucose3,1691,0.000001,UNSAT,0,0
c5315.aag,glucose3,1692,0.000001,UNSAT,0,0
c5315.aag,glucose3,859,0.000001,UNSAT,0,0
c5315.aag,glucose3,1074,0.000001,UNSAT,0,0
c5315.aag,glucose3,1204,0.000001,UNSAT,0,0
c5315.aag,glucose3,1684,0.000001,UNSAT,0,0
c5315.aag,glucose3,1649,0.000002,UNSAT,0,0
c5315.aag,glucose3,1399,0.000001,UNSAT,0,0
c5315.aag,glucose3,1693,0.000001,UNSAT,0,0
c5315.aag,glucose3,1694,0.000001,UNSAT,0,0
c5315.aag,glucose3,1390,0.000001,UNSAT,0,0
c5315.aag,glucose3,1695,0.000001,UNSAT,0,0
c5315.aag,glucose3,1696,0.000001,UNSAT,0,0
c5315.aag,glucose3,1697,0.000001,UNSAT,0,0
c5315.aag,glucose3,1698,0.000001,UNSAT,0,0
c5315.aag,glucose3,1699,0.000001,UNSAT,0,0
c5315.aag,glucose3,1700,0.000001,UNSAT,0,0
c5315.aag,glucose3,252,0.000002,UNSAT,0,0
c5315.aag,glucose3,1302,0.000001,UNSAT,0,0
c5315.aag,glucose3,1701,0.000001,UNSAT,0,0
c5315.aag,glucose3,1364,0.000001,UNSAT,0,0
c5315.aag,glucose3,1204,0.000001,UNSAT,0,0
c5315.aag,glucose3,1134,0.000001,UNSAT,0,0
c5315.aag,glucose3,323,0.000001,UNSAT,0,0
c5315.aag,glucose3,1702,0.000001,UNSAT,0,0
c5315.aag,glucose3,1703,0.000001,UNSAT,0,0
c5315.aag,glucose3,1704,0.000001,UNSAT,0,0
c5315.aag,glucose3,1340,0.000001,UNSAT,0,0
c5315.aag,glucose3,1227,0.000001,UNSAT,0,0
c5315.aag,glucose3,1544,0.000001,UNSAT,0,0
c5315.aag,glucose3,175,0.000001,UNSAT,0,0
c5315.aag,glucose3,318,0.000001,UNSAT,0,0
c5315.aag,glucose3,175,0.000002,UNSAT,0,0
c5315.aag,glucose3,1705,0.000001,UNSAT,0,0
c5315.aag,glucose3,1300,0.000001,UNSAT,0,0
c5315.aag,glucose3,1096,0.000001,UNSAT,0,0
c5315.aag,glucose3,1138,0.000001,UNSAT,0,0
c5315.aag,glucose3,956,0.000001,UNSAT,0,0
c5315.aag,glucose3,1706,0.000001,UNSAT,0,0
c5315.aag,glucose3,1707,0.000001,UNSAT,0,0
c5315.aag,glucose3,1708,0.000001,UNSAT,0,0
c5315.aag,glucose3,1709,0.000002,UNSAT,0,0
c5315.aag,glucose3,981,0.000001,UNSAT,0,0
c5315.aag,glucose3,1322,0.000001,UNSAT,0,0
c5315.aag,glucose3,1710,0.000001,UNSAT,0,0
c5315.aag,glucose3,1711,0.000001,UNSAT,0,0
c5315.aag,glucose3,97,0.000001,UNSAT,0,0
c5315.aag,glucose3,1712,0.000001,UNSAT,0,0
c5315.aag,glucose3,874,0.000001,UNSAT,0,0
c5315.aag,glucose3,324,0.000001,UNSAT,0,0
c5315.aag,glucose3,1713,0.000001,UNSAT,0,0
c5315.aag,glucose3,1714,0.000001,UNSAT,0,0
c5315.aag,glucose3,1715,0.000001,UNSAT,0,0
c5315.aag,glucose3,1403,0.000001,UNSAT,0,0
c5315.aag,glucose3,1716,0.000001,UNSAT,0,0
c5315.aag,glucose3,1250,0.000001,UNSAT,0,0
c5315.aag,glucose3,1717,0.000001,UNSAT,0,0
c5315.aag,glucose3,1525,0.000001,UNSAT,0,0
c5315.aag,glucose3,1002,0.000001,UNSAT,0,0
c5315.aag,glucose3,1718,0.000001,UNSAT,0,0
c5315.aag,glucose3,1719,0.000001,UNSAT,0,0
c5315.aag,glucose3,1720,0.000001,UNSAT,0,0
c5315.aag,glucose3,1649,0.000001,UNSAT,0,0
c5315.aag,glucose3,1048,0.000001,UNSAT,0,0
c5315.aag,glucose3,1138,0.000001,UNSAT,0,0
c5315.aag,glucose3,1518,0.000001,UNSAT,0,0
c5315.aag,glucose3,54,0.000001,UNSAT,0,0
c5315.aag,glucose3,1016,0.000001,UNSAT,0,0
c5315.aag,glucose3,1721,0.000001,UNSAT,0,0
c5315.aag,glucose3,1722,0.000002,UNSAT,0,0
c5315.aag,glucose3,1723,0.000001,UNSAT,0,0
c5315.aag,glucose3,932,0.000001,UNSAT,0,0
c5315.aag,glucose3,1638,0.000001,UNSAT,0,0
c5315.aag,glucose3,1724,0.000001,UNSAT,0,0
c5315.aag,glucose3,1472,0.000001,UNSAT,0,0
c5315.aag,glucose3,1446,0.000001,UNSAT,0,0
c5315.aag,glucose3,1621,0.000001,UNSAT,0,0
c5315.aag,glucose3,1507,0.000001,UNSAT,0,0
c5315.aag,glucose3,1049,0.000001,UNSAT,0,0
c5315.aag,glucose3,1007,0.000001,UNSAT,0,0
c5315.aag,glucose3,1725,0.000001,UNSAT,0,0
c5315.aag,glucose3,1726,0.000001,UNSAT,0,0
c5315.aag,glucose3,1270,0.000001,UNSAT,0,0
c5315.aag,glucose3,852,0.000001,UNSAT,0,0
c5315.aag,glucose3,1727,0.000001,UNSAT,0,0
c5315.aag,glucose3,1728,0.000001,UNSAT,0,0
c5315.aag,glucose3,1729,0.000001,UNSAT,0,0
c5315.aag,glucose3,1730,0.000001,UNSAT,0,0
c5315.aag,glucose3,1673,0.000001,UNSAT,0,0
c5315.aag,glucose3,1497,0.000001,UNSAT,0,0
c5315.aag,glucose3,1731,0.000001,UNSAT,0,0
c5315.aag,glucose3,1138,0.000001,UNSAT,0,0
c5315.aag,glucose3,1412,0.000001,UNSAT,0,0
c5315.aag,glucose3,1732,0.000001,UNSAT,0,0
c5315.aag,glucose3,1733,0.000001,UNSAT,0,0
c5315.aag,glucose3,1734,0.000001,UNSAT,0,0
c5315.aag,glucose3,177,0.000002,UNSAT,0,0
c5315.aag,glucose3,951,0.000001,UNSAT,0,0
c5315.aag,glucose3,1735,0.000001,UNSAT,0,0
c5315.aag,glucose3,1682,0.000001,UNSAT,0,0
c5315.aag,glucose3,1648,0.000001,UNSAT,0,0
c5315.aag,glucose3,1280,0.000001,UNSAT,0,0
c5315.aag,glucose3,1289,0.000001,UNSAT,0,0
c5315.aag,glucose3,1736,0.000001,UNSAT,0,0
c5315.aag,glucose3,1147,0.000001,UNSAT,0,0
c5315.aag,glucose3,1737,0.000001,UNSAT,0,0
c5315.aag,glucose3,1238,0.000001,UNSAT,0,0
c5315.aag,glucose3,1138,0.000001,UNSAT,0,0
c5315.aag,glucose3,1138,0.000001,UNSAT,0,0
c5315.aag,glucose3,1738,0.000001,UNSAT,0,0
c5315.aag,glucose3,1134,0.000001,UNSAT,0,0
c5315.aag,glucose3,1136,0.000001,UNSAT,0,0
c5315.aag,glucose4,1685,0.000005,UNSAT,0,0
c5315.aag,glucose4,1686,0.000002,UNSAT,0,0
c5315.aag,glucose4,1330,0.000001,UNSAT,0,0
c5315.aag,glucose4,1687,0.000001,UNSAT,0,0
c5315.aag,glucose4,1553,0.000001,UNSAT,0,0
c5315.aag,glucose4,1688,0.000001,UNSAT,0,0
c5315.aag,glucose4,1445,0.000001,UNSAT,0,0
c5315.aag,glucose4,1533,0.000001,UNSAT,0,0
c5315.aag,glucose4,1453,0.000001,UNSAT,0,0
c5315.aag,glucose4,1689,0.000001,UNSAT,0,0
c5315.aag,glucose4,1690,0.000001,UNSAT,0,0
c5315.aag,glucose4,1691,0.000001,UNSAT,0,0
c5315.aag,glucose4,1692,0.000001,UNSAT,0,0
c5315.aag,glucose4,859,0.000001,UNSAT,0,0
c5315.aag,glucose4,1074,0.000001,UNSAT,0,0
c5315.aag,glucose4,1204,0.000001,UNSAT,0,0
c5315.aag,glucose4,1684,0.000001,UNSAT,0,0
c5315.aag,glucose4,1649,0.000001,UNSAT,0,0
c5315.aag,glucose4,1399,0.000001,UNSAT,0,0
c5315.aag,glucose4,1693,0.000002,UNSAT,0,0
c5315.aag,glucose4,1694,0.000001,UNSAT,0,0
c5315.aag,glucose4,1390,0.000001,UNSAT,0,0
c5315.aag,glucose4,1695,0.000001,UNSAT,0,0
c5315.aag,glucose4,1696,0.000001,UNSAT,0,0
c5315.aag,glucose4,1697,0.000001,UNSAT,0,0
c5315.aag,glucose4,1698,0.000001,UNSAT,0,0
c5315.aag,glucose4,1699,0.000001,UNSAT,0,0
c5315.aag,glucose4,1700,0.000001,UNSAT,0,0
c5315.aag,glucose4,252,0.000002,UNSAT,0,0
c5315.aag,glucose4,1302,0.000001,UNSAT,0,0
c5315.aag,glucose4,1701,0.000001,UNSAT,0,0
c5315.aag,glucose4,1364,0.000001,UNSAT,0,0
c5315.aag,glucose4,1204,0.000001,UNSAT,0,0
c5315.aag,glucose4,1134,0.000001,UNSAT,0,0
c5315.aag,glucose4,323,0.000001,UNSAT,0,0
c5315.aag,glucose4,1702,0.000001,UNSAT,0,0
c5315.aag,glucose4,1703,0.000001,UNSAT,0,0
c5315.aag,glucose4,1704,0.000005,UNSAT,0,0
c5315.aag,glucose4,1340,0.000002,UNSAT,0,0
c5315.aag,glucose4,1227,0.000002,UNSAT,0,0
c5315.aag,glucose4,1544,0.000002,UNSAT,0,0
c5315.aag,glucose4,175,0.000002,UNSAT,0,0
c5315.aag,glucose4,318,0.000002,UNSAT,0,0
c5315.aag,glucose4,175,0.000002,UNSAT,0,0
c5315.aag,glucose4,1705,0.000002,UNSAT,0,0
c5315.aag,glucose4,1300,0.000002,UNSAT,0,0
c5315.aag,glucose4,1096,0.000002,UNSAT,0,0
c5315.aag,glucose4,1138,0.000002,UNSAT,0,0
c5315.aag,glucose4,956,0.000002,UNSAT,0,0
c5315.aag,glucose4,1706,0.000002,UNSAT,0,0
c5315.aag,glucose4,1707,0.000002,UNSAT,0,0
c5315.aag,glucose4,1708,0.000002,UNSAT,0,0
c5315.aag,glucose4,1709,0.000002,UNSAT,0,0
c5315.aag,glucose4,981,0.000002,UNSAT,0,0
c5315.aag,glucose4,1322,0.000002,UNSAT,0,0
c5315.aag,glucose4,1710,0.000002,UNSAT,0,0
c5315.aag,glucose4,1711,0.000004,UNSAT,0,0
c5315.aag,glucose4,97,0.000002,UNSAT,0,0
c5315.aag,glucose4,1712,0.000002,UNSAT,0,0
c5315.aag,glucose4,874,0.000002,UNSAT,0,0
c5315.aag,glucose4,324,0.000002,UNSAT,0,0
c5315.aag,glucose4,1713,0.000002,UNSAT,0,0
c5315.aag,glucose4,1714,0.000002,UNSAT,0,0
c5315.aag,glucose4,1715,0.000002,UNSAT,0,0
c5315.aag,glucose4,1403,0.000002,UNSAT,0,0
c5315.aag,glucose4,1716,0.000002,UNSAT,0,0
c5315.aag,glucose4,1250,0.000002,UNSAT,0,0
c5315.aag,glucose4,1717,0.000002,UNSAT,0,0
c5315.aag,glucose4,1525,0.000002,UNSAT,0,0
c5315.aag,glucose4,1002,0.000002,UNSAT,0,0
c5315.aag,glucose4,1718,0.000003,UNSAT,0,0
c5315.aag,glucose4,1719,0.000002,UNSAT,0,0
c5315.aag,glucose4,1720,0.000002,UNSAT,0,0
c5315.aag,glucose4,1649,0.000002,UNSAT,0,0
c5315.aag,glucose4,1048,0.000002,UNSAT,0,0
c5315.aag,glucose4,1138,0.000002,UNSAT,0,0
c5315.aag,glucose4,1518,0.000002,UNSAT,0,0
c5315.aag,glucose4,54,0.000002,UNSAT,0,0
c5315.aag,glucose4,1016,0.000002,UNSAT,0,0
c5315.aag,glucose4,1721,0.000002,UNSAT,0,0
c5315.aag,glucose4,1722,0.000003,UNSAT,0,0
c5315.aag,glucose4,1723,0.000002,UNSAT,0,0
c5315.aag,glucose4,932,0.000002,UNSAT,0,0
c5315.aag,glucose4,1638,0.000002,UNSAT,0,0
c5315.aag,glucose4,1724,0.000002,UNSAT,0,0
c5315.aag,glucose4,1472,0.000002,UNSAT,0,0
c5315.aag,glucose4,1446,0.000002,UNSAT,0,0
c5315.aag,glucose4,1621,0.000002,UNSAT,0,0
c5315.aag,glucose4,1507,0.000002,UNSAT,0,0
c5315.aag,glucose4,1049,0.000002,UNSAT,0,0
c5315.aag,glucose4,1007,0.000002,UNSAT,0,0
c5315.aag,glucose4,1725,0.000002,UNSAT,0,0
c5315.aag,glucose4,1726,0.000002,UNSAT,0,0
c5315.aag,glucose4,1270,0.000002,UNSAT,0,0
c5315.aag,glucose4,852,0.000002,UNSAT,0,0
c5315.aag,glucose4,1727,0.000002,UNSAT,0,0
c5315.aag,glucose4,1728,0.000002,UNSAT,0,0
c5315.aag,glucose4,1729,0.000001,UNSAT,0,0
c5315.aag,glucose4,1730,0.000001,UNSAT,0,0
c5315.aag,glucose4,1673,0.000005,UNSAT,0,0
c5315.aag,glucose4,1497,0.000001,UNSAT,0,0
c5315.aag,glucose4,1731,0.000001,UNSAT,0,0
c5315.aag,glucose4,1138,0.000001,UNSAT,0,0
c5315.aag,glucose4,1412,0.000001,UNSAT,0,0
c5315.aag,glucose4,1732,0.000001,UNSAT,0,0
c5315.aag,glucose4,1733,0.000001,UNSAT,0,0
c5315.aag,glucose4,1734,0.000001,UNSAT,0,0
c5315.aag,glucose4,177,0.000001,UNSAT,0,0
c5315.aag,glucose4,951,0.000001,UNSAT,0,0
c5315.aag,glucose4,1735,0.000001,UNSAT,0,0
c5315.aag,glucose4,1682,0.000001,UNSAT,0,0
c5315.aag,glucose4,1648,0.000001,UNSAT,0,0
c5315.aag,glucose4,1280,0.000002,UNSAT,0,0
c5315.aag,glucose4,1289,0.000001,UNSAT,0,0
c5315.aag,glucose4,1736,0.000001,UNSAT,0,0
c5315.aag,glucose4,1147,0.000002,UNSAT,0,0
c5315.aag,glucose4,1737,0.000001,UNSAT,0,0
c5315.aag,glucose4,1238,0.000001,UNSAT,0,0
c5315.aag,glucose4,1138,0.000001,UNSAT,0,0
c5315.aag,glucose4,1138,0.000001,UNSAT,0,0
c5315.aag,glucose4,1738,0.000001,UNSAT,0,0
c5315.aag,glucose4,1134,0.000001,UNSAT,0,0
c5315.aag,glucose4,1136,0.000001,UNSAT,0,0
c5315.aag,maplechrono,1685,0.000007,UNSAT,0,0
c5315.aag,maplechrono,1686,0.000003,UNSAT,0,0
c5315.aag,maplechrono,1330,0.000002,UNSAT,0,0
c5315.aag,maplechrono,1687,0.000002,UNSAT,0,0
c5315.aag,maplechrono,1553,0.000003,UNSAT,0,0
c5315.aag,maplechrono,1688,0.000002,UNSAT,0,0
c5315.aag,maplechrono,1445,0.000002,UNSAT,0,0
c5315.aag,maplechrono,1533,0.000002,UNSAT,0,0
c5315.aag,maplechrono,1453,0.000002,UNSAT,0,0
c5315.aag,maplechrono,1689,0.000002,UNSAT,0,0
c5315.aag,maplechrono,1690,0.000002,UNSAT,0,0
c5315.aag,maplechrono,1691,0.000002,UNSAT,0,0
c5315.aag,maplechrono,1692,0.000002,UNSAT,0,0
c5315.aag,maplechrono,859,0.000002,UNSAT,0,0
c5315.aag,maplechrono,1074,0.000002,UNSAT,0,0
c5315.aag,maplechrono,1204,0.000002,UNSAT,0,0
c5315.aag,maplechrono,1684,0.000002,UNSAT,0,0
c5315.aag,maplechrono,1649,0.000002,UNSAT,0,0
c5315.aag,maplechrono,1399,0.000002,UNSAT,0,0
c5315.aag,maplechrono,1693,0.000002,UNSAT,0,0
c5315.aag,maplechrono,1694,0.000002,UNSAT,0,0
c5315.aag,maplechrono,1390,0.000002,UNSAT,0,0
c5315.aag,maplechrono,1695,0.000002,UNSAT,0,0
c5315.aag,maplechrono,1696,0.000002,UNSAT,0,0
c5315.aag,maplechrono,1697,0.000002,UNSAT,0,0
c5315.aag,maplechrono,1698,0.000002,UNSAT,0,0
c5315.aag,maplechrono,1699,0.000002,UNSAT,0,0
c5315.aag,maplechrono,1700,0.000002,UNSAT,0,0
c5315.aag,maplechrono,252,0.000003,UNSAT,0,0
c5315.aag,maplechrono,1302,0.000002,UNSAT,0,0
c5315.aag,maplechrono,1701,0.000002,UNSAT,0,0
c5315.aag,maplechrono,1364,0.000002,UNSAT,0,0
c5315.aag,maplechrono,1204,0.000002,UNSAT,0,0
c5315.aag,maplechrono,1134,0.000002,UNSAT,0,0
c5315.aag,maplechrono,323,0.000002,UNSAT,0,0
c5315.aag,maplechrono,1702,0.000002,UNSAT,0,0
c5315.aag,maplechrono,1703,0.000002,UNSAT,0,0
c5315.aag,maplechrono,1704,0.000002,UNSAT,0,0
c5315.aag,maplechrono,1340,0.000002,UNSAT,0,0
c5315.aag,maplechrono,1227,0.000002,UNSAT,0,0
c5315.aag,maplechrono,1544,0.000002,UNSAT,0,0
c5315.aag,maplechrono,175,0.000002,UNSAT,0,0
c5315.aag,maplechrono,318,0.000002,UNSAT,0,0
c5315.aag,maplechrono,175,0.000002,UNSAT,0,0
c5315.aag,maplechrono,1705,0.000002,UNSAT,0,0
c5315.aag,maplechrono,1300,0.000002,UNSAT,0,0
c5315.aag,maplechrono,1096,0.000002,UNSAT,0,0
c5315.aag,maplechrono,1138,0.000002,UNSAT,0,0
c5315.aag,maplechrono,956,0.000002,UNSAT,0,0
c5315.aag,maplechrono,1706,0.000002,UNSAT,0,0
c5315.aag,maplechrono,1707,0.000002,UNSAT,0,0
c5315.aag,maplechrono,1708,0.000002,UNSAT,0,0
c5315.aag,maplechrono,1709,0.000003,UNSAT,0,0
c5315.aag,maplechrono,981,0.000003,UNSAT,0,0
c5315.aag,maplechrono,1322,0.000002,UNSAT,0,0
c5315.aag,maplechrono,1710,0.000002,UNSAT,0,0
c5315.aag,maplechrono,1711,0.000002,UNSAT,0,0
c5315.aag,maplechrono,97,0.000002,UNSAT,0,0
c5315.aag,maplechrono,1712,0.000002,UNSAT,0,0
c5315.aag,maplechrono,874,0.000002,UNSAT,0,0
c5315.aag,maplechrono,324,0.000002,UNSAT,0,0
c5315.aag,maplechrono,1713,0.000002,UNSAT,0,0
c5315.aag,maplechrono,1714,0.000002,UNSAT,0,0
c5315.aag,maplechrono,1715,0.000002,UNSAT,0,0
c5315.aag,maplechrono,1403,0.000002,UNSAT,0,0
c5315.aag,maplechrono,1716,0.000002,UNSAT,0,0
c5315.aag,maplechrono,1250,0.000002,UNSAT,0,0
c5315.aag,maplechrono,1717,0.000002,UNSAT,0,0
c5315.aag,maplechrono,1525,0.000002,UNSAT,0,0
c5315.aag,maplechrono,1002,0.000002,UNSAT,0,0
c5315.aag,maplechrono,1718,0.000002,UNSAT,0,0
c5315.aag,maplechrono,1719,0.000002,UNSAT,0,0
c5315.aag,maplechrono,1720,0.000002,UNSAT,0,0
c5315.aag,maplechrono,1649,0.000002,UNSAT,0,0
c5315.aag,maplechrono,1048,0.000002,UNSAT,0,0
c5315.aag,maplechrono,1138,0.000002,UNSAT,0,0
c5315.aag,maplechrono,1518,0.000002,UNSAT,0,0
c5315.aag,maplechrono,54,0.000002,UNSAT,0,0
c5315.aag,maplechrono,1016,0.000002,UNSAT,0,0
c5315.aag,maplechrono,1721,0.000002,UNSAT,0,0
c5315.aag,maplechrono,1722,0.000003,UNSAT,0,0
c5315.aag,maplechrono,1723,0.000002,UNSAT,0,0
c5315.aag,maplechrono,932,0.000002,UNSAT,0,0
c5315.aag,maplechrono,1638,0.000002,UNSAT,0,0
c5315.aag,maplechrono,1724,0.000002,UNSAT,0,0
c5315.aag,maplechrono,1472,0.000002,UNSAT,0,0
c5315.aag,maplechrono,1446,0.000002,UNSAT,0,0
c5315.aag,maplechrono,1621,0.000002,UNSAT,0,0
c5315.aag,maplechrono,1507,0.000002,UNSAT,0,0
c5315.aag,maplechrono,1049,0.000002,UNSAT,0,0
c5315.aag,maplechrono,1007,0.000002,UNSAT,0,0
c5315.aag,maplechrono,1725,0.000002,UNSAT,0,0
c5315.aag,maplechrono,1726,0.000002,UNSAT,0,0
c5315.aag,maplechrono,1270,0.000002,UNSAT,0,0
c5315.aag,maplechrono,852,0.000005,UNSAT,0,0
c5315.aag,maplechrono,1727,0.000003,UNSAT,0,0
c5315.aag,maplechrono,1728,0.000003,UNSAT,0,0
c5315.aag,maplechrono,1729,0.000002,UNSAT,0,0
c5315.aag,maplechrono,1730,0.000002,UNSAT,0,0
c5315.aag,maplechrono,1673,0.000002,UNSAT,0,0
c5315.aag,maplechrono,1497,0.000002,UNSAT,0,0
c5315.aag,maplechrono,1731,0.000002,UNSAT,0,0
c5315.aag,maplechrono,1138,0.000002,UNSAT,0,0
c5315.aag,maplechrono,1412,0.000002,UNSAT,0,0
c5315.aag,maplechrono,1732,0.000002,UNSAT,0,0
c5315.aag,maplechrono,1733,0.000002,UNSAT,0,0
c5315.aag,maplechrono,1734,0.000002,UNSAT,0,0
c5315.aag,maplechrono,177,0.000002,UNSAT,0,0
c5315.aag,maplechrono,951,0.000002,UNSAT,0,0
c5315.aag,maplechrono,1735,0.000002,UNSAT,0,0
c5315.aag,maplechrono,1682,0.000002,UNSAT,0,0
c5315.aag,maplechrono,1648,0.000002,UNSAT,0,0
c5315.aag,maplechrono,1280,0.000002,UNSAT,0,0
c5315.aag,maplechrono,1289,0.000002,UNSAT,0,0
c5315.aag,maplechrono,1736,0.000002,UNSAT,0,0
c5315.aag,maplechrono,1147,0.000002,UNSAT,0,0
c5315.aag,maplechrono,1737,0.000002,UNSAT,0,0
c5315.aag,maplechrono,1238,0.000002,UNSAT,0,0
c5315.aag,maplechrono,1138,0.000002,UNSAT,0,0
c5315.aag,maplechrono,1138,0.000002,UNSAT,0,0
c5315.aag,maplechrono,1738,0.000002,UNSAT,0,0
c5315.aag,maplechrono,1134,0.000002,UNSAT,0,0
c5315.aag,maplechrono,1136,0.000002,UNSAT,0,0
c5315.aag,cadical153,1685,0.000008,UNSAT,0,0
c5315.aag,cadical153,1686,0.000003,UNSAT,0,0
c5315.aag,cadical153,1330,0.000002,UNSAT,0,0
c5315.aag,cadical153,1687,0.000001,UNSAT,0,0
c5315.aag,cadical153,1553,0.000001,UNSAT,0,0
c5315.aag,cadical153,1688,0.000001,UNSAT,0,0
c5315.aag,cadical153,1445,0.000001,UNSAT,0,0
c5315.aag,cadical153,1533,0.000001,UNSAT,0,0
c5315.aag,cadical153,1453,0.000001,UNSAT,0,0
c5315.aag,cadical153,1689,0.000002,UNSAT,0,0
c5315.aag,cadical153,1690,0.000001,UNSAT,0,0
c5315.aag,cadical153,1691,0.000002,UNSAT,0,0
c5315.aag,cadical153,1692,0.000001,UNSAT,0,0
c5315.aag,cadical153,859,0.000001,UNSAT,0,0
c5315.aag,cadical153,1074,0.000001,UNSAT,0,0
c5315.aag,cadical153,1204,0.000001,UNSAT,0,0
c5315.aag,cadical153,1684,0.000001,UNSAT,0,0
c5315.aag,cadical153,1649,0.000002,UNSAT,0,0
c5315.aag,cadical153,1399,0.000001,UNSAT,0,0
c5315.aag,cadical153,1693,0.000002,UNSAT,0,0
c5315.aag,cadical153,1694,0.000001,UNSAT,0,0
c5315.aag,cadical153,1390,0.000001,UNSAT,0,0
c5315.aag,cadical153,1695,0.000001,UNSAT,0,0
c5315.aag,cadical153,1696,0.000001,UNSAT,0,0
c5315.aag,cadical153,1697,0.000001,UNSAT,0,0
c5315.aag,cadical153,1698,0.000002,UNSAT,0,0
c5315.aag,cadical153,1699,0.000001,UNSAT,0,0
c5315.aag,cadical153,1700,0.000001,UNSAT,0,0
c5315.aag,cadical153,252,0.000001,UNSAT,0,0
c5315.aag,cadical153,1302,0.000002,UNSAT,0,0
c5315.aag,cadical153,1701,0.000001,UNSAT,0,0
c5315.aag,cadical153,1364,0.000001,UNSAT,0,0
c5315.aag,cadical153,1204,0.000001,UNSAT,0,0
c5315.aag,cadical153,1134,0.000001,UNSAT,0,0
c5315.aag,cadical153,323,0.000002,UNSAT,0,0
c5315.aag,cadical153,1702,0.000002,UNSAT,0,0
c5315.aag,cadical153,1703,0.000001,UNSAT,0,0
c5315.aag,cadical153,1704,0.000001,UNSAT,0,0
c5315.aag,cadical153,1340,0.000002,UNSAT,0,0
c5315.aag,cadical153,1227,0.000001,UNSAT,0,0
c5315.aag,cadical153,1544,0.000001,UNSAT,0,0
c5315.aag,cadical153,175,0.000001,UNSAT,0,0
c5315.aag,cadical153,318,0.000001,UNSAT,0,0
c5315.aag,cadical153,175,0.000001,UNSAT,0,0
c5315.aag,cadical153,1705,0.000001,UNSAT,0,0
c5315.aag,cadical153,1300,0.000001,UNSAT,0,0
c5315.aag,cadical153,1096,0.000001,UNSAT,0,0
c5315.aag,cadical153,1138,0.000001,UNSAT,0,0
c5315.aag,cadical153,956,0.000001,UNSAT,0,0
c5315.aag,cadical153,1706,0.000001,UNSAT,0,0
c5315.aag,cadical153,1707,0.000001,UNSAT,0,0
c5315.aag,cadical153,1708,0.000002,UNSAT,0,0
c5315.aag,cadical153,1709,0.000001,UNSAT,0,0
c5315.aag,cadical153,981,0.000001,UNSAT,0,0
c5315.aag,cadical153,1322,0.000001,UNSAT,0,0
c5315.aag,cadical153,1710,0.000001,UNSAT,0,0
c5315.aag,cadical153,1711,0.000001,UNSAT,0,0
c5315.aag,cadical153,97,0.000002,UNSAT,0,0
c5315.aag,cadical153,1712,0.000001,UNSAT,0,0
c5315.aag,cadical153,874,0.000001,UNSAT,0,0
c5315.aag,cadical153,324,0.000001,UNSAT,0,0
c5315.aag,cadical153,1713,0.000001,UNSAT,0,0
c5315.aag,cadical153,1714,0.000001,UNSAT,0,0
c5315.aag,cadical153,1715,0.000001,UNSAT,0,0
c5315.aag,cadical153,1403,0.000001,UNSAT,0,0
c5315.aag,cadical153,1716,0.000001,UNSAT,0,0
c5315.aag,cadical153,1250,0.000001,UNSAT,0,0
c5315.aag,cadical153,1717,0.000001,UNSAT,0,0
c5315.aag,cadical153,1525,0.000001,UNSAT,0,0
c5315.aag,cadical153,1002,0.000001,UNSAT,0,0
c5315.aag,cadical153,1718,0.000002,UNSAT,0,0
c5315.aag,cadical153,1719,0.000001,UNSAT,0,0
c5315.aag,cadical153,1720,0.000002,UNSAT,0,0
c5315.aag,cadical153,1649,0.000002,UNSAT,0,0
c5315.aag,cadical153,1048,0.000001,UNSAT,0,0
c5315.aag,cadical153,1138,0.000001,UNSAT,0,0
c5315.aag,cadical153,1518,0.000001,UNSAT,0,0
c5315.aag,cadical153,54,0.000001,UNSAT,0,0
c5315.aag,cadical153,1016,0.000001,UNSAT,0,0
c5315.aag,cadical153,1721,0.000002,UNSAT,0,0
c5315.aag,cadical153,1722,0.000001,UNSAT,0,0
c5315.aag,cadical153,1723,0.000001,UNSAT,0,0
c5315.aag,cadical153,932,0.000002,UNSAT,0,0
c5315.aag,cadical153,1638,0.000001,UNSAT,0,0
c5315.aag,cadical153,1724,0.000001,UNSAT,0,0
c5315.aag,cadical153,1472,0.000002,UNSAT,0,0
c5315.aag,cadical153,1446,0.000001,UNSAT,0,0
c5315.aag,cadical153,1621,0.000001,UNSAT,0,0
c5315.aag,cadical153,1507,0.000001,UNSAT,0,0
c5315.aag,cadical153,1049,0.000001,UNSAT,0,0
c5315.aag,cadical153,1007,0.000001,UNSAT,0,0
c5315.aag,cadical153,1725,0.000001,UNSAT,0,0
c5315.aag,cadical153,1726,0.000001,UNSAT,0,0
c5315.aag,cadical153,1270,0.000001,UNSAT,0,0
c5315.aag,cadical153,852,0.000002,UNSAT,0,0
c5315.aag,cadical153,1727,0.000001,UNSAT,0,0
c5315.aag,cadical153,1728,0.000001,UNSAT,0,0
c5315.aag,cadical153,1729,0.000002,UNSAT,0,0
c5315.aag,cadical153,1730,0.000001,UNSAT,0,0
c5315.aag,cadical153,1673,0.000002,UNSAT,0,0
c5315.aag,cadical153,1497,0.000002,UNSAT,0,0
c5315.aag,cadical153,1731,0.000001,UNSAT,0,0
c5315.aag,cadical153,1138,0.000002,UNSAT,0,0
c5315.aag,cadical153,1412,0.000002,UNSAT,0,0
c5315.aag,cadical153,1732,0.000001,UNSAT,0,0
c5315.aag,cadical153,1733,0.000001,UNSAT,0,0
c5315.aag,cadical153,1734,0.000001,UNSAT,0,0
c5315.aag,cadical153,177,0.000001,UNSAT,0,0
c5315.aag,cadical153,951,0.000001,UNSAT,0,0
c5315.aag,cadical153,1735,0.000001,UNSAT,0,0
c5315.aag,cadical153,1682,0.000001,UNSAT,0,0
c5315.aag,cadical153,1648,0.000001,UNSAT,0,0
c5315.aag,cadical153,1280,0.000001,UNSAT,0,0
c5315.aag,cadical153,1289,0.000001,UNSAT,0,0
c5315.aag,cadical153,1736,0.000001,UNSAT,0,0
c5315.aag,cadical153,1147,0.000001,UNSAT,0,0
c5315.aag,cadical153,1737,0.000001,UNSAT,0,0
c5315.aag,cadical153,1238,0.000001,UNSAT,0,0
c5315.aag,cadical153,1138,0.000002,UNSAT,0,0
c5315.aag,cadical153,1138,0.000001,UNSAT,0,0
c5315.aag,cadical153,1738,0.000001,UNSAT,0,0
c5315.aag,cadical153,1134,0.000001,UNSAT,0,0
c5315.aag,cadical153,1136,0.000001,UNSAT,0,0
c5315.aag,lingeling,1685,0.000055,UNSAT,0,0
c5315.aag,lingeling,1686,0.000043,UNSAT,0,0
c5315.aag,lingeling,1330,0.000042,UNSAT,0,0
c5315.aag,lingeling,1687,0.000042,UNSAT,0,0
c5315.aag,lingeling,1553,0.000041,UNSAT,0,0
c5315.aag,lingeling,1688,0.000042,UNSAT,0,0
c5315.aag,lingeling,1445,0.000042,UNSAT,0,0
c5315.aag,lingeling,1533,0.000042,UNSAT,0,0
c5315.aag,lingeling,1453,0.000042,UNSAT,0,0
c5315.aag,lingeling,1689,0.000042,UNSAT,0,0
c5315.aag,lingeling,1690,0.000042,UNSAT,0,0
c5315.aag,lingeling,1691,0.000042,UNSAT,0,0
c5315.aag,lingeling,1692,0.000042,UNSAT,0,0
c5315.aag,lingeling,859,0.000042,UNSAT,0,0
c5315.aag,lingeling,1074,0.000042,UNSAT,0,0
c5315.aag,lingeling,1204,0.000042,UNSAT,0,0
c5315.aag,lingeling,1684,0.000042,UNSAT,0,0
c5315.aag,lingeling,1649,0.000048,UNSAT,0,0
c5315.aag,lingeling,1399,0.000043,UNSAT,0,0
c5315.aag,lingeling,1693,0.000042,UNSAT,0,0
c5315.aag,lingeling,1694,0.000042,UNSAT,0,0
c5315.aag,lingeling,1390,0.000042,UNSAT,0,0
c5315.aag,lingeling,1695,0.000042,UNSAT,0,0
c5315.aag,lingeling,1696,0.000042,UNSAT,0,0
c5315.aag,lingeling,1697,0.000042,UNSAT,0,0
c5315.aag,lingeling,1698,0.000088,UNSAT,0,0
c5315.aag,lingeling,1699,0.000076,UNSAT,0,0
c5315.aag,lingeling,1700,0.000072,UNSAT,0,0
c5315.aag,lingeling,252,0.000044,UNSAT,0,0
c5315.aag,lingeling,1302,0.000042,UNSAT,0,0
c5315.aag,lingeling,1701,0.000042,UNSAT,0,0
c5315.aag,lingeling,1364,0.000042,UNSAT,0,0
c5315.aag,lingeling,1204,0.000042,UNSAT,0,0
c5315.aag,lingeling,1134,0.000042,UNSAT,0,0
c5315.aag,lingeling,323,0.000042,UNSAT,0,0
c5315.aag,lingeling,1702,0.000042,UNSAT,0,0
c5315.aag,lingeling,1703,0.000046,UNSAT,0,0
c5315.aag,lingeling,1704,0.000042,UNSAT,0,0
c5315.aag,lingeling,1340,0.000042,UNSAT,0,0
c5315.aag,lingeling,1227,0.000042,UNSAT,0,0
c5315.aag,lingeling,1544,0.000042,UNSAT,0,0
c5315.aag,lingeling,175,0.000042,UNSAT,0,0
c5315.aag,lingeling,318,0.000042,UNSAT,0,0
c5315.aag,lingeling,175,0.000069,UNSAT,0,0
c5315.aag,lingeling,1705,0.000072,UNSAT,0,0
c5315.aag,lingeling,1300,0.000044,UNSAT,0,0
c5315.aag,lingeling,1096,0.000043,UNSAT,0,0
c5315.aag,lingeling,1138,0.000042,UNSAT,0,0
c5315.aag,lingeling,956,0.000042,UNSAT,0,0
c5315.aag,lingeling,1706,0.000042,UNSAT,0,0
c5315.aag,lingeling,1707,0.000042,UNSAT,0,0
c5315.aag,lingeling,1708,0.000042,UNSAT,0,0
c5315.aag,lingeling,1709,0.000042,UNSAT,0,0
c5315.aag,lingeling,981,0.000042,UNSAT,0,0
c5315.aag,lingeling,1322,0.000042,UNSAT,0,0
c5315.aag,lingeling,1710,0.000042,UNSAT,0,0
c5315.aag,lingeling,1711,0.000042,UNSAT,0,0
c5315.aag,lingeling,97,0.000061,UNSAT,0,0
c5315.aag,lingeling,1712,0.000044,UNSAT,0,0
c5315.aag,lingeling,874,0.000042,UNSAT,0,0
c5315.aag,lingeling,324,0.000042,UNSAT,0,0
c5315.aag,lingeling,1713,0.000042,UNSAT,0,0
c5315.aag,lingeling,1714,0.000042,UNSAT,0,0
c5315.aag,lingeling,1715,0.000042,UNSAT,0,0
c5315.aag,lingeling,1403,0.000042,UNSAT,0,0
c5315.aag,lingeling,1716,0.000042,UNSAT,0,0
c5315.aag,lingeling,1250,0.000042,UNSAT,0,0
c5315.aag,lingeling,1717,0.000042,UNSAT,0,0
c5315.aag,lingeling,1525,0.000042,UNSAT,0,0
c5315.aag,lingeling,1002,0.000042,UNSAT,0,0
c5315.aag,lingeling,1718,0.000049,UNSAT,0,0
c5315.aag,lingeling,1719,0.000050,UNSAT,0,0
c5315.aag,lingeling,1720,0.000043,UNSAT,0,0
c5315.aag,lingeling,1649,0.000042,UNSAT,0,0
c5315.aag,lingeling,1048,0.000042,UNSAT,0,0
c5315.aag,lingeling,1138,0.000042,UNSAT,0,0
c5315.aag,lingeling,1518,0.000042,UNSAT,0,0
c5315.aag,lingeling,54,0.000042,UNSAT,0,0
c5315.aag,lingeling,1016,0.000042,UNSAT,0,0
c5315.aag,lingeling,1721,0.000042,UNSAT,0,0
c5315.aag,lingeling,1722,0.000046,UNSAT,0,0
c5315.aag,lingeling,1723,0.000042,UNSAT,0,0
c5315.aag,lingeling,932,0.000064,UNSAT,0,0
c5315.aag,lingeling,1638,0.000043,UNSAT,0,0
c5315.aag,lingeling,1724,0.000042,UNSAT,0,0
c5315.aag,lingeling,1472,0.000042,UNSAT,0,0
c5315.aag,lingeling,1446,0.000042,UNSAT,0,0
c5315.aag,lingeling,1621,0.000042,UNSAT,0,0
c5315.aag,lingeling,1507,0.000042,UNSAT,0,0
c5315.aag,lingeling,1049,0.000052,UNSAT,0,0
c5315.aag,lingeling,1007,0.000043,UNSAT,0,0
c5315.aag,lingeling,1725,0.000042,UNSAT,0,0
c5315.aag,lingeling,1726,0.000042,UNSAT,0,0
c5315.aag,lingeling,1270,0.000042,UNSAT,0,0
c5315.aag,lingeling,852,0.000042,UNSAT,0,0
c5315.aag,lingeling,1727,0.000042,UNSAT,0,0
c5315.aag,lingeling,1728,0.000042,UNSAT,0,0
c5315.aag,lingeling,1729,0.000042,UNSAT,0,0
c5315.aag,lingeling,1730,0.000042,UNSAT,0,0
c5315.aag,lingeling,1673,0.000042,UNSAT,0,0
c5315.aag,lingeling,1497,0.000042,UNSAT,0,0
c5315.aag,lingeling,1731,0.000042,UNSAT,0,0
c5315.aag,lingeling,1138,0.000047,UNSAT,0,0
c5315.aag,lingeling,1412,0.000042,UNSAT,0,0
c5315.aag,lingeling,1732,0.000042,UNSAT,0,0
c5315.aag,lingeling,1733,0.000042,UNSAT,0,0
c5315.aag,lingeling,1734,0.000042,UNSAT,0,0
c5315.aag,lingeling,177,0.000042,UNSAT,0,0
c5315.aag,lingeling,951,0.000042,UNSAT,0,0
c5315.aag,lingeling,1735,0.000042,UNSAT,0,0
c5315.aag,lingeling,1682,0.000042,UNSAT,0,0
c5315.aag,lingeling,1648,0.000042,UNSAT,0,0
c5315.aag,lingeling,1280,0.000042,UNSAT,0,0
c5315.aag,lingeling,1289,0.000042,UNSAT,0,0
c5315.aag,lingeling,1736,0.000042,UNSAT,0,0
c5315.aag,lingeling,1147,0.000042,UNSAT,0,0
c5315.aag,lingeling,1737,0.000049,UNSAT,0,0
c5315.aag,lingeling,1238,0.000043,UNSAT,0,0
c5315.aag,lingeling,1138,0.000043,UNSAT,0,0
c5315.aag,lingeling,1138,0.000042,UNSAT,0,0
c5315.aag,lingeling,1738,0.000042,UNSAT,0,0
c5315.aag,lingeling,1134,0.000042,UNSAT,0,0
c5315.aag,lingeling,1136,0.000042,UNSAT,0,0
c5315.aag,mergesat3,1685,0.000007,UNSAT,0,0
c5315.aag,mergesat3,1686,0.000002,UNSAT,0,0
c5315.aag,mergesat3,1330,0.000001,UNSAT,0,0
c5315.aag,mergesat3,1687,0.000001,UNSAT,0,0
c5315.aag,mergesat3,1553,0.000002,UNSAT,0,0
c5315.aag,mergesat3,1688,0.000002,UNSAT,0,0
c5315.aag,mergesat3,1445,0.000001,UNSAT,0,0
c5315.aag,mergesat3,1533,0.000001,UNSAT,0,0
c5315.aag,mergesat3,1453,0.000001,UNSAT,0,0
c5315.aag,mergesat3,1689,0.000001,UNSAT,0,0
c5315.aag,mergesat3,1690,0.000002,UNSAT,0,0
c5315.aag,mergesat3,1691,0.000001,UNSAT,0,0
c5315.aag,mergesat3,1692,0.000001,UNSAT,0,0
c5315.aag,mergesat3,859,0.000001,UNSAT,0,0
c5315.aag,mergesat3,1074,0.000001,UNSAT,0,0
c5315.aag,mergesat3,1204,0.000001,UNSAT,0,0
c5315.aag,mergesat3,1684,0.000001,UNSAT,0,0
c5315.aag,mergesat3,1649,0.000002,UNSAT,0,0
c5315.aag,mergesat3,1399,0.000001,UNSAT,0,0
c5315.aag,mergesat3,1693,0.000001,UNSAT,0,0
c5315.aag,mergesat3,1694,0.000001,UNSAT,0,0
c5315.aag,mergesat3,1390,0.000001,UNSAT,0,0
c5315.aag,mergesat3,1695,0.000001,UNSAT,0,0
c5315.aag,mergesat3,1696,0.000001,UNSAT,0,0
c5315.aag,mergesat3,1697,0.000001,UNSAT,0,0
c5315.aag,mergesat3,1698,0.000001,UNSAT,0,0
c5315.aag,mergesat3,1699,0.000001,UNSAT,0,0
c5315.aag,mergesat3,1700,0.000001,UNSAT,0,0
c5315.aag,mergesat3,252,0.000001,UNSAT,0,0
c5315.aag,mergesat3,1302,0.000001,UNSAT,0,0
c5315.aag,mergesat3,1701,0.000001,UNSAT,0,0
c5315.aag,mergesat3,1364,0.000001,UNSAT,0,0
c5315.aag,mergesat3,1204,0.000001,UNSAT,0,0
c5315.aag,mergesat3,1134,0.000001,UNSAT,0,0
c5315.aag,mergesat3,323,0.000001,UNSAT,0,0
c5315.aag,mergesat3,1702,0.000001,UNSAT,0,0
c5315.aag,mergesat3,1703,0.000001,UNSAT,0,0
c5315.aag,mergesat3,1704,0.000001,UNSAT,0,0
c5315.aag,mergesat3,1340,0.000001,UNSAT,0,0
c5315.aag,mergesat3,1227,0.000001,UNSAT,0,0
c5315.aag,mergesat3,1544,0.000001,UNSAT,0,0
c5315.aag,mergesat3,175,0.000001,UNSAT,0,0
c5315.aag,mergesat3,318,0.000001,UNSAT,0,0
c5315.aag,mergesat3,175,0.000001,UNSAT,0,0
c5315.aag,mergesat3,1705,0.000001,UNSAT,0,0
c5315.aag,mergesat3,1300,0.000001,UNSAT,0,0
c5315.aag,mergesat3,1096,0.000001,UNSAT,0,0
c5315.aag,mergesat3,1138,0.000001,UNSAT,0,0
c5315.aag,mergesat3,956,0.000001,UNSAT,0,0
c5315.aag,mergesat3,1706,0.000001,UNSAT,0,0
c5315.aag,mergesat3,1707,0.000002,UNSAT,0,0
c5315.aag,mergesat3,1708,0.000001,UNSAT,0,0
c5315.aag,mergesat3,1709,0.000001,UNSAT,0,0
c5315.aag,mergesat3,981,0.000001,UNSAT,0,0
c5315.aag,mergesat3,1322,0.000001,UNSAT,0,0
c5315.aag,mergesat3,1710,0.000001,UNSAT,0,0
c5315.aag,mergesat3,1711,0.000001,UNSAT,0,0
c5315.aag,mergesat3,97,0.000001,UNSAT,0,0
c5315.aag,mergesat3,1712,0.000001,UNSAT,0,0
c5315.aag,mergesat3,874,0.000001,UNSAT,0,0
c5315.aag,mergesat3,324,0.000001,UNSAT,0,0
c5315.aag,mergesat3,1713,0.000001,UNSAT,0,0
c5315.aag,mergesat3,1714,0.000001,UNSAT,0,0
c5315.aag,mergesat3,1715,0.000001,UNSAT,0,0
c5315.aag,mergesat3,1403,0.000001,UNSAT,0,0
c5315.aag,mergesat3,1716,0.000002,UNSAT,0,0
c5315.aag,mergesat3,1250,0.000001,UNSAT,0,0
c5315.aag,mergesat3,1717,0.000001,UNSAT,0,0
c5315.aag,mergesat3,1525,0.000001,UNSAT,0,0
c5315.aag,mergesat3,1002,0.000001,UNSAT,0,0
c5315.aag,mergesat3,1718,0.000001,UNSAT,0,0
c5315.aag,mergesat3,1719,0.000001,UNSAT,0,0
c5315.aag,mergesat3,1720,0.000001,UNSAT,0,0
c5315.aag,mergesat3,1649,0.000001,UNSAT,0,0
c5315.aag,mergesat3,1048,0.000003,UNSAT,0,0
c5315.aag,mergesat3,1138,0.000002,UNSAT,0,0
c5315.aag,mergesat3,1518,0.000001,UNSAT,0,0
c5315.aag,mergesat3,54,0.000001,UNSAT,0,0
c5315.aag,mergesat3,1016,0.000001,UNSAT,0,0
c5315.aag,mergesat3,1721,0.000001,UNSAT,0,0
c5315.aag,mergesat3,1722,0.000001,UNSAT,0,0
c5315.aag,mergesat3,1723,0.000001,UNSAT,0,0
c5315.aag,mergesat3,932,0.000001,UNSAT,0,0
c5315.aag,mergesat3,1638,0.000001,UNSAT,0,0
c5315.aag,mergesat3,1724,0.000001,UNSAT,0,0
c5315.aag,mergesat3,1472,0.000004,UNSAT,0,0
c5315.aag,mergesat3,1446,0.000002,UNSAT,0,0
c5315.aag,mergesat3,1621,0.000001,UNSAT,0,0
c5315.aag,mergesat3,1507,0.000001,UNSAT,0,0
c5315.aag,mergesat3,1049,0.000001,UNSAT,0,0
c5315.aag,mergesat3,1007,0.000001,UNSAT,0,0
c5315.aag,mergesat3,1725,0.000001,UNSAT,0,0
c5315.aag,mergesat3,1726,0.000001,UNSAT,0,0
c5315.aag,mergesat3,1270,0.000001,UNSAT,0,0
c5315.aag,mergesat3,852,0.000002,UNSAT,0,0
c5315.aag,mergesat3,1727,0.000003,UNSAT,0,0
c5315.aag,mergesat3,1728,0.000002,UNSAT,0,0
c5315.aag,mergesat3,1729,0.000002,UNSAT,0,0
c5315.aag,mergesat3,1730,0.000002,UNSAT,0,0
c5315.aag,mergesat3,1673,0.000003,UNSAT,0,0
c5315.aag,mergesat3,1497,0.000002,UNSAT,0,0
c5315.aag,mergesat3,1731,0.000002,UNSAT,0,0
c5315.aag,mergesat3,1138,0.000002,UNSAT,0,0
c5315.aag,mergesat3,1412,0.000001,UNSAT,0,0
c5315.aag,mergesat3,1732,0.000001,UNSAT,0,0
c5315.aag,mergesat3,1733,0.000001,UNSAT,0,0
c5315.aag,mergesat3,1734,0.000001,UNSAT,0,0
c5315.aag,mergesat3,177,0.000001,UNSAT,0,0
c5315.aag,mergesat3,951,0.000001,UNSAT,0,0
c5315.aag,mergesat3,1735,0.000001,UNSAT,0,0
c5315.aag,mergesat3,1682,0.000001,UNSAT,0,0
c5315.aag,mergesat3,1648,0.000001,UNSAT,0,0
c5315.aag,mergesat3,1280,0.000001,UNSAT,0,0
c5315.aag,mergesat3,1289,0.000001,UNSAT,0,0
c5315.aag,mergesat3,1736,0.000001,UNSAT,0,0
c5315.aag,mergesat3,1147,0.000001,UNSAT,0,0
c5315.aag,mergesat3,1737,0.000001,UNSAT,0,0
c5315.aag,mergesat3,1238,0.000001,UNSAT,0,0
c5315.aag,mergesat3,1138,0.000001,UNSAT,0,0
c5315.aag,mergesat3,1138,0.000001,UNSAT,0,0
c5315.aag,mergesat3,1738,0.000001,UNSAT,0,0
c5315.aag,mergesat3,1134,0.000001,UNSAT,0,0
c5315.aag,mergesat3,1136,0.000001,UNSAT,0,0
c1908.aag,minisat22,370,0.000162,SAT,1,0
c1908.aag,minisat22,444,0.000036,SAT,1,0
c1908.aag,minisat22,259,0.000020,SAT,1,0
c1908.aag,minisat22,434,0.000015,SAT,1,0
c1908.aag,minisat22,387,0.000012,SAT,1,0
c1908.aag,minisat22,355,0.000011,SAT,1,0
c1908.aag,minisat22,445,0.000011,SAT,1,0
c1908.aag,minisat22,408,0.000011,SAT,1,0
c1908.aag,minisat22,446,0.000011,SAT,1,0
c1908.aag,minisat22,396,0.000011,SAT,1,0
c1908.aag,minisat22,437,0.000011,SAT,1,0
c1908.aag,minisat22,349,0.000011,SAT,1,0
c1908.aag,minisat22,335,0.000011,SAT,1,0
c1908.aag,minisat22,443,0.000011,SAT,1,0
c1908.aag,minisat22,332,0.000011,SAT,1,0
c1908.aag,minisat22,358,0.000011,SAT,1,0
c1908.aag,minisat22,352,0.000011,SAT,1,0
c1908.aag,minisat22,373,0.000011,SAT,1,0
c1908.aag,minisat22,367,0.000011,SAT,1,0
c1908.aag,minisat22,384,0.000011,SAT,1,0
c1908.aag,minisat22,326,0.000011,SAT,1,0
c1908.aag,minisat22,402,0.000011,SAT,1,0
c1908.aag,minisat22,390,0.000011,SAT,1,0
c1908.aag,minisat22,364,0.000011,SAT,1,0
c1908.aag,minisat22,440,0.000011,SAT,1,0
c1908.aag,glucose3,370,0.000179,SAT,1,0
c1908.aag,glucose3,444,0.000034,SAT,1,0
c1908.aag,glucose3,259,0.000023,SAT,1,0
c1908.aag,glucose3,434,0.000016,SAT,1,0
c1908.aag,glucose3,387,0.000030,SAT,1,0
c1908.aag,glucose3,355,0.000015,SAT,1,0
c1908.aag,glucose3,445,0.000014,SAT,1,0
c1908.aag,glucose3,408,0.000013,SAT,1,0
c1908.aag,glucose3,446,0.000014,SAT,1,0
c1908.aag,glucose3,396,0.000016,SAT,1,0
c1908.aag,glucose3,437,0.000013,SAT,1,0
c1908.aag,glucose3,349,0.000012,SAT,1,0
c1908.aag,glucose3,335,0.000012,SAT,1,0
c1908.aag,glucose3,443,0.000012,SAT,1,0
c1908.aag,glucose3,332,0.000012,SAT,1,0
c1908.aag,glucose3,358,0.000012,SAT,1,0
c1908.aag,glucose3,352,0.000012,SAT,1,0
c1908.aag,glucose3,373,0.000012,SAT,1,0
c1908.aag,glucose3,367,0.000012,SAT,1,0
c1908.aag,glucose3,384,0.000012,SAT,1,0
c1908.aag,glucose3,326,0.000012,SAT,1,0
c1908.aag,glucose3,402,0.000012,SAT,1,0
c1908.aag,glucose3,390,0.000012,SAT,1,0
c1908.aag,glucose3,364,0.000012,SAT,1,0
c1908.aag,glucose3,440,0.000012,SAT,1,0
c1908.aag,glucose4,370,0.000149,SAT,1,0
c1908.aag,glucose4,444,0.000025,SAT,1,0
c1908.aag,glucose4,259,0.000020,SAT,1,0
c1908.aag,glucose4,434,0.000015,SAT,1,0
c1908.aag,glucose4,387,0.000029,SAT,1,0
c1908.aag,glucose4,355,0.000015,SAT,1,0
c1908.aag,glucose4,445,0.000014,SAT,1,0
c1908.aag,glucose4,408,0.000013,SAT,1,0
c1908.aag,glucose4,446,0.000013,SAT,1,0
c1908.aag,glucose4,396,0.000012,SAT,1,0
c1908.aag,glucose4,437,0.000012,SAT,1,0
c1908.aag,glucose4,349,0.000013,SAT,1,0
c1908.aag,glucose4,335,0.000012,SAT,1,0
c1908.aag,glucose4,443,0.000013,SAT,1,0
c1908.aag,glucose4,332,0.000012,SAT,1,0
c1908.aag,glucose4,358,0.000012,SAT,1,0
c1908.aag,glucose4,352,0.000012,SAT,1,0
c1908.aag,glucose4,373,0.000012,SAT,1,0
c1908.aag,glucose4,367,0.000012,SAT,1,0
c1908.aag,glucose4,384,0.000012,SAT,1,0
c1908.aag,glucose4,326,0.000012,SAT,1,0
c1908.aag,glucose4,402,0.000012,SAT,1,0
c1908.aag,glucose4,390,0.000012,SAT,1,0
c1908.aag,glucose4,364,0.000012,SAT,1,0
c1908.aag,glucose4,440,0.000012,SAT,1,0
c1908.aag,maplechrono,370,0.000220,SAT,1,0
c1908.aag,maplechrono,444,0.000038,SAT,1,0
c1908.aag,maplechrono,259,0.000032,SAT,1,0
c1908.aag,maplechrono,434,0.000047,SAT,1,0
c1908.aag,maplechrono,387,0.000031,SAT,1,0
c1908.aag,maplechrono,355,0.000029,SAT,1,0
c1908.aag,maplechrono,445,0.000029,SAT,1,0
c1908.aag,maplechrono,408,0.000029,SAT,1,0
c1908.aag,maplechrono,446,0.000029,SAT,1,0
c1908.aag,maplechrono,396,0.000029,SAT,1,0
c1908.aag,maplechrono,437,0.000028,SAT,1,0
c1908.aag,maplechrono,349,0.000029,SAT,1,0
c1908.aag,maplechrono,335,0.000028,SAT,1,0
c1908.aag,maplechrono,443,0.000028,SAT,1,0
c1908.aag,maplechrono,332,0.000028,SAT,1,0
c1908.aag,maplechrono,358,0.000028,SAT,1,0
c1908.aag,maplechrono,352,0.000028,SAT,1,0
c1908.aag,maplechrono,373,0.000028,SAT,1,0
c1908.aag,maplechrono,367,0.000027,SAT,1,0
c1908.aag,maplechrono,384,0.000028,SAT,1,0
c1908.aag,maplechrono,326,0.000028,SAT,1,0
c1908.aag,maplechrono,402,0.000027,SAT,1,0
c1908.aag,maplechrono,390,0.000028,SAT,1,0
c1908.aag,maplechrono,364,0.000028,SAT,1,0
c1908.aag,maplechrono,440,0.000028,SAT,1,0
c1908.aag,cadical153,370,0.000388,SAT,1,0
c1908.aag,cadical153,444,0.000026,SAT,1,0
c1908.aag,cadical153,259,0.000016,SAT,1,0
c1908.aag,cadical153,434,0.000013,SAT,1,0
c1908.aag,cadical153,387,0.000012,SAT,1,0
c1908.aag,cadical153,355,0.000012,SAT,1,0
c1908.aag,cadical153,445,0.000011,SAT,1,0
c1908.aag,cadical153,408,0.000012,SAT,1,0
c1908.aag,cadical153,446,0.000011,SAT,1,0
c1908.aag,cadical153,396,0.000011,SAT,1,0
c1908.aag,cadical153,437,0.000012,SAT,1,0
c1908.aag,cadical153,349,0.000011,SAT,1,0
c1908.aag,cadical153,335,0.000012,SAT,1,0
c1908.aag,cadical153,443,0.000012,SAT,1,0
c1908.aag,cadical153,332,0.000011,SAT,1,0
c1908.aag,cadical153,358,0.000011,SAT,1,0
c1908.aag,cadical153,352,0.000011,SAT,1,0
c1908.aag,cadical153,373,0.000012,SAT,1,0
c1908.aag,cadical153,367,0.000011,SAT,1,0
c1908.aag,cadical153,384,0.000011,SAT,1,0
c1908.aag,cadical153,326,0.000011,SAT,1,0
c1908.aag,cadical153,402,0.000011,SAT,1,0
c1908.aag,cadical153,390,0.000011,SAT,1,0
c1908.aag,cadical153,364,0.000011,SAT,1,0
c1908.aag,cadical153,440,0.000011,SAT,1,0
c1908.aag,lingeling,370,0.000763,SAT,1,0
c1908.aag,lingeling,444,0.000179,SAT,1,0
c1908.aag,lingeling,259,0.000184,SAT,1,0
c1908.aag,lingeling,434,0.000169,SAT,1,0
c1908.aag,lingeling,387,0.000160,SAT,1,0
c1908.aag,lingeling,355,0.000164,SAT,1,0
c1908.aag,lingeling,445,0.000172,SAT,1,0
c1908.aag,lingeling,408,0.000223,SAT,1,0
c1908.aag,lingeling,446,0.000167,SAT,1,0
c1908.aag,lingeling,396,0.000136,SAT,1,0
c1908.aag,lingeling,437,0.000106,SAT,1,0
c1908.aag,lingeling,349,0.000103,SAT,1,0
c1908.aag,lingeling,335,0.000104,SAT,1,0
c1908.aag,lingeling,443,0.000184,SAT,1,0
c1908.aag,lingeling,332,0.000186,SAT,1,0
c1908.aag,lingeling,358,0.000176,SAT,1,0
c1908.aag,lingeling,352,0.000170,SAT,1,0
c1908.aag,lingeling,373,0.000170,SAT,1,0
c1908.aag,lingeling,367,0.000162,SAT,1,0
c1908.aag,lingeling,384,0.000162,SAT,1,0
c1908.aag,lingeling,326,0.000159,SAT,1,0
c1908.aag,lingeling,402,0.000158,SAT,1,0
c1908.aag,lingeling,390,0.000156,SAT,1,0
c1908.aag,lingeling,364,0.000173,SAT,1,0
c1908.aag,lingeling,440,0.000159,SAT,1,0
c1908.aag,mergesat3,370,0.000263,SAT,1,0
c1908.aag,mergesat3,444,0.000049,SAT,1,0
c1908.aag,mergesat3,259,0.000035,SAT,1,0
c1908.aag,mergesat3,434,0.000114,SAT,1,0
c1908.aag,mergesat3,387,0.000041,SAT,1,0
c1908.aag,mergesat3,355,0.000044,SAT,1,0
c1908.aag,mergesat3,445,0.000030,SAT,1,0
c1908.aag,mergesat3,408,0.000034,SAT,1,0
c1908.aag,mergesat3,446,0.000024,SAT,1,0
c1908.aag,mergesat3,396,0.000028,SAT,1,0
c1908.aag,mergesat3,437,0.000022,SAT,1,0
c1908.aag,mergesat3,349,0.000026,SAT,1,0
c1908.aag,mergesat3,335,0.000021,SAT,1,0
c1908.aag,mergesat3,443,0.000025,SAT,1,0
c1908.aag,mergesat3,332,0.000021,SAT,1,0
c1908.aag,mergesat3,358,0.000025,SAT,1,0
c1908.aag,mergesat3,352,0.000020,SAT,1,0
c1908.aag,mergesat3,373,0.000024,SAT,1,0
c1908.aag,mergesat3,367,0.000021,SAT,1,0
c1908.aag,mergesat3,384,0.000025,SAT,1,0
c1908.aag,mergesat3,326,0.000018,SAT,1,0
c1908.aag,mergesat3,402,0.000017,SAT,1,0
c1908.aag,mergesat3,390,0.000014,SAT,1,0
c1908.aag,mergesat3,364,0.000016,SAT,1,0
c1908.aag,mergesat3,440,0.000014,SAT,1,0
c432.aag,minisat22,162,0.000026,SAT,1,0
c432.aag,minisat22,163,0.000010,SAT,1,0
c432.aag,minisat22,164,0.000009,SAT,1,0
c432.aag,minisat22,165,0.000008,SAT,1,0
c432.aag,minisat22,166,0.000008,SAT,1,0
c432.aag,minisat22,167,0.000009,SAT,1,0
c432.aag,minisat22,156,0.000009,SAT,1,0
c432.aag,glucose3,162,0.000024,SAT,1,0
c432.aag,glucose3,163,0.000014,SAT,1,0
c432.aag,glucose3,164,0.000012,SAT,1,0
c432.aag,glucose3,165,0.000012,SAT,1,0
c432.aag,glucose3,166,0.000012,SAT,1,0
c432.aag,glucose3,167,0.000013,SAT,1,0
c432.aag,glucose3,156,0.000010,SAT,1,0
c432.aag,glucose4,162,0.000026,SAT,1,0
c432.aag,glucose4,163,0.000014,SAT,1,0
c432.aag,glucose4,164,0.000012,SAT,1,0
c432.aag,glucose4,165,0.000013,SAT,1,0
c432.aag,glucose4,166,0.000015,SAT,1,0
c432.aag,glucose4,167,0.000011,SAT,1,0
c432.aag,glucose4,156,0.000008,SAT,1,0
c432.aag,maplechrono,162,0.000028,SAT,1,0
c432.aag,maplechrono,163,0.000013,SAT,1,0
c432.aag,maplechrono,164,0.000013,SAT,1,0
c432.aag,maplechrono,165,0.000011,SAT,1,0
c432.aag,maplechrono,166,0.000010,SAT,1,0
c432.aag,maplechrono,167,0.000010,SAT,1,0
c432.aag,maplechrono,156,0.000010,SAT,1,0
c432.aag,cadical153,162,0.000037,SAT,1,0
c432.aag,cadical153,163,0.000011,SAT,1,0
c432.aag,cadical153,164,0.000007,SAT,1,0
c432.aag,cadical153,165,0.000005,SAT,1,0
c432.aag,cadical153,166,0.000005,SAT,1,0
c432.aag,cadical153,167,0.000005,SAT,1,0
c432.aag,cadical153,156,0.000005,SAT,1,0
c432.aag,lingeling,162,0.000067,SAT,1,0
c432.aag,lingeling,163,0.000044,SAT,1,0
c432.aag,lingeling,164,0.000039,SAT,1,0
c432.aag,lingeling,165,0.000038,SAT,1,0
c432.aag,lingeling,166,0.000038,SAT,1,0
c432.aag,lingeling,167,0.000036,SAT,1,0
c432.aag,lingeling,156,0.000042,SAT,1,0
c432.aag,mergesat3,162,0.000021,SAT,1,0
c432.aag,mergesat3,163,0.000011,SAT,1,0
c432.aag,mergesat3,164,0.000009,SAT,1,0
c432.aag,mergesat3,165,0.000009,SAT,1,0
c432.aag,mergesat3,166,0.000009,SAT,1,0
c432.aag,mergesat3,167,0.000008,SAT,1,0
c432.aag,mergesat3,156,0.000008,SAT,1,0
c1355.aag,minisat22,550,0.000081,SAT,1,0
c1355.aag,minisat22,551,0.000027,SAT,1,0
c1355.aag,minisat22,552,0.000019,SAT,1,0
c1355.aag,minisat22,553,0.000014,SAT,1,0
c1355.aag,minisat22,554,0.000012,SAT,1,0
c1355.aag,minisat22,555,0.000012,SAT,1,0
c1355.aag,minisat22,556,0.000011,SAT,1,0
c1355.aag,minisat22,557,0.000012,SAT,1,0
c1355.aag,minisat22,558,0.000011,SAT,1,0
c1355.aag,minisat22,559,0.000011,SAT,1,0
c1355.aag,minisat22,560,0.000013,SAT,1,0
c1355.aag,minisat22,561,0.000012,SAT,1,0
c1355.aag,minisat22,562,0.000012,SAT,1,0
c1355.aag,minisat22,563,0.000012,SAT,1,0
c1355.aag,minisat22,564,0.000012,SAT,1,0
c1355.aag,minisat22,565,0.000013,SAT,1,0
c1355.aag,minisat22,566,0.000013,SAT,1,0
c1355.aag,minisat22,567,0.000012,SAT,1,0
c1355.aag,minisat22,568,0.000012,SAT,1,0
c1355.aag,minisat22,569,0.000012,SAT,1,0
c1355.aag,minisat22,570,0.000012,SAT,1,0
c1355.aag,minisat22,571,0.000012,SAT,1,0
c1355.aag,minisat22,572,0.000014,SAT,1,0
c1355.aag,minisat22,573,0.000013,SAT,1,0
c1355.aag,minisat22,574,0.000012,SAT,1,0
c1355.aag,minisat22,575,0.000012,SAT,1,0
c1355.aag,minisat22,576,0.000013,SAT,1,0
c1355.aag,minisat22,577,0.000013,SAT,1,0
c1355.aag,minisat22,578,0.000014,SAT,1,0
c1355.aag,minisat22,579,0.000012,SAT,1,0
c1355.aag,minisat22,580,0.000015,SAT,1,0
c1355.aag,minisat22,581,0.000015,SAT,1,0
c1355.aag,glucose3,550,0.000045,SAT,1,0
c1355.aag,glucose3,551,0.000020,SAT,1,0
c1355.aag,glucose3,552,0.000016,SAT,1,0
c1355.aag,glucose3,553,0.000014,SAT,1,0
c1355.aag,glucose3,554,0.000013,SAT,1,0
c1355.aag,glucose3,555,0.000013,SAT,1,0
c1355.aag,glucose3,556,0.000013,SAT,1,0
c1355.aag,glucose3,557,0.000013,SAT,1,0
c1355.aag,glucose3,558,0.000013,SAT,1,0
c1355.aag,glucose3,559,0.000013,SAT,1,0
c1355.aag,glucose3,560,0.000014,SAT,1,0
c1355.aag,glucose3,561,0.000013,SAT,1,0
c1355.aag,glucose3,562,0.000014,SAT,1,0
c1355.aag,glucose3,563,0.000014,SAT,1,0
c1355.aag,glucose3,564,0.000013,SAT,1,0
c1355.aag,glucose3,565,0.000014,SAT,1,0
c1355.aag,glucose3,566,0.000014,SAT,1,0
c1355.aag,glucose3,567,0.000013,SAT,1,0
c1355.aag,glucose3,568,0.000013,SAT,1,0
c1355.aag,glucose3,569,0.000014,SAT,1,0
c1355.aag,glucose3,570,0.000013,SAT,1,0
c1355.aag,glucose3,571,0.000014,SAT,1,0
c1355.aag,glucose3,572,0.000015,SAT,1,0
c1355.aag,glucose3,573,0.000015,SAT,1,0
c1355.aag,glucose3,574,0.000014,SAT,1,0
c1355.aag,glucose3,575,0.000013,SAT,1,0
c1355.aag,glucose3,576,0.000014,SAT,1,0
c1355.aag,glucose3,577,0.000016,SAT,1,0
c1355.aag,glucose3,578,0.000014,SAT,1,0
c1355.aag,glucose3,579,0.000020,SAT,1,0
c1355.aag,glucose3,580,0.000019,SAT,1,0
c1355.aag,glucose3,581,0.000017,SAT,1,0
c1355.aag,glucose4,550,0.000044,SAT,1,0
c1355.aag,glucose4,551,0.000020,SAT,1,0
c1355.aag,glucose4,552,0.000015,SAT,1,0
c1355.aag,glucose4,553,0.000013,SAT,1,0
c1355.aag,glucose4,554,0.000012,SAT,1,0
c1355.aag,glucose4,555,0.000012,SAT,1,0
c1355.aag,glucose4,556,0.000013,SAT,1,0
c1355.aag,glucose4,557,0.000013,SAT,1,0
c1355.aag,glucose4,558,0.000013,SAT,1,0
c1355.aag,glucose4,559,0.000013,SAT,1,0
c1355.aag,glucose4,560,0.000014,SAT,1,0
c1355.aag,glucose4,561,0.000014,SAT,1,0
c1355.aag,glucose4,562,0.000014,SAT,1,0
c1355.aag,glucose4,563,0.000014,SAT,1,0
c1355.aag,glucose4,564,0.000014,SAT,1,0
c1355.aag,glucose4,565,0.000014,SAT,1,0
c1355.aag,glucose4,566,0.000014,SAT,1,0
c1355.aag,glucose4,567,0.000014,SAT,1,0
c1355.aag,glucose4,568,0.000013,SAT,1,0
c1355.aag,glucose4,569,0.000014,SAT,1,0
c1355.aag,glucose4,570,0.000014,SAT,1,0
c1355.aag,glucose4,571,0.000014,SAT,1,0
c1355.aag,glucose4,572,0.000015,SAT,1,0
c1355.aag,glucose4,573,0.000015,SAT,1,0
c1355.aag,glucose4,574,0.000014,SAT,1,0
c1355.aag,glucose4,575,0.000013,SAT,1,0
c1355.aag,glucose4,576,0.000014,SAT,1,0
c1355.aag,glucose4,577,0.000015,SAT,1,0
c1355.aag,glucose4,578,0.000014,SAT,1,0
c1355.aag,glucose4,579,0.000013,SAT,1,0
c1355.aag,glucose4,580,0.000017,SAT,1,0
c1355.aag,glucose4,581,0.000016,SAT,1,0
c1355.aag,maplechrono,550,0.000049,SAT,1,0
c1355.aag,maplechrono,551,0.000021,SAT,1,0
c1355.aag,maplechrono,552,0.000017,SAT,1,0
c1355.aag,maplechrono,553,0.000014,SAT,1,0
c1355.aag,maplechrono,554,0.000014,SAT,1,0
c1355.aag,maplechrono,555,0.000014,SAT,1,0
c1355.aag,maplechrono,556,0.000014,SAT,1,0
c1355.aag,maplechrono,557,0.000014,SAT,1,0
c1355.aag,maplechrono,558,0.000014,SAT,1,0
c1355.aag,maplechrono,559,0.000013,SAT,1,0
c1355.aag,maplechrono,560,0.000015,SAT,1,0
c1355.aag,maplechrono,561,0.000014,SAT,1,0
c1355.aag,maplechrono,562,0.000015,SAT,1,0
c1355.aag,maplechrono,563,0.000015,SAT,1,0
c1355.aag,maplechrono,564,0.000014,SAT,1,0
c1355.aag,maplechrono,565,0.000015,SAT,1,0
c1355.aag,maplechrono,566,0.000015,SAT,1,0
c1355.aag,maplechrono,567,0.000014,SAT,1,0
c1355.aag,maplechrono,568,0.000014,SAT,1,0
c1355.aag,maplechrono,569,0.000014,SAT,1,0
c1355.aag,maplechrono,570,0.000014,SAT,1,0
c1355.aag,maplechrono,571,0.000015,SAT,1,0
c1355.aag,maplechrono,572,0.000016,SAT,1,0
c1355.aag,maplechrono,573,0.000015,SAT,1,0
c1355.aag,maplechrono,574,0.000014,SAT,1,0
c1355.aag,maplechrono,575,0.000014,SAT,1,0
c1355.aag,maplechrono,576,0.000014,SAT,1,0
c1355.aag,maplechrono,577,0.000016,SAT,1,0
c1355.aag,maplechrono,578,0.000014,SAT,1,0
c1355.aag,maplechrono,579,0.000022,SAT,1,0
c1355.aag,maplechrono,580,0.000050,SAT,1,0
c1355.aag,maplechrono,581,0.000026,SAT,1,0
c1355.aag,cadical153,550,0.000040,SAT,1,0
c1355.aag,cadical153,551,0.000020,SAT,1,0
c1355.aag,cadical153,552,0.000014,SAT,1,0
c1355.aag,cadical153,553,0.000011,SAT,1,0
c1355.aag,cadical153,554,0.000010,SAT,1,0
c1355.aag,cadical153,555,0.000010,SAT,1,0
c1355.aag,cadical153,556,0.000010,SAT,1,0
c1355.aag,cadical153,557,0.000010,SAT,1,0
c1355.aag,cadical153,558,0.000010,SAT,1,0
c1355.aag,cadical153,559,0.000010,SAT,1,0
c1355.aag,cadical153,560,0.000010,SAT,1,0
c1355.aag,cadical153,561,0.000010,SAT,1,0
c1355.aag,cadical153,562,0.000010,SAT,1,0
c1355.aag,cadical153,563,0.000010,SAT,1,0
c1355.aag,cadical153,564,0.000010,SAT,1,0
c1355.aag,cadical153,565,0.000010,SAT,1,0
c1355.aag,cadical153,566,0.000010,SAT,1,0
c1355.aag,cadical153,567,0.000010,SAT,1,0
c1355.aag,cadical153,568,0.000010,SAT,1,0
c1355.aag,cadical153,569,0.000010,SAT,1,0
c1355.aag,cadical153,570,0.000010,SAT,1,0
c1355.aag,cadical153,571,0.000010,SAT,1,0
c1355.aag,cadical153,572,0.000010,SAT,1,0
c1355.aag,cadical153,573,0.000010,SAT,1,0
c1355.aag,cadical153,574,0.000010,SAT,1,0
c1355.aag,cadical153,575,0.000010,SAT,1,0
c1355.aag,cadical153,576,0.000010,SAT,1,0
c1355.aag,cadical153,577,0.000010,SAT,1,0
c1355.aag,cadical153,578,0.000010,SAT,1,0
c1355.aag,cadical153,579,0.000010,SAT,1,0
c1355.aag,cadical153,580,0.000010,SAT,1,0
c1355.aag,cadical153,581,0.000010,SAT,1,0
c1355.aag,lingeling,550,0.000159,SAT,1,0
c1355.aag,lingeling,551,0.000126,SAT,1,0
c1355.aag,lingeling,552,0.000110,SAT,1,0
c1355.aag,lingeling,553,0.000101,SAT,1,0
c1355.aag,lingeling,554,0.000106,SAT,1,0
c1355.aag,lingeling,555,0.000098,SAT,1,0
c1355.aag,lingeling,556,0.000113,SAT,1,0
c1355.aag,lingeling,557,0.000103,SAT,1,0
c1355.aag,lingeling,558,0.000101,SAT,1,0
c1355.aag,lingeling,559,0.000097,SAT,1,0
c1355.aag,lingeling,560,0.000092,SAT,1,0
c1355.aag,lingeling,561,0.000096,SAT,1,0
c1355.aag,lingeling,562,0.000102,SAT,1,0
c1355.aag,lingeling,563,0.000095,SAT,1,0
c1355.aag,lingeling,564,0.000095,SAT,1,0
c1355.aag,lingeling,565,0.000106,SAT,1,0
c1355.aag,lingeling,566,0.000141,SAT,1,0
c1355.aag,lingeling,567,0.000100,SAT,1,0
c1355.aag,lingeling,568,0.000092,SAT,1,0
c1355.aag,lingeling,569,0.000095,SAT,1,0
c1355.aag,lingeling,570,0.000101,SAT,1,0
c1355.aag,lingeling,571,0.000094,SAT,1,0
c1355.aag,lingeling,572,0.000101,SAT,1,0
c1355.aag,lingeling,573,0.000098,SAT,1,0
c1355.aag,lingeling,574,0.000099,SAT,1,0
c1355.aag,lingeling,575,0.000094,SAT,1,0
c1355.aag,lingeling,576,0.000091,SAT,1,0
c1355.aag,lingeling,577,0.000093,SAT,1,0
c1355.aag,lingeling,578,0.000100,SAT,1,0
c1355.aag,lingeling,579,0.000093,SAT,1,0
c1355.aag,lingeling,580,0.000094,SAT,1,0
c1355.aag,lingeling,581,0.000096,SAT,1,0
c1355.aag,mergesat3,550,0.000048,SAT,1,0
c1355.aag,mergesat3,551,0.000031,SAT,1,0
c1355.aag,mergesat3,552,0.000030,SAT,1,0
c1355.aag,mergesat3,553,0.000027,SAT,1,0
c1355.aag,mergesat3,554,0.000027,SAT,1,0
c1355.aag,mergesat3,555,0.000027,SAT,1,0
c1355.aag,mergesat3,556,0.000026,SAT,1,0
c1355.aag,mergesat3,557,0.000026,SAT,1,0
c1355.aag,mergesat3,558,0.000027,SAT,1,0
c1355.aag,mergesat3,559,0.000030,SAT,1,0
c1355.aag,mergesat3,560,0.000029,SAT,1,0
c1355.aag,mergesat3,561,0.000028,SAT,1,0
c1355.aag,mergesat3,562,0.000030,SAT,1,0
c1355.aag,mergesat3,563,0.000030,SAT,1,0
c1355.aag,mergesat3,564,0.000048,SAT,1,0
c1355.aag,mergesat3,565,0.000034,SAT,1,0
c1355.aag,mergesat3,566,0.000104,SAT,1,0
c1355.aag,mergesat3,567,0.000032,SAT,1,0
c1355.aag,mergesat3,568,0.000029,SAT,1,0
c1355.aag,mergesat3,569,0.000030,SAT,1,0
c1355.aag,mergesat3,570,0.000027,SAT,1,0
c1355.aag,mergesat3,571,0.000028,SAT,1,0
c1355.aag,mergesat3,572,0.000028,SAT,1,0
c1355.aag,mergesat3,573,0.000028,SAT,1,0
c1355.aag,mergesat3,574,0.000026,SAT,1,0
c1355.aag,mergesat3,575,0.000026,SAT,1,0
c1355.aag,mergesat3,576,0.000027,SAT,1,0
c1355.aag,mergesat3,577,0.000031,SAT,1,0
c1355.aag,mergesat3,578,0.000033,SAT,1,0
c1355.aag,mergesat3,579,0.000029,SAT,1,0
c1355.aag,mergesat3,580,0.000030,SAT,1,0
c1355.aag,mergesat3,581,0.000049,SAT,1,0
c880.aag,minisat22,386,0.000009,UNSAT,0,0
c880.aag,minisat22,387,0.000002,UNSAT,0,0
c880.aag,minisat22,388,0.000001,UNSAT,0,0
c880.aag,minisat22,389,0.000001,UNSAT,0,0
c880.aag,minisat22,390,0.000001,UNSAT,0,0
c880.aag,minisat22,3,0.000001,UNSAT,0,0
c880.aag,minisat22,385,0.000002,UNSAT,0,0
c880.aag,minisat22,391,0.000001,UNSAT,0,0
c880.aag,minisat22,392,0.000001,UNSAT,0,0
c880.aag,minisat22,393,0.000001,UNSAT,0,0
c880.aag,minisat22,394,0.000001,UNSAT,0,0
c880.aag,minisat22,395,0.000001,UNSAT,0,0
c880.aag,minisat22,239,0.000001,UNSAT,0,0
c880.aag,minisat22,238,0.000001,UNSAT,0,0
c880.aag,minisat22,153,0.000001,UNSAT,0,0
c880.aag,minisat22,284,0.000001,UNSAT,0,0
c880.aag,minisat22,396,0.000002,UNSAT,0,0
c880.aag,minisat22,8,0.000001,UNSAT,0,0
c880.aag,minisat22,287,0.000001,UNSAT,0,0
c880.aag,minisat22,397,0.000001,UNSAT,0,0
c880.aag,minisat22,398,0.000002,UNSAT,0,0
c880.aag,minisat22,399,0.000001,UNSAT,0,0
c880.aag,minisat22,148,0.000001,UNSAT,0,0
c880.aag,minisat22,173,0.000001,UNSAT,0,0
c880.aag,minisat22,400,0.000001,UNSAT,0,0
c880.aag,minisat22,401,0.000001,UNSAT,0,0
c880.aag,glucose3,386,0.000007,UNSAT,0,0
c880.aag,glucose3,387,0.000003,UNSAT,0,0
c880.aag,glucose3,388,0.000002,UNSAT,0,0
c880.aag,glucose3,389,0.000013,UNSAT,0,0
c880.aag,glucose3,390,0.000002,UNSAT,0,0
c880.aag,glucose3,3,0.000002,UNSAT,0,0
c880.aag,glucose3,385,0.000002,UNSAT,0,0
c880.aag,glucose3,391,0.000001,UNSAT,0,0
c880.aag,glucose3,392,0.000001,UNSAT,0,0
c880.aag,glucose3,393,0.000001,UNSAT,0,0
c880.aag,glucose3,394,0.000001,UNSAT,0,0
c880.aag,glucose3,395,0.000001,UNSAT,0,0
c880.aag,glucose3,239,0.000001,UNSAT,0,0
c880.aag,glucose3,238,0.000001,UNSAT,0,0
c880.aag,glucose3,153,0.000001,UNSAT,0,0
c880.aag,glucose3,284,0.000002,UNSAT,0,0
c880.aag,glucose3,396,0.000001,UNSAT,0,0
c880.aag,glucose3,8,0.000001,UNSAT,0,0
c880.aag,glucose3,287,0.000001,UNSAT,0,0
c880.aag,glucose3,397,0.000001,UNSAT,0,0
c880.aag,glucose3,398,0.000002,UNSAT,0,0
c880.aag,glucose3,399,0.000001,UNSAT,0,0
c880.aag,glucose3,148,0.000001,UNSAT,0,0
c880.aag,glucose3,173,0.000002,UNSAT,0,0
c880.aag,glucose3,400,0.000002,UNSAT,0,0
c880.aag,glucose3,401,0.000002,UNSAT,0,0
c880.aag,glucose4,386,0.000005,UNSAT,0,0
c880.aag,glucose4,387,0.000002,UNSAT,0,0
c880.aag,glucose4,388,0.000002,UNSAT,0,0
c880.aag,glucose4,389,0.000001,UNSAT,0,0
c880.aag,glucose4,390,0.000001,UNSAT,0,0
c880.aag,glucose4,3,0.000001,UNSAT,0,0
c880.aag,glucose4,385,0.000001,UNSAT,0,0
c880.aag,glucose4,391,0.000001,UNSAT,0,0
c880.aag,glucose4,392,0.000001,UNSAT,0,0
c880.aag,glucose4,393,0.000001,UNSAT,0,0
c880.aag,glucose4,394,0.000001,UNSAT,0,0
c880.aag,glucose4,395,0.000001,UNSAT,0,0
c880.aag,glucose4,239,0.000001,UNSAT,0,0
c880.aag,glucose4,238,0.000001,UNSAT,0,0
c880.aag,glucose4,153,0.000001,UNSAT,0,0
c880.aag,glucose4,284,0.000001,UNSAT,0,0
c880.aag,glucose4,396,0.000001,UNSAT,0,0
c880.aag,glucose4,8,0.000001,UNSAT,0,0
c880.aag,glucose4,287,0.000001,UNSAT,0,0
c880.aag,glucose4,397,0.000001,UNSAT,0,0
c880.aag,glucose4,398,0.000001,UNSAT,0,0
c880.aag,glucose4,399,0.000001,UNSAT,0,0
c880.aag,glucose4,148,0.000001,UNSAT,0,0
c880.aag,glucose4,173,0.000001,UNSAT,0,0
c880.aag,glucose4,400,0.000001,UNSAT,0,0
c880.aag,glucose4,401,0.000001,UNSAT,0,0
c880.aag,maplechrono,386,0.000008,UNSAT,0,0
c880.aag,maplechrono,387,0.000004,UNSAT,0,0
c880.aag,maplechrono,388,0.000003,UNSAT,0,0
c880.aag,maplechrono,389,0.000003,UNSAT,0,0
c880.aag,maplechrono,390,0.000003,UNSAT,0,0
c880.aag,maplechrono,3,0.000003,UNSAT,0,0
c880.aag,maplechrono,385,0.000003,UNSAT,0,0
c880.aag,maplechrono,391,0.000003,UNSAT,0,0
c880.aag,maplechrono,392,0.000003,UNSAT,0,0
c880.aag,maplechrono,393,0.000003,UNSAT,0,0
c880.aag,maplechrono,394,0.000003,UNSAT,0,0
c880.aag,maplechrono,395,0.000003,UNSAT,0,0
c880.aag,maplechrono,239,0.000003,UNSAT,0,0
c880.aag,maplechrono,238,0.000003,UNSAT,0,0
c880.aag,maplechrono,153,0.000003,UNSAT,0,0
c880.aag,maplechrono,284,0.000006,UNSAT,0,0
c880.aag,maplechrono,396,0.000003,UNSAT,0,0
c880.aag,maplechrono,8,0.000002,UNSAT,0,0
c880.aag,maplechrono,287,0.000002,UNSAT,0,0
c880.aag,maplechrono,397,0.000002,UNSAT,0,0
c880.aag,maplechrono,398,0.000003,UNSAT,0,0
c880.aag,maplechrono,399,0.000002,UNSAT,0,0
c880.aag,maplechrono,148,0.000002,UNSAT,0,0
c880.aag,maplechrono,173,0.000002,UNSAT,0,0
c880.aag,maplechrono,400,0.000002,UNSAT,0,0
c880.aag,maplechrono,401,0.000002,UNSAT,0,0
c880.aag,cadical153,386,0.000009,UNSAT,0,0
c880.aag,cadical153,387,0.000003,UNSAT,0,0
c880.aag,cadical153,388,0.000002,UNSAT,0,0
c880.aag,cadical153,389,0.000002,UNSAT,0,0
c880.aag,cadical153,390,0.000002,UNSAT,0,0
c880.aag,cadical153,3,0.000002,UNSAT,0,0
c880.aag,cadical153,385,0.000002,UNSAT,0,0
c880.aag,cadical153,391,0.000002,UNSAT,0,0
c880.aag,cadical153,392,0.000002,UNSAT,0,0
c880.aag,cadical153,393,0.000002,UNSAT,0,0
c880.aag,cadical153,394,0.000002,UNSAT,0,0
c880.aag,cadical153,395,0.000002,UNSAT,0,0
c880.aag,cadical153,239,0.000003,UNSAT,0,0
c880.aag,cadical153,238,0.000003,UNSAT,0,0
c880.aag,cadical153,153,0.000002,UNSAT,0,0
c880.aag,cadical153,284,0.000002,UNSAT,0,0
c880.aag,cadical153,396,0.000001,UNSAT,0,0
c880.aag,cadical153,8,0.000001,UNSAT,0,0
c880.aag,cadical153,287,0.000001,UNSAT,0,0
c880.aag,cadical153,397,0.000001,UNSAT,0,0
c880.aag,cadical153,398,0.000001,UNSAT,0,0
c880.aag,cadical153,399,0.000001,UNSAT,0,0
c880.aag,cadical153,148,0.000001,UNSAT,0,0
c880.aag,cadical153,173,0.000001,UNSAT,0,0
c880.aag,cadical153,400,0.000001,UNSAT,0,0
c880.aag,cadical153,401,0.000001,UNSAT,0,0
c880.aag,lingeling,386,0.000043,UNSAT,0,0
c880.aag,lingeling,387,0.000015,UNSAT,0,0
c880.aag,lingeling,388,0.000017,UNSAT,0,0
c880.aag,lingeling,389,0.000014,UNSAT,0,0
c880.aag,lingeling,390,0.000014,UNSAT,0,0
c880.aag,lingeling,3,0.000013,UNSAT,0,0
c880.aag,lingeling,385,0.000013,UNSAT,0,0
c880.aag,lingeling,391,0.000013,UNSAT,0,0
c880.aag,lingeling,392,0.000013,UNSAT,0,0
c880.aag,lingeling,393,0.000017,UNSAT,0,0
c880.aag,lingeling,394,0.000022,UNSAT,0,0
c880.aag,lingeling,395,0.000020,UNSAT,0,0
c880.aag,lingeling,239,0.000014,UNSAT,0,0
c880.aag,lingeling,238,0.000013,UNSAT,0,0
c880.aag,lingeling,153,0.000013,UNSAT,0,0
c880.aag,lingeling,284,0.000013,UNSAT,0,0
c880.aag,lingeling,396,0.000013,UNSAT,0,0
c880.aag,lingeling,8,0.000013,UNSAT,0,0
c880.aag,lingeling,287,0.000013,UNSAT,0,0
c880.aag,lingeling,397,0.000013,UNSAT,0,0
c880.aag,lingeling,398,0.000014,UNSAT,0,0
c880.aag,lingeling,399,0.000013,UNSAT,0,0
c880.aag,lingeling,148,0.000013,UNSAT,0,0
c880.aag,lingeling,173,0.000013,UNSAT,0,0
c880.aag,lingeling,400,0.000013,UNSAT,0,0
c880.aag,lingeling,401,0.000013,UNSAT,0,0
c880.aag,mergesat3,386,0.000005,UNSAT,0,0
c880.aag,mergesat3,387,0.000002,UNSAT,0,0
c880.aag,mergesat3,388,0.000001,UNSAT,0,0
c880.aag,mergesat3,389,0.000001,UNSAT,0,0
c880.aag,mergesat3,390,0.000001,UNSAT,0,0
c880.aag,mergesat3,3,0.000002,UNSAT,0,0
c880.aag,mergesat3,385,0.000001,UNSAT,0,0
c880.aag,mergesat3,391,0.000001,UNSAT,0,0
c880.aag,mergesat3,392,0.000001,UNSAT,0,0
c880.aag,mergesat3,393,0.000001,UNSAT,0,0
c880.aag,mergesat3,394,0.000001,UNSAT,0,0
c880.aag,mergesat3,395,0.000001,UNSAT,0,0
c880.aag,mergesat3,239,0.000001,UNSAT,0,0
c880.aag,mergesat3,238,0.000001,UNSAT,0,0
c880.aag,mergesat3,153,0.000001,UNSAT,0,0
c880.aag,mergesat3,284,0.000001,UNSAT,0,0
c880.aag,mergesat3,396,0.000001,UNSAT,0,0
c880.aag,mergesat3,8,0.000001,UNSAT,0,0
c880.aag,mergesat3,287,0.000001,UNSAT,0,0
c880.aag,mergesat3,397,0.000001,UNSAT,0,0
c880.aag,mergesat3,398,0.000002,UNSAT,0,0
c880.aag,mergesat3,399,0.000001,UNSAT,0,0
c880.aag,mergesat3,148,0.000001,UNSAT,0,0
c880.aag,mergesat3,173,0.000001,UNSAT,0,0
c880.aag,mergesat3,400,0.000001,UNSAT,0,0
c880.aag,mergesat3,401,0.000001,UNSAT,0,0
c2670.aag,minisat22,885,0.000011,UNSAT,0,0
c2670.aag,minisat22,645,0.000003,UNSAT,0,0
c2670.aag,minisat22,636,0.000002,UNSAT,0,0
c2670.aag,minisat22,822,0.000002,UNSAT,0,0
c2670.aag,minisat22,886,0.000002,UNSAT,0,0
c2670.aag,minisat22,630,0.000002,UNSAT,0,0
c2670.aag,minisat22,634,0.000002,UNSAT,0,0
c2670.aag,minisat22,887,0.000002,UNSAT,0,0
c2670.aag,minisat22,888,0.000002,UNSAT,0,0
c2670.aag,minisat22,603,0.000002,UNSAT,0,0
c2670.aag,minisat22,848,0.000001,UNSAT,0,0
c2670.aag,minisat22,604,0.000002,UNSAT,0,0
c2670.aag,minisat22,889,0.000002,UNSAT,0,0
c2670.aag,minisat22,631,0.000002,UNSAT,0,0
c2670.aag,minisat22,858,0.000002,UNSAT,0,0
c2670.aag,minisat22,871,0.000002,UNSAT,0,0
c2670.aag,minisat22,875,0.000001,UNSAT,0,0
c2670.aag,minisat22,890,0.000002,UNSAT,0,0
c2670.aag,minisat22,492,0.000001,UNSAT,0,0
c2670.aag,minisat22,650,0.000001,UNSAT,0,0
c2670.aag,minisat22,2,0.000002,UNSAT,0,0
c2670.aag,minisat22,845,0.000002,UNSAT,0,0
c2670.aag,minisat22,610,0.000002,UNSAT,0,0
c2670.aag,minisat22,644,0.000001,UNSAT,0,0
c2670.aag,minisat22,868,0.000001,UNSAT,0,0
c2670.aag,minisat22,891,0.000002,UNSAT,0,0
c2670.aag,minisat22,622,0.000002,UNSAT,0,0
c2670.aag,minisat22,614,0.000002,UNSAT,0,0
c2670.aag,minisat22,645,0.000002,UNSAT,0,0
c2670.aag,minisat22,7,0.000002,UNSAT,0,0
c2670.aag,minisat22,824,0.000001,UNSAT,0,0
c2670.aag,minisat22,859,0.000001,UNSAT,0,0
c2670.aag,minisat22,79,0.000002,UNSAT,0,0
c2670.aag,minisat22,869,0.000002,UNSAT,0,0
c2670.aag,minisat22,860,0.000002,UNSAT,0,0
c2670.aag,minisat22,506,0.000002,UNSAT,0,0
c2670.aag,minisat22,872,0.000002,UNSAT,0,0
c2670.aag,minisat22,620,0.000001,UNSAT,0,0
c2670.aag,minisat22,844,0.000001,UNSAT,0,0
c2670.aag,minisat22,25,0.000002,UNSAT,0,0
c2670.aag,minisat22,873,0.000002,UNSAT,0,0
c2670.aag,minisat22,604,0.000002,UNSAT,0,0
c2670.aag,minisat22,611,0.000002,UNSAT,0,0
c2670.aag,minisat22,892,0.000001,UNSAT,0,0
c2670.aag,minisat22,617,0.000001,UNSAT,0,0
c2670.aag,minisat22,893,0.000002,UNSAT,0,0
c2670.aag,minisat22,628,0.000002,UNSAT,0,0
c2670.aag,minisat22,498,0.000002,UNSAT,0,0
c2670.aag,minisat22,840,0.000001,UNSAT,0,0
c2670.aag,minisat22,846,0.000001,UNSAT,0,0
c2670.aag,minisat22,894,0.000001,UNSAT,0,0
c2670.aag,minisat22,827,0.000002,UNSAT,0,0
c2670.aag,minisat22,508,0.000002,UNSAT,0,0
c2670.aag,minisat22,827,0.000002,UNSAT,0,0
c2670.aag,minisat22,5,0.000001,UNSAT,0,0
c2670.aag,minisat22,647,0.000002,UNSAT,0,0
c2670.aag,minisat22,496,0.000002,UNSAT,0,0
c2670.aag,minisat22,895,0.000002,UNSAT,0,0
c2670.aag,minisat22,896,0.000001,UNSAT,0,0
c2670.aag,minisat22,897,0.000001,UNSAT,0,0
c2670.aag,minisat22,23,0.000001,UNSAT,0,0
c2670.aag,minisat22,898,0.000002,UNSAT,0,0
c2670.aag,minisat22,614,0.000002,UNSAT,0,0
c2670.aag,minisat22,856,0.000001,UNSAT,0,0
c2670.aag,minisat22,619,0.000001,UNSAT,0,0
c2670.aag,minisat22,627,0.000001,UNSAT,0,0
c2670.aag,minisat22,865,0.000002,UNSAT,0,0
c2670.aag,minisat22,899,0.000002,UNSAT,0,0
c2670.aag,minisat22,866,0.000002,UNSAT,0,0
c2670.aag,minisat22,507,0.000002,UNSAT,0,0
c2670.aag,minisat22,900,0.000002,UNSAT,0,0
c2670.aag,minisat22,856,0.000001,UNSAT,0,0
c2670.aag,minisat22,462,0.000002,UNSAT,0,0
c2670.aag,minisat22,633,0.000002,UNSAT,0,0
c2670.aag,minisat22,901,0.000002,UNSAT,0,0
c2670.aag,minisat22,614,0.000001,UNSAT,0,0
c2670.aag,minisat22,629,0.000001,UNSAT,0,0
c2670.aag,minisat22,902,0.000002,UNSAT,0,0
c2670.aag,minisat22,605,0.000002,UNSAT,0,0
c2670.aag,minisat22,862,0.000001,UNSAT,0,0
c2670.aag,minisat22,903,0.000001,UNSAT,0,0
c2670.aag,minisat22,904,0.000001,UNSAT,0,0
c2670.aag,minisat22,843,0.000001,UNSAT,0,0
c2670.aag,minisat22,879,0.000002,UNSAT,0,0
c2670.aag,minisat22,877,0.000002,UNSAT,0,0
c2670.aag,minisat22,905,0.000002,UNSAT,0,0
c2670.aag,minisat22,632,0.000001,UNSAT,0,0
c2670.aag,minisat22,906,0.000001,UNSAT,0,0
c2670.aag,minisat22,26,0.000002,UNSAT,0,0
c2670.aag,minisat22,616,0.000002,UNSAT,0,0
c2670.aag,minisat22,623,0.000001,UNSAT,0,0
c2670.aag,minisat22,907,0.000001,UNSAT,0,0
c2670.aag,minisat22,908,0.000001,UNSAT,0,0
c2670.aag,minisat22,649,0.000002,UNSAT,0,0
c2670.aag,minisat22,627,0.000002,UNSAT,0,0
c2670.aag,minisat22,823,0.000001,UNSAT,0,0
c2670.aag,minisat22,474,0.000001,UNSAT,0,0
c2670.aag,minisat22,874,0.000001,UNSAT,0,0
c2670.aag,minisat22,-884,0.000005,UNSAT,0,0
c2670.aag,minisat22,867,0.000002,UNSAT,0,0
c2670.aag,minisat22,909,0.000002,UNSAT,0,0
c2670.aag,minisat22,491,0.000002,UNSAT,0,0
c2670.aag,minisat22,490,0.000002,UNSAT,0,0
c2670.aag,minisat22,656,0.000001,UNSAT,0,0
c2670.aag,minisat22,615,0.000001,UNSAT,0,0
c2670.aag,minisat22,613,0.000001,UNSAT,0,0
c2670.aag,minisat22,24,0.000002,UNSAT,0,0
c2670.aag,minisat22,910,0.000002,UNSAT,0,0
c2670.aag,minisat22,246,0.000002,UNSAT,0,0
c2670.aag,minisat22,911,0.000001,UNSAT,0,0
c2670.aag,minisat22,857,0.000001,UNSAT,0,0
c2670.aag,minisat22,870,0.000001,UNSAT,0,0
c2670.aag,minisat22,847,0.000002,UNSAT,0,0
c2670.aag,minisat22,648,0.000002,UNSAT,0,0
c2670.aag,minisat22,4,0.000002,UNSAT,0,0
c2670.aag,minisat22,1,0.000001,UNSAT,0,0
c2670.aag,minisat22,878,0.000001,UNSAT,0,0
c2670.aag,minisat22,38,0.000002,UNSAT,0,0
c2670.aag,minisat22,604,0.000002,UNSAT,0,0
c2670.aag,minisat22,655,0.000002,UNSAT,0,0
c2670.aag,minisat22,618,0.000002,UNSAT,0,0
c2670.aag,minisat22,635,0.000001,UNSAT,0,0
c2670.aag,minisat22,505,0.000001,UNSAT,0,0
c2670.aag,minisat22,604,0.000002,UNSAT,0,0
c2670.aag,minisat22,192,0.000002,UNSAT,0,0
c2670.aag,minisat22,912,0.000002,UNSAT,0,0
c2670.aag,minisat22,842,0.000002,UNSAT,0,0
c2670.aag,minisat22,499,0.000002,UNSAT,0,0
c2670.aag,minisat22,612,0.000002,UNSAT,0,0
c2670.aag,minisat22,913,0.000002,UNSAT,0,0
c2670.aag,minisat22,350,0.000002,UNSAT,0,0
c2670.aag,minisat22,914,0.000001,UNSAT,0,0
c2670.aag,minisat22,646,0.000001,UNSAT,0,0
c2670.aag,minisat22,863,0.000002,UNSAT,0,0
c2670.aag,minisat22,915,0.000002,UNSAT,0,0
c2670.aag,minisat22,497,0.000001,UNSAT,0,0
c2670.aag,minisat22,916,0.000002,UNSAT,0,0
c2670.aag,minisat22,917,0.000001,UNSAT,0,0
c2670.aag,minisat22,621,0.000002,UNSAT,0,0
c2670.aag,minisat22,918,0.000002,UNSAT,0,0
c2670.aag,glucose3,885,0.000005,UNSAT,0,0
c2670.aag,glucose3,645,0.000002,UNSAT,0,0
c2670.aag,glucose3,636,0.000002,UNSAT,0,0
c2670.aag,glucose3,822,0.000002,UNSAT,0,0
c2670.aag,glucose3,886,0.000002,UNSAT,0,0
c2670.aag,glucose3,630,0.000001,UNSAT,0,0
c2670.aag,glucose3,634,0.000001,UNSAT,0,0
c2670.aag,glucose3,887,0.000001,UNSAT,0,0
c2670.aag,glucose3,888,0.000002,UNSAT,0,0
c2670.aag,glucose3,603,0.000002,UNSAT,0,0
c2670.aag,glucose3,848,0.000002,UNSAT,0,0
c2670.aag,glucose3,604,0.000001,UNSAT,0,0
c2670.aag,glucose3,889,0.000001,UNSAT,0,0
c2670.aag,glucose3,631,0.000001,UNSAT,0,0
c2670.aag,glucose3,858,0.000002,UNSAT,0,0
c2670.aag,glucose3,871,0.000002,UNSAT,0,0
c2670.aag,glucose3,875,0.000001,UNSAT,0,0
c2670.aag,glucose3,890,0.000001,UNSAT,0,0
c2670.aag,glucose3,492,0.000002,UNSAT,0,0
c2670.aag,glucose3,650,0.000002,UNSAT,0,0
c2670.aag,glucose3,2,0.000002,UNSAT,0,0
c2670.aag,glucose3,845,0.000002,UNSAT,0,0
c2670.aag,glucose3,610,0.000001,UNSAT,0,0
c2670.aag,glucose3,644,0.000002,UNSAT,0,0
c2670.aag,glucose3,868,0.000001,UNSAT,0,0
c2670.aag,glucose3,891,0.000002,UNSAT,0,0
c2670.aag,glucose3,622,0.000002,UNSAT,0,0
c2670.aag,glucose3,614,0.000001,UNSAT,0,0
c2670.aag,glucose3,645,0.000002,UNSAT,0,0
c2670.aag,glucose3,7,0.000002,UNSAT,0,0
c2670.aag,glucose3,824,0.000002,UNSAT,0,0
c2670.aag,glucose3,859,0.000002,UNSAT,0,0
c2670.aag,glucose3,79,0.000001,UNSAT,0,0
c2670.aag,glucose3,869,0.000001,UNSAT,0,0
c2670.aag,glucose3,860,0.000001,UNSAT,0,0
c2670.aag,glucose3,506,0.000002,UNSAT,0,0
c2670.aag,glucose3,872,0.000002,UNSAT,0,0
c2670.aag,glucose3,620,0.000002,UNSAT,0,0
c2670.aag,glucose3,844,0.000001,UNSAT,0,0
c2670.aag,glucose3,25,0.000001,UNSAT,0,0
c2670.aag,glucose3,873,0.000001,UNSAT,0,0
c2670.aag,glucose3,604,0.000002,UNSAT,0,0
c2670.aag,glucose3,611,0.000002,UNSAT,0,0
c2670.aag,glucose3,892,0.000001,UNSAT,0,0
c2670.aag,glucose3,617,0.000001,UNSAT,0,0
c2670.aag,glucose3,893,0.000002,UNSAT,0,0
c2670.aag,glucose3,628,0.000002,UNSAT,0,0
c2670.aag,glucose3,498,0.000002,UNSAT,0,0
c2670.aag,glucose3,840,0.000002,UNSAT,0,0
c2670.aag,glucose3,846,0.000001,UNSAT,0,0
c2670.aag,glucose3,894,0.000001,UNSAT,0,0
c2670.aag,glucose3,827,0.000002,UNSAT,0,0
c2670.aag,glucose3,508,0.000002,UNSAT,0,0
c2670.aag,glucose3,827,0.000002,UNSAT,0,0
c2670.aag,glucose3,5,0.000002,UNSAT,0,0
c2670.aag,glucose3,647,0.000001,UNSAT,0,0
c2670.aag,glucose3,496,0.000001,UNSAT,0,0
c2670.aag,glucose3,895,0.000002,UNSAT,0,0
c2670.aag,glucose3,896,0.000002,UNSAT,0,0
c2670.aag,glucose3,897,0.000001,UNSAT,0,0
c2670.aag,glucose3,23,0.000001,UNSAT,0,0
c2670.aag,glucose3,898,0.000001,UNSAT,0,0
c2670.aag,glucose3,614,0.000002,UNSAT,0,0
c2670.aag,glucose3,856,0.000002,UNSAT,0,0
c2670.aag,glucose3,619,0.000001,UNSAT,0,0
c2670.aag,glucose3,627,0.000001,UNSAT,0,0
c2670.aag,glucose3,865,0.000002,UNSAT,0,0
c2670.aag,glucose3,899,0.000002,UNSAT,0,0
c2670.aag,glucose3,866,0.000002,UNSAT,0,0
c2670.aag,glucose3,507,0.000001,UNSAT,0,0
c2670.aag,glucose3,900,0.000001,UNSAT,0,0
c2670.aag,glucose3,856,0.000002,UNSAT,0,0
c2670.aag,glucose3,462,0.000002,UNSAT,0,0
c2670.aag,glucose3,633,0.000001,UNSAT,0,0
c2670.aag,glucose3,901,0.000002,UNSAT,0,0
c2670.aag,glucose3,614,0.000001,UNSAT,0,0
c2670.aag,glucose3,629,0.000002,UNSAT,0,0
c2670.aag,glucose3,902,0.000002,UNSAT,0,0
c2670.aag,glucose3,605,0.000001,UNSAT,0,0
c2670.aag,glucose3,862,0.000003,UNSAT,0,0
c2670.aag,glucose3,903,0.000002,UNSAT,0,0
c2670.aag,glucose3,904,0.000002,UNSAT,0,0
c2670.aag,glucose3,843,0.000002,UNSAT,0,0
c2670.aag,glucose3,879,0.000002,UNSAT,0,0
c2670.aag,glucose3,877,0.000001,UNSAT,0,0
c2670.aag,glucose3,905,0.000001,UNSAT,0,0
c2670.aag,glucose3,632,0.000002,UNSAT,0,0
c2670.aag,glucose3,906,0.000002,UNSAT,0,0
c2670.aag,glucose3,26,0.000002,UNSAT,0,0
c2670.aag,glucose3,616,0.000001,UNSAT,0,0
c2670.aag,glucose3,623,0.000001,UNSAT,0,0
c2670.aag,glucose3,907,0.000002,UNSAT,0,0
c2670.aag,glucose3,908,0.000002,UNSAT,0,0
c2670.aag,glucose3,649,0.000002,UNSAT,0,0
c2670.aag,glucose3,627,0.000001,UNSAT,0,0
c2670.aag,glucose3,823,0.000001,UNSAT,0,0
c2670.aag,glucose3,474,0.000001,UNSAT,0,0
c2670.aag,glucose3,874,0.000002,UNSAT,0,0
c2670.aag,glucose3,-884,0.000002,UNSAT,0,0
c2670.aag,glucose3,867,0.000002,UNSAT,0,0
c2670.aag,glucose3,909,0.000001,UNSAT,0,0
c2670.aag,glucose3,491,0.000001,UNSAT,0,0
c2670.aag,glucose3,490,0.000002,UNSAT,0,0
c2670.aag,glucose3,656,0.000002,UNSAT,0,0
c2670.aag,glucose3,615,0.000002,UNSAT,0,0
c2670.aag,glucose3,613,0.000002,UNSAT,0,0
c2670.aag,glucose3,24,0.000001,UNSAT,0,0
c2670.aag,glucose3,910,0.000001,UNSAT,0,0
c2670.aag,glucose3,246,0.000002,UNSAT,0,0
c2670.aag,glucose3,911,0.000002,UNSAT,0,0
c2670.aag,glucose3,857,0.000001,UNSAT,0,0
c2670.aag,glucose3,870,0.000001,UNSAT,0,0
c2670.aag,glucose3,847,0.000001,UNSAT,0,0
c2670.aag,glucose3,648,0.000002,UNSAT,0,0
c2670.aag,glucose3,4,0.000002,UNSAT,0,0
c2670.aag,glucose3,1,0.000002,UNSAT,0,0
c2670.aag,glucose3,878,0.000001,UNSAT,0,0
c2670.aag,glucose3,38,0.000001,UNSAT,0,0
c2670.aag,glucose3,604,0.000001,UNSAT,0,0
c2670.aag,glucose3,655,0.000001,UNSAT,0,0
c2670.aag,glucose3,618,0.000001,UNSAT,0,0
c2670.aag,glucose3,635,0.000001,UNSAT,0,0
c2670.aag,glucose3,505,0.000001,UNSAT,0,0
c2670.aag,glucose3,604,0.000001,UNSAT,0,0
c2670.aag,glucose3,192,0.000001,UNSAT,0,0
c2670.aag,glucose3,912,0.000001,UNSAT,0,0
c2670.aag,glucose3,842,0.000002,UNSAT,0,0
c2670.aag,glucose3,499,0.000001,UNSAT,0,0
c2670.aag,glucose3,612,0.000001,UNSAT,0,0
c2670.aag,glucose3,913,0.000001,UNSAT,0,0
c2670.aag,glucose3,350,0.000001,UNSAT,0,0
c2670.aag,glucose3,914,0.000001,UNSAT,0,0
c2670.aag,glucose3,646,0.000001,UNSAT,0,0
c2670.aag,glucose3,863,0.000001,UNSAT,0,0
c2670.aag,glucose3,915,0.000001,UNSAT,0,0
c2670.aag,glucose3,497,0.000001,UNSAT,0,0
c2670.aag,glucose3,916,0.000001,UNSAT,0,0
c2670.aag,glucose3,917,0.000001,UNSAT,0,0
c2670.aag,glucose3,621,0.000001,UNSAT,0,0
c2670.aag,glucose3,918,0.000001,UNSAT,0,0
c2670.aag,glucose4,885,0.000005,UNSAT,0,0
c2670.aag,glucose4,645,0.000002,UNSAT,0,0
c2670.aag,glucose4,636,0.000002,UNSAT,0,0
c2670.aag,glucose4,822,0.000001,UNSAT,0,0
c2670.aag,glucose4,886,0.000001,UNSAT,0,0
c2670.aag,glucose4,630,0.000002,UNSAT,0,0
c2670.aag,glucose4,634,0.000001,UNSAT,0,0
c2670.aag,glucose4,887,0.000004,UNSAT,0,0
c2670.aag,glucose4,888,0.000002,UNSAT,0,0
c2670.aag,glucose4,603,0.000001,UNSAT,0,0
c2670.aag,glucose4,848,0.000001,UNSAT,0,0
c2670.aag,glucose4,604,0.000001,UNSAT,0,0
c2670.aag,glucose4,889,0.000001,UNSAT,0,0
c2670.aag,glucose4,631,0.000001,UNSAT,0,0
c2670.aag,glucose4,858,0.000001,UNSAT,0,0
c2670.aag,glucose4,871,0.000001,UNSAT,0,0
c2670.aag,glucose4,875,0.000002,UNSAT,0,0
c2670.aag,glucose4,890,0.000001,UNSAT,0,0
c2670.aag,glucose4,492,0.000001,UNSAT,0,0
c2670.aag,glucose4,650,0.000001,UNSAT,0,0
c2670.aag,glucose4,2,0.000001,UNSAT,0,0
c2670.aag,glucose4,845,0.000001,UNSAT,0,0
c2670.aag,glucose4,610,0.000001,UNSAT,0,0
c2670.aag,glucose4,644,0.000001,UNSAT,0,0
c2670.aag,glucose4,868,0.000001,UNSAT,0,0
c2670.aag,glucose4,891,0.000001,UNSAT,0,0
c2670.aag,glucose4,622,0.000001,UNSAT,0,0
c2670.aag,glucose4,614,0.000001,UNSAT,0,0
c2670.aag,glucose4,645,0.000001,UNSAT,0,0
c2670.aag,glucose4,7,0.000001,UNSAT,0,0
c2670.aag,glucose4,824,0.000001,UNSAT,0,0
c2670.aag,glucose4,859,0.000001,UNSAT,0,0
c2670.aag,glucose4,79,0.000001,UNSAT,0,0
c2670.aag,glucose4,869,0.000001,UNSAT,0,0
c2670.aag,glucose4,860,0.000001,UNSAT,0,0
c2670.aag,glucose4,506,0.000002,UNSAT,0,0
c2670.aag,glucose4,872,0.000001,UNSAT,0,0
c2670.aag,glucose4,620,0.000002,UNSAT,0,0
c2670.aag,glucose4,844,0.000001,UNSAT,0,0
c2670.aag,glucose4,25,0.000001,UNSAT,0,0
c2670.aag,glucose4,873,0.000002,UNSAT,0,0
c2670.aag,glucose4,604,0.000001,UNSAT,0,0
c2670.aag,glucose4,611,0.000001,UNSAT,0,0
c2670.aag,glucose4,892,0.000001,UNSAT,0,0
c2670.aag,glucose4,617,0.000003,UNSAT,0,0
c2670.aag,glucose4,893,0.000002,UNSAT,0,0
c2670.aag,glucose4,628,0.000001,UNSAT,0,0
c2670.aag,glucose4,498,0.000001,UNSAT,0,0
c2670.aag,glucose4,840,0.000001,UNSAT,0,0
c2670.aag,glucose4,846,0.000001,UNSAT,0,0
c2670.aag,glucose4,894,0.000001,UNSAT,0,0
c2670.aag,glucose4,827,0.000002,UNSAT,0,0
c2670.aag,glucose4,508,0.000001,UNSAT,0,0
c2670.aag,glucose4,827,0.000001,UNSAT,0,0
c2670.aag,glucose4,5,0.000002,UNSAT,0,0
c2670.aag,glucose4,647,0.000001,UNSAT,0,0
c2670.aag,glucose4,496,0.000001,UNSAT,0,0
c2670.aag,glucose4,895,0.000001,UNSAT,0,0
c2670.aag,glucose4,896,0.000001,UNSAT,0,0
c2670.aag,glucose4,897,0.000001,UNSAT,0,0
c2670.aag,glucose4,23,0.000001,UNSAT,0,0
c2670.aag,glucose4,898,0.000001,UNSAT,0,0
c2670.aag,glucose4,614,0.000001,UNSAT,0,0
c2670.aag,glucose4,856,0.000001,UNSAT,0,0
c2670.aag,glucose4,619,0.000001,UNSAT,0,0
c2670.aag,glucose4,627,0.000001,UNSAT,0,0
c2670.aag,glucose4,865,0.000001,UNSAT,0,0
c2670.aag,glucose4,899,0.000001,UNSAT,0,0
c2670.aag,glucose4,866,0.000001,UNSAT,0,0
c2670.aag,glucose4,507,0.000002,UNSAT,0,0
c2670.aag,glucose4,900,0.000001,UNSAT,0,0
c2670.aag,glucose4,856,0.000001,UNSAT,0,0
c2670.aag,glucose4,462,0.000001,UNSAT,0,0
c2670.aag,glucose4,633,0.000001,UNSAT,0,0
c2670.aag,glucose4,901,0.000001,UNSAT,0,0
c2670.aag,glucose4,614,0.000001,UNSAT,0,0
c2670.aag,glucose4,629,0.000001,UNSAT,0,0
c2670.aag,glucose4,902,0.000001,UNSAT,0,0
c2670.aag,glucose4,605,0.000001,UNSAT,0,0
c2670.aag,glucose4,862,0.000001,UNSAT,0,0
c2670.aag,glucose4,903,0.000001,UNSAT,0,0
c2670.aag,glucose4,904,0.000001,UNSAT,0,0
c2670.aag,glucose4,843,0.000001,UNSAT,0,0
c2670.aag,glucose4,879,0.000001,UNSAT,0,0
c2670.aag,glucose4,877,0.000001,UNSAT,0,0
c2670.aag,glucose4,905,0.000001,UNSAT,0,0
c2670.aag,glucose4,632,0.000001,UNSAT,0,0
c2670.aag,glucose4,906,0.000001,UNSAT,0,0
c2670.aag,glucose4,26,0.000001,UNSAT,0,0
c2670.aag,glucose4,616,0.000001,UNSAT,0,0
c2670.aag,glucose4,623,0.000001,UNSAT,0,0
c2670.aag,glucose4,907,0.000001,UNSAT,0,0
c2670.aag,glucose4,908,0.000001,UNSAT,0,0
c2670.aag,glucose4,649,0.000001,UNSAT,0,0
c2670.aag,glucose4,627,0.000001,UNSAT,0,0
c2670.aag,glucose4,823,0.000001,UNSAT,0,0
c2670.aag,glucose4,474,0.000001,UNSAT,0,0
c2670.aag,glucose4,874,0.000001,UNSAT,0,0
c2670.aag,glucose4,-884,0.000001,UNSAT,0,0
c2670.aag,glucose4,867,0.000001,UNSAT,0,0
c2670.aag,glucose4,909,0.000001,UNSAT,0,0
c2670.aag,glucose4,491,0.000001,UNSAT,0,0
c2670.aag,glucose4,490,0.000001,UNSAT,0,0
c2670.aag,glucose4,656,0.000001,UNSAT,0,0
c2670.aag,glucose4,615,0.000001,UNSAT,0,0
c2670.aag,glucose4,613,0.000001,UNSAT,0,0
c2670.aag,glucose4,24,0.000001,UNSAT,0,0
c2670.aag,glucose4,910,0.000001,UNSAT,0,0
c2670.aag,glucose4,246,0.000001,UNSAT,0,0
c2670.aag,glucose4,911,0.000001,UNSAT,0,0
c2670.aag,glucose4,857,0.000001,UNSAT,0,0
c2670.aag,glucose4,870,0.000001,UNSAT,0,0
c2670.aag,glucose4,847,0.000001,UNSAT,0,0
c2670.aag,glucose4,648,0.000001,UNSAT,0,0
c2670.aag,glucose4,4,0.000001,UNSAT,0,0
c2670.aag,glucose4,1,0.000001,UNSAT,0,0
c2670.aag,glucose4,878,0.000001,UNSAT,0,0
c2670.aag,glucose4,38,0.000001,UNSAT,0,0
c2670.aag,glucose4,604,0.000001,UNSAT,0,0
c2670.aag,glucose4,655,0.000001,UNSAT,0,0
c2670.aag,glucose4,618,0.000001,UNSAT,0,0
c2670.aag,glucose4,635,0.000001,UNSAT,0,0
c2670.aag,glucose4,505,0.000001,UNSAT,0,0
c2670.aag,glucose4,604,0.000001,UNSAT,0,0
c2670.aag,glucose4,192,0.000001,UNSAT,0,0
c2670.aag,glucose4,912,0.000001,UNSAT,0,0
c2670.aag,glucose4,842,0.000001,UNSAT,0,0
c2670.aag,glucose4,499,0.000001,UNSAT,0,0
c2670.aag,glucose4,612,0.000001,UNSAT,0,0
c2670.aag,glucose4,913,0.000001,UNSAT,0,0
c2670.aag,glucose4,350,0.000001,UNSAT,0,0
c2670.aag,glucose4,914,0.000001,UNSAT,0,0
c2670.aag,glucose4,646,0.000001,UNSAT,0,0
c2670.aag,glucose4,863,0.000001,UNSAT,0,0
c2670.aag,glucose4,915,0.000001,UNSAT,0,0
c2670.aag,glucose4,497,0.000001,UNSAT,0,0
c2670.aag,glucose4,916,0.000001,UNSAT,0,0
c2670.aag,glucose4,917,0.000001,UNSAT,0,0
c2670.aag,glucose4,621,0.000001,UNSAT,0,0
c2670.aag,glucose4,918,0.000001,UNSAT,0,0
c2670.aag,maplechrono,885,0.000006,UNSAT,0,0
c2670.aag,maplechrono,645,0.000003,UNSAT,0,0
c2670.aag,maplechrono,636,0.000003,UNSAT,0,0
c2670.aag,maplechrono,822,0.000002,UNSAT,0,0
c2670.aag,maplechrono,886,0.000002,UNSAT,0,0
c2670.aag,maplechrono,630,0.000002,UNSAT,0,0
c2670.aag,maplechrono,634,0.000002,UNSAT,0,0
c2670.aag,maplechrono,887,0.000002,UNSAT,0,0
c2670.aag,maplechrono,888,0.000002,UNSAT,0,0
c2670.aag,maplechrono,603,0.000002,UNSAT,0,0
c2670.aag,maplechrono,848,0.000002,UNSAT,0,0
c2670.aag,maplechrono,604,0.000002,UNSAT,0,0
c2670.aag,maplechrono,889,0.000002,UNSAT,0,0
c2670.aag,maplechrono,631,0.000002,UNSAT,0,0
c2670.aag,maplechrono,858,0.000002,UNSAT,0,0
c2670.aag,maplechrono,871,0.000002,UNSAT,0,0
c2670.aag,maplechrono,875,0.000002,UNSAT,0,0
c2670.aag,maplechrono,890,0.000002,UNSAT,0,0
c2670.aag,maplechrono,492,0.000002,UNSAT,0,0
c2670.aag,maplechrono,650,0.000002,UNSAT,0,0
c2670.aag,maplechrono,2,0.000002,UNSAT,0,0
c2670.aag,maplechrono,845,0.000004,UNSAT,0,0
c2670.aag,maplechrono,610,0.000003,UNSAT,0,0
c2670.aag,maplechrono,644,0.000002,UNSAT,0,0
c2670.aag,maplechrono,868,0.000002,UNSAT,0,0
c2670.aag,maplechrono,891,0.000002,UNSAT,0,0
c2670.aag,maplechrono,622,0.000002,UNSAT,0,0
c2670.aag,maplechrono,614,0.000002,UNSAT,0,0
c2670.aag,maplechrono,645,0.000002,UNSAT,0,0
c2670.aag,maplechrono,7,0.000002,UNSAT,0,0
c2670.aag,maplechrono,824,0.000002,UNSAT,0,0
c2670.aag,maplechrono,859,0.000002,UNSAT,0,0
c2670.aag,maplechrono,79,0.000002,UNSAT,0,0
c2670.aag,maplechrono,869,0.000002,UNSAT,0,0
c2670.aag,maplechrono,860,0.000002,UNSAT,0,0
c2670.aag,maplechrono,506,0.000002,UNSAT,0,0
c2670.aag,maplechrono,872,0.000002,UNSAT,0,0
c2670.aag,maplechrono,620,0.000002,UNSAT,0,0
c2670.aag,maplechrono,844,0.000002,UNSAT,0,0
c2670.aag,maplechrono,25,0.000002,UNSAT,0,0
c2670.aag,maplechrono,873,0.000002,UNSAT,0,0
c2670.aag,maplechrono,604,0.000002,UNSAT,0,0
c2670.aag,maplechrono,611,0.000002,UNSAT,0,0
c2670.aag,maplechrono,892,0.000002,UNSAT,0,0
c2670.aag,maplechrono,617,0.000002,UNSAT,0,0
c2670.aag,maplechrono,893,0.000002,UNSAT,0,0
c2670.aag,maplechrono,628,0.000002,UNSAT,0,0
c2670.aag,maplechrono,498,0.000002,UNSAT,0,0
c2670.aag,maplechrono,840,0.000002,UNSAT,0,0
c2670.aag,maplechrono,846,0.000002,UNSAT,0,0
c2670.aag,maplechrono,894,0.000002,UNSAT,0,0
c2670.aag,maplechrono,827,0.000002,UNSAT,0,0
c2670.aag,maplechrono,508,0.000002,UNSAT,0,0
c2670.aag,maplechrono,827,0.000002,UNSAT,0,0
c2670.aag,maplechrono,5,0.000005,UNSAT,0,0
c2670.aag,maplechrono,647,0.000003,UNSAT,0,0
c2670.aag,maplechrono,496,0.000002,UNSAT,0,0
c2670.aag,maplechrono,895,0.000002,UNSAT,0,0
c2670.aag,maplechrono,896,0.000002,UNSAT,0,0
c2670.aag,maplechrono,897,0.000002,UNSAT,0,0
c2670.aag,maplechrono,23,0.000002,UNSAT,0,0
c2670.aag,maplechrono,898,0.000002,UNSAT,0,0
c2670.aag,maplechrono,614,0.000002,UNSAT,0,0
c2670.aag,maplechrono,856,0.000002,UNSAT,0,0
c2670.aag,maplechrono,619,0.000002,UNSAT,0,0
c2670.aag,maplechrono,627,0.000002,UNSAT,0,0
c2670.aag,maplechrono,865,0.000002,UNSAT,0,0
c2670.aag,maplechrono,899,0.000002,UNSAT,0,0
c2670.aag,maplechrono,866,0.000002,UNSAT,0,0
c2670.aag,maplechrono,507,0.000002,UNSAT,0,0
c2670.aag,maplechrono,900,0.000002,UNSAT,0,0
c2670.aag,maplechrono,856,0.000002,UNSAT,0,0
c2670.aag,maplechrono,462,0.000002,UNSAT,0,0
c2670.aag,maplechrono,633,0.000002,UNSAT,0,0
c2670.aag,maplechrono,901,0.000002,UNSAT,0,0
c2670.aag,maplechrono,614,0.000002,UNSAT,0,0
c2670.aag,maplechrono,629,0.000002,UNSAT,0,0
c2670.aag,maplechrono,902,0.000002,UNSAT,0,0
c2670.aag,maplechrono,605,0.000002,UNSAT,0,0
c2670.aag,maplechrono,862,0.000002,UNSAT,0,0
c2670.aag,maplechrono,903,0.000002,UNSAT,0,0
c2670.aag,maplechrono,904,0.000002,UNSAT,0,0
c2670.aag,maplechrono,843,0.000002,UNSAT,0,0
c2670.aag,maplechrono,879,0.000002,UNSAT,0,0
c2670.aag,maplechrono,877,0.000002,UNSAT,0,0
c2670.aag,maplechrono,905,0.000002,UNSAT,0,0
c2670.aag,maplechrono,632,0.000002,UNSAT,0,0
c2670.aag,maplechrono,906,0.000002,UNSAT,0,0
c2670.aag,maplechrono,26,0.000002,UNSAT,0,0
c2670.aag,maplechrono,616,0.000002,UNSAT,0,0
c2670.aag,maplechrono,623,0.000002,UNSAT,0,0
c2670.aag,maplechrono,907,0.000002,UNSAT,0,0
c2670.aag,maplechrono,908,0.000002,UNSAT,0,0
c2670.aag,maplechrono,649,0.000002,UNSAT,0,0
c2670.aag,maplechrono,627,0.000002,UNSAT,0,0
c2670.aag,maplechrono,823,0.000002,UNSAT,0,0
c2670.aag,maplechrono,474,0.000002,UNSAT,0,0
c2670.aag,maplechrono,874,0.000002,UNSAT,0,0
c2670.aag,maplechrono,-884,0.000002,UNSAT,0,0
c2670.aag,maplechrono,867,0.000002,UNSAT,0,0
c2670.aag,maplechrono,909,0.000002,UNSAT,0,0
c2670.aag,maplechrono,491,0.000002,UNSAT,0,0
c2670.aag,maplechrono,490,0.000002,UNSAT,0,0
c2670.aag,maplechrono,656,0.000002,UNSAT,0,0
c2670.aag,maplechrono,615,0.000002,UNSAT,0,0
c2670.aag,maplechrono,613,0.000002,UNSAT,0,0
c2670.aag,maplechrono,24,0.000002,UNSAT,0,0
c2670.aag,maplechrono,910,0.000002,UNSAT,0,0
c2670.aag,maplechrono,246,0.000002,UNSAT,0,0
c2670.aag,maplechrono,911,0.000002,UNSAT,0,0
c2670.aag,maplechrono,857,0.000002,UNSAT,0,0
c2670.aag,maplechrono,870,0.000002,UNSAT,0,0
c2670.aag,maplechrono,847,0.000002,UNSAT,0,0
c2670.aag,maplechrono,648,0.000002,UNSAT,0,0
c2670.aag,maplechrono,4,0.000002,UNSAT,0,0
c2670.aag,maplechrono,1,0.000002,UNSAT,0,0
c2670.aag,maplechrono,878,0.000002,UNSAT,0,0
c2670.aag,maplechrono,38,0.000002,UNSAT,0,0
c2670.aag,maplechrono,604,0.000002,UNSAT,0,0
c2670.aag,maplechrono,655,0.000002,UNSAT,0,0
c2670.aag,maplechrono,618,0.000002,UNSAT,0,0
c2670.aag,maplechrono,635,0.000002,UNSAT,0,0
c2670.aag,maplechrono,505,0.000002,UNSAT,0,0
c2670.aag,maplechrono,604,0.000002,UNSAT,0,0
c2670.aag,maplechrono,192,0.000002,UNSAT,0,0
c2670.aag,maplechrono,912,0.000002,UNSAT,0,0
c2670.aag,maplechrono,842,0.000002,UNSAT,0,0
c2670.aag,maplechrono,499,0.000002,UNSAT,0,0
c2670.aag,maplechrono,612,0.000002,UNSAT,0,0
c2670.aag,maplechrono,913,0.000002,UNSAT,0,0
c2670.aag,maplechrono,350,0.000002,UNSAT,0,0
c2670.aag,maplechrono,914,0.000002,UNSAT,0,0
c2670.aag,maplechrono,646,0.000002,UNSAT,0,0
c2670.aag,maplechrono,863,0.000002,UNSAT,0,0
c2670.aag,maplechrono,915,0.000002,UNSAT,0,0
c2670.aag,maplechrono,497,0.000002,UNSAT,0,0
c2670.aag,maplechrono,916,0.000002,UNSAT,0,0
c2670.aag,maplechrono,917,0.000002,UNSAT,0,0
c2670.aag,maplechrono,621,0.000002,UNSAT,0,0
c2670.aag,maplechrono,918,0.000002,UNSAT,0,0
c2670.aag,cadical153,885,0.000006,UNSAT,0,0
c2670.aag,cadical153,645,0.000003,UNSAT,0,0
c2670.aag,cadical153,636,0.000001,UNSAT,0,0
c2670.aag,cadical153,822,0.000001,UNSAT,0,0
c2670.aag,cadical153,886,0.000001,UNSAT,0,0
c2670.aag,cadical153,630,0.000001,UNSAT,0,0
c2670.aag,cadical153,634,0.000001,UNSAT,0,0
c2670.aag,cadical153,887,0.000002,UNSAT,0,0
c2670.aag,cadical153,888,0.000001,UNSAT,0,0
c2670.aag,cadical153,603,0.000001,UNSAT,0,0
c2670.aag,cadical153,848,0.000001,UNSAT,0,0
c2670.aag,cadical153,604,0.000002,UNSAT,0,0
c2670.aag,cadical153,889,0.000001,UNSAT,0,0
c2670.aag,cadical153,631,0.000001,UNSAT,0,0
c2670.aag,cadical153,858,0.000001,UNSAT,0,0
c2670.aag,cadical153,871,0.000001,UNSAT,0,0
c2670.aag,cadical153,875,0.000001,UNSAT,0,0
c2670.aag,cadical153,890,0.000001,UNSAT,0,0
c2670.aag,cadical153,492,0.000001,UNSAT,0,0
c2670.aag,cadical153,650,0.000001,UNSAT,0,0
c2670.aag,cadical153,2,0.000001,UNSAT,0,0
c2670.aag,cadical153,845,0.000002,UNSAT,0,0
c2670.aag,cadical153,610,0.000001,UNSAT,0,0
c2670.aag,cadical153,644,0.000001,UNSAT,0,0
c2670.aag,cadical153,868,0.000001,UNSAT,0,0
c2670.aag,cadical153,891,0.000001,UNSAT,0,0
c2670.aag,cadical153,622,0.000001,UNSAT,0,0
c2670.aag,cadical153,614,0.000002,UNSAT,0,0
c2670.aag,cadical153,645,0.000001,UNSAT,0,0
c2670.aag,cadical153,7,0.000001,UNSAT,0,0
c2670.aag,cadical153,824,0.000001,UNSAT,0,0
c2670.aag,cadical153,859,0.000001,UNSAT,0,0
c2670.aag,cadical153,79,0.000001,UNSAT,0,0
c2670.aag,cadical153,869,0.000001,UNSAT,0,0
c2670.aag,cadical153,860,0.000001,UNSAT,0,0
c2670.aag,cadical153,506,0.000001,UNSAT,0,0
c2670.aag,cadical153,872,0.000001,UNSAT,0,0
c2670.aag,cadical153,620,0.000001,UNSAT,0,0
c2670.aag,cadical153,844,0.000001,UNSAT,0,0
c2670.aag,cadical153,25,0.000001,UNSAT,0,0
c2670.aag,cadical153,873,0.000001,UNSAT,0,0
c2670.aag,cadical153,604,0.000001,UNSAT,0,0
c2670.aag,cadical153,611,0.000002,UNSAT,0,0
c2670.aag,cadical153,892,0.000002,UNSAT,0,0
c2670.aag,cadical153,617,0.000001,UNSAT,0,0
c2670.aag,cadical153,893,0.000001,UNSAT,0,0
c2670.aag,cadical153,628,0.000001,UNSAT,0,0
c2670.aag,cadical153,498,0.000001,UNSAT,0,0
c2670.aag,cadical153,840,0.000001,UNSAT,0,0
c2670.aag,cadical153,846,0.000001,UNSAT,0,0
c2670.aag,cadical153,894,0.000001,UNSAT,0,0
c2670.aag,cadical153,827,0.000002,UNSAT,0,0
c2670.aag,cadical153,508,0.000002,UNSAT,0,0
c2670.aag,cadical153,827,0.000001,UNSAT,0,0
c2670.aag,cadical153,5,0.000001,UNSAT,0,0
c2670.aag,cadical153,647,0.000001,UNSAT,0,0
c2670.aag,cadical153,496,0.000001,UNSAT,0,0
c2670.aag,cadical153,895,0.000001,UNSAT,0,0
c2670.aag,cadical153,896,0.000001,UNSAT,0,0
c2670.aag,cadical153,897,0.000001,UNSAT,0,0
c2670.aag,cadical153,23,0.000001,UNSAT,0,0
c2670.aag,cadical153,898,0.000001,UNSAT,0,0
c2670.aag,cadical153,614,0.000001,UNSAT,0,0
c2670.aag,cadical153,856,0.000001,UNSAT,0,0
c2670.aag,cadical153,619,0.000001,UNSAT,0,0
c2670.aag,cadical153,627,0.000002,UNSAT,0,0
c2670.aag,cadical153,865,0.000001,UNSAT,0,0
c2670.aag,cadical153,899,0.000001,UNSAT,0,0
c2670.aag,cadical153,866,0.000001,UNSAT,0,0
c2670.aag,cadical153,507,0.000001,UNSAT,0,0
c2670.aag,cadical153,900,0.000001,UNSAT,0,0
c2670.aag,cadical153,856,0.000001,UNSAT,0,0
c2670.aag,cadical153,462,0.000001,UNSAT,0,0
c2670.aag,cadical153,633,0.000001,UNSAT,0,0
c2670.aag,cadical153,901,0.000001,UNSAT,0,0
c2670.aag,cadical153,614,0.000001,UNSAT,0,0
c2670.aag,cadical153,629,0.000001,UNSAT,0,0
c2670.aag,cadical153,902,0.000004,UNSAT,0,0
c2670.aag,cadical153,605,0.000002,UNSAT,0,0
c2670.aag,cadical153,862,0.000001,UNSAT,0,0
c2670.aag,cadical153,903,0.000001,UNSAT,0,0
c2670.aag,cadical153,904,0.000001,UNSAT,0,0
c2670.aag,cadical153,843,0.000001,UNSAT,0,0
c2670.aag,cadical153,879,0.000001,UNSAT,0,0
c2670.aag,cadical153,877,0.000001,UNSAT,0,0
c2670.aag,cadical153,905,0.000001,UNSAT,0,0
c2670.aag,cadical153,632,0.000001,UNSAT,0,0
c2670.aag,cadical153,906,0.000001,UNSAT,0,0
c2670.aag,cadical153,26,0.000001,UNSAT,0,0
c2670.aag,cadical153,616,0.000002,UNSAT,0,0
c2670.aag,cadical153,623,0.000001,UNSAT,0,0
c2670.aag,cadical153,907,0.000001,UNSAT,0,0
c2670.aag,cadical153,908,0.000001,UNSAT,0,0
c2670.aag,cadical153,649,0.000002,UNSAT,0,0
c2670.aag,cadical153,627,0.000004,UNSAT,0,0
c2670.aag,cadical153,823,0.000002,UNSAT,0,0
c2670.aag,cadical153,474,0.000001,UNSAT,0,0
c2670.aag,cadical153,874,0.000001,UNSAT,0,0
c2670.aag,cadical153,-884,0.000001,UNSAT,0,0
c2670.aag,cadical153,867,0.000001,UNSAT,0,0
c2670.aag,cadical153,909,0.000001,UNSAT,0,0
c2670.aag,cadical153,491,0.000001,UNSAT,0,0
c2670.aag,cadical153,490,0.000001,UNSAT,0,0
c2670.aag,cadical153,656,0.000001,UNSAT,0,0
c2670.aag,cadical153,615,0.000002,UNSAT,0,0
c2670.aag,cadical153,613,0.000001,UNSAT,0,0
c2670.aag,cadical153,24,0.000001,UNSAT,0,0
c2670.aag,cadical153,910,0.000001,UNSAT,0,0
c2670.aag,cadical153,246,0.000001,UNSAT,0,0
c2670.aag,cadical153,911,0.000001,UNSAT,0,0
c2670.aag,cadical153,857,0.000002,UNSAT,0,0
c2670.aag,cadical153,870,0.000002,UNSAT,0,0
c2670.aag,cadical153,847,0.000001,UNSAT,0,0
c2670.aag,cadical153,648,0.000002,UNSAT,0,0
c2670.aag,cadical153,4,0.000002,UNSAT,0,0
c2670.aag,cadical153,1,0.000001,UNSAT,0,0
c2670.aag,cadical153,878,0.000001,UNSAT,0,0
c2670.aag,cadical153,38,0.000001,UNSAT,0,0
c2670.aag,cadical153,604,0.000001,UNSAT,0,0
c2670.aag,cadical153,655,0.000001,UNSAT,0,0
c2670.aag,cadical153,618,0.000002,UNSAT,0,0
c2670.aag,cadical153,635,0.000001,UNSAT,0,0
c2670.aag,cadical153,505,0.000001,UNSAT,0,0
c2670.aag,cadical153,604,0.000001,UNSAT,0,0
c2670.aag,cadical153,192,0.000001,UNSAT,0,0
c2670.aag,cadical153,912,0.000001,UNSAT,0,0
c2670.aag,cadical153,842,0.000001,UNSAT,0,0
c2670.aag,cadical153,499,0.000001,UNSAT,0,0
c2670.aag,cadical153,612,0.000001,UNSAT,0,0
c2670.aag,cadical153,913,0.000001,UNSAT,0,0
c2670.aag,cadical153,350,0.000001,UNSAT,0,0
c2670.aag,cadical153,914,0.000001,UNSAT,0,0
c2670.aag,cadical153,646,0.000001,UNSAT,0,0
c2670.aag,cadical153,863,0.000001,UNSAT,0,0
c2670.aag,cadical153,915,0.000001,UNSAT,0,0
c2670.aag,cadical153,497,0.000001,UNSAT,0,0
c2670.aag,cadical153,916,0.000001,UNSAT,0,0
c2670.aag,cadical153,917,0.000001,UNSAT,0,0
c2670.aag,cadical153,621,0.000001,UNSAT,0,0
c2670.aag,cadical153,918,0.000001,UNSAT,0,0
c2670.aag,lingeling,885,0.000036,UNSAT,0,0
c2670.aag,lingeling,645,0.000025,UNSAT,0,0
c2670.aag,lingeling,636,0.000024,UNSAT,0,0
c2670.aag,lingeling,822,0.000024,UNSAT,0,0
c2670.aag,lingeling,886,0.000024,UNSAT,0,0
c2670.aag,lingeling,630,0.000024,UNSAT,0,0
c2670.aag,lingeling,634,0.000024,UNSAT,0,0
c2670.aag,lingeling,887,0.000024,UNSAT,0,0
c2670.aag,lingeling,888,0.000024,UNSAT,0,0
c2670.aag,lingeling,603,0.000024,UNSAT,0,0
c2670.aag,lingeling,848,0.000024,UNSAT,0,0
c2670.aag,lingeling,604,0.000024,UNSAT,0,0
c2670.aag,lingeling,889,0.000024,UNSAT,0,0
c2670.aag,lingeling,631,0.000024,UNSAT,0,0
c2670.aag,lingeling,858,0.000024,UNSAT,0,0
c2670.aag,lingeling,871,0.000024,UNSAT,0,0
c2670.aag,lingeling,875,0.000024,UNSAT,0,0
c2670.aag,lingeling,890,0.000024,UNSAT,0,0
c2670.aag,lingeling,492,0.000024,UNSAT,0,0
c2670.aag,lingeling,650,0.000024,UNSAT,0,0
c2670.aag,lingeling,2,0.000024,UNSAT,0,0
c2670.aag,lingeling,845,0.000024,UNSAT,0,0
c2670.aag,lingeling,610,0.000024,UNSAT,0,0
c2670.aag,lingeling,644,0.000024,UNSAT,0,0
c2670.aag,lingeling,868,0.000024,UNSAT,0,0
c2670.aag,lingeling,891,0.000024,UNSAT,0,0
c2670.aag,lingeling,622,0.000024,UNSAT,0,0
c2670.aag,lingeling,614,0.000024,UNSAT,0,0
c2670.aag,lingeling,645,0.000024,UNSAT,0,0
c2670.aag,lingeling,7,0.000024,UNSAT,0,0
c2670.aag,lingeling,824,0.000024,UNSAT,0,0
c2670.aag,lingeling,859,0.000024,UNSAT,0,0
c2670.aag,lingeling,79,0.000039,UNSAT,0,0
c2670.aag,lingeling,869,0.000025,UNSAT,0,0
c2670.aag,lingeling,860,0.000024,UNSAT,0,0
c2670.aag,lingeling,506,0.000024,UNSAT,0,0
c2670.aag,lingeling,872,0.000024,UNSAT,0,0
c2670.aag,lingeling,620,0.000024,UNSAT,0,0
c2670.aag,lingeling,844,0.000024,UNSAT,0,0
c2670.aag,lingeling,25,0.000024,UNSAT,0,0
c2670.aag,lingeling,873,0.000024,UNSAT,0,0
c2670.aag,lingeling,604,0.000024,UNSAT,0,0
c2670.aag,lingeling,611,0.000024,UNSAT,0,0
c2670.aag,lingeling,892,0.000024,UNSAT,0,0
c2670.aag,lingeling,617,0.000024,UNSAT,0,0
c2670.aag,lingeling,893,0.000024,UNSAT,0,0
c2670.aag,lingeling,628,0.000024,UNSAT,0,0
c2670.aag,lingeling,498,0.000024,UNSAT,0,0
c2670.aag,lingeling,840,0.000023,UNSAT,0,0
c2670.aag,lingeling,846,0.000024,UNSAT,0,0
c2670.aag,lingeling,894,0.000024,UNSAT,0,0
c2670.aag,lingeling,827,0.000024,UNSAT,0,0
c2670.aag,lingeling,508,0.000024,UNSAT,0,0
c2670.aag,lingeling,827,0.000024,UNSAT,0,0
c2670.aag,lingeling,5,0.000024,UNSAT,0,0
c2670.aag,lingeling,647,0.000024,UNSAT,0,0
c2670.aag,lingeling,496,0.000024,UNSAT,0,0
c2670.aag,lingeling,895,0.000024,UNSAT,0,0
c2670.aag,lingeling,896,0.000024,UNSAT,0,0
c2670.aag,lingeling,897,0.000024,UNSAT,0,0
c2670.aag,lingeling,23,0.000024,UNSAT,0,0
c2670.aag,lingeling,898,0.000024,UNSAT,0,0
c2670.aag,lingeling,614,0.000024,UNSAT,0,0
c2670.aag,lingeling,856,0.000024,UNSAT,0,0
c2670.aag,lingeling,619,0.000024,UNSAT,0,0
c2670.aag,lingeling,627,0.000024,UNSAT,0,0
c2670.aag,lingeling,865,0.000024,UNSAT,0,0
c2670.aag,lingeling,899,0.000024,UNSAT,0,0
c2670.aag,lingeling,866,0.000024,UNSAT,0,0
c2670.aag,lingeling,507,0.000024,UNSAT,0,0
c2670.aag,lingeling,900,0.000024,UNSAT,0,0
c2670.aag,lingeling,856,0.000024,UNSAT,0,0
c2670.aag,lingeling,462,0.000031,UNSAT,0,0
c2670.aag,lingeling,633,0.000025,UNSAT,0,0
c2670.aag,lingeling,901,0.000024,UNSAT,0,0
c2670.aag,lingeling,614,0.000024,UNSAT,0,0
c2670.aag,lingeling,629,0.000024,UNSAT,0,0
c2670.aag,lingeling,902,0.000024,UNSAT,0,0
c2670.aag,lingeling,605,0.000024,UNSAT,0,0
c2670.aag,lingeling,862,0.000024,UNSAT,0,0
c2670.aag,lingeling,903,0.000024,UNSAT,0,0
c2670.aag,lingeling,904,0.000024,UNSAT,0,0
c2670.aag,lingeling,843,0.000024,UNSAT,0,0
c2670.aag,lingeling,879,0.000024,UNSAT,0,0
c2670.aag,lingeling,877,0.000024,UNSAT,0,0
c2670.aag,lingeling,905,0.000024,UNSAT,0,0
c2670.aag,lingeling,632,0.000024,UNSAT,0,0
c2670.aag,lingeling,906,0.000024,UNSAT,0,0
c2670.aag,lingeling,26,0.000024,UNSAT,0,0
c2670.aag,lingeling,616,0.000024,UNSAT,0,0
c2670.aag,lingeling,623,0.000024,UNSAT,0,0
c2670.aag,lingeling,907,0.000024,UNSAT,0,0
c2670.aag,lingeling,908,0.000024,UNSAT,0,0
c2670.aag,lingeling,649,0.000043,UNSAT,0,0
c2670.aag,lingeling,627,0.000025,UNSAT,0,0
c2670.aag,lingeling,823,0.000024,UNSAT,0,0
c2670.aag,lingeling,474,0.000024,UNSAT,0,0
c2670.aag,lingeling,874,0.000024,UNSAT,0,0
c2670.aag,lingeling,-884,0.000024,UNSAT,0,0
c2670.aag,lingeling,867,0.000024,UNSAT,0,0
c2670.aag,lingeling,909,0.000024,UNSAT,0,0
c2670.aag,lingeling,491,0.000024,UNSAT,0,0
c2670.aag,lingeling,490,0.000024,UNSAT,0,0
c2670.aag,lingeling,656,0.000024,UNSAT,0,0
c2670.aag,lingeling,615,0.000024,UNSAT,0,0
c2670.aag,lingeling,613,0.000024,UNSAT,0,0
c2670.aag,lingeling,24,0.000024,UNSAT,0,0
c2670.aag,lingeling,910,0.000024,UNSAT,0,0
c2670.aag,lingeling,246,0.000024,UNSAT,0,0
c2670.aag,lingeling,911,0.000024,UNSAT,0,0
c2670.aag,lingeling,857,0.000024,UNSAT,0,0
c2670.aag,lingeling,870,0.000025,UNSAT,0,0
c2670.aag,lingeling,847,0.000024,UNSAT,0,0
c2670.aag,lingeling,648,0.000024,UNSAT,0,0
c2670.aag,lingeling,4,0.000024,UNSAT,0,0
c2670.aag,lingeling,1,0.000024,UNSAT,0,0
c2670.aag,lingeling,878,0.000024,UNSAT,0,0
c2670.aag,lingeling,38,0.000024,UNSAT,0,0
c2670.aag,lingeling,604,0.000024,UNSAT,0,0
c2670.aag,lingeling,655,0.000024,UNSAT,0,0
c2670.aag,lingeling,618,0.000024,UNSAT,0,0
c2670.aag,lingeling,635,0.000024,UNSAT,0,0
c2670.aag,lingeling,505,0.000024,UNSAT,0,0
c2670.aag,lingeling,604,0.000024,UNSAT,0,0
c2670.aag,lingeling,192,0.000024,UNSAT,0,0
c2670.aag,lingeling,912,0.000024,UNSAT,0,0
c2670.aag,lingeling,842,0.000024,UNSAT,0,0
c2670.aag,lingeling,499,0.000024,UNSAT,0,0
c2670.aag,lingeling,612,0.000024,UNSAT,0,0
c2670.aag,lingeling,913,0.000024,UNSAT,0,0
c2670.aag,lingeling,350,0.000024,UNSAT,0,0
c2670.aag,lingeling,914,0.000024,UNSAT,0,0
c2670.aag,lingeling,646,0.000024,UNSAT,0,0
c2670.aag,lingeling,863,0.000024,UNSAT,0,0
c2670.aag,lingeling,915,0.000024,UNSAT,0,0
c2670.aag,lingeling,497,0.000024,UNSAT,0,0
c2670.aag,lingeling,916,0.000024,UNSAT,0,0
c2670.aag,lingeling,917,0.000024,UNSAT,0,0
c2670.aag,lingeling,621,0.000024,UNSAT,0,0
c2670.aag,lingeling,918,0.000027,UNSAT,0,0
c2670.aag,mergesat3,885,0.000004,UNSAT,0,0
c2670.aag,mergesat3,645,0.000002,UNSAT,0,0
c2670.aag,mergesat3,636,0.000001,UNSAT,0,0
c2670.aag,mergesat3,822,0.000001,UNSAT,0,0
c2670.aag,mergesat3,886,0.000001,UNSAT,0,0
c2670.aag,mergesat3,630,0.000001,UNSAT,0,0
c2670.aag,mergesat3,634,0.000001,UNSAT,0,0
c2670.aag,mergesat3,887,0.000001,UNSAT,0,0
c2670.aag,mergesat3,888,0.000001,UNSAT,0,0
c2670.aag,mergesat3,603,0.000002,UNSAT,0,0
c2670.aag,mergesat3,848,0.000002,UNSAT,0,0
c2670.aag,mergesat3,604,0.000001,UNSAT,0,0
c2670.aag,mergesat3,889,0.000001,UNSAT,0,0
c2670.aag,mergesat3,631,0.000001,UNSAT,0,0
c2670.aag,mergesat3,858,0.000001,UNSAT,0,0
c2670.aag,mergesat3,871,0.000001,UNSAT,0,0
c2670.aag,mergesat3,875,0.000001,UNSAT,0,0
c2670.aag,mergesat3,890,0.000001,UNSAT,0,0
c2670.aag,mergesat3,492,0.000001,UNSAT,0,0
c2670.aag,mergesat3,650,0.000001,UNSAT,0,0
c2670.aag,mergesat3,2,0.000001,UNSAT,0,0
c2670.aag,mergesat3,845,0.000001,UNSAT,0,0
c2670.aag,mergesat3,610,0.000001,UNSAT,0,0
c2670.aag,mergesat3,644,0.000001,UNSAT,0,0
c2670.aag,mergesat3,868,0.000001,UNSAT,0,0
c2670.aag,mergesat3,891,0.000001,UNSAT,0,0
c2670.aag,mergesat3,622,0.000001,UNSAT,0,0
c2670.aag,mergesat3,614,0.000001,UNSAT,0,0
c2670.aag,mergesat3,645,0.000001,UNSAT,0,0
c2670.aag,mergesat3,7,0.000001,UNSAT,0,0
c2670.aag,mergesat3,824,0.000001,UNSAT,0,0
c2670.aag,mergesat3,859,0.000001,UNSAT,0,0
c2670.aag,mergesat3,79,0.000001,UNSAT,0,0
c2670.aag,mergesat3,869,0.000002,UNSAT,0,0
c2670.aag,mergesat3,860,0.000001,UNSAT,0,0
c2670.aag,mergesat3,506,0.000001,UNSAT,0,0
c2670.aag,mergesat3,872,0.000001,UNSAT,0,0
c2670.aag,mergesat3,620,0.000001,UNSAT,0,0
c2670.aag,mergesat3,844,0.000001,UNSAT,0,0
c2670.aag,mergesat3,25,0.000001,UNSAT,0,0
c2670.aag,mergesat3,873,0.000001,UNSAT,0,0
c2670.aag,mergesat3,604,0.000001,UNSAT,0,0
c2670.aag,mergesat3,611,0.000001,UNSAT,0,0
c2670.aag,mergesat3,892,0.000001,UNSAT,0,0
c2670.aag,mergesat3,617,0.000001,UNSAT,0,0
c2670.aag,mergesat3,893,0.000001,UNSAT,0,0
c2670.aag,mergesat3,628,0.000001,UNSAT,0,0
c2670.aag,mergesat3,498,0.000001,UNSAT,0,0
c2670.aag,mergesat3,840,0.000001,UNSAT,0,0
c2670.aag,mergesat3,846,0.000001,UNSAT,0,0
c2670.aag,mergesat3,894,0.000001,UNSAT,0,0
c2670.aag,mergesat3,827,0.000001,UNSAT,0,0
c2670.aag,mergesat3,508,0.000001,UNSAT,0,0
c2670.aag,mergesat3,827,0.000001,UNSAT,0,0
c2670.aag,mergesat3,5,0.000001,UNSAT,0,0
c2670.aag,mergesat3,647,0.000001,UNSAT,0,0
c2670.aag,mergesat3,496,0.000001,UNSAT,0,0
c2670.aag,mergesat3,895,0.000001,UNSAT,0,0
c2670.aag,mergesat3,896,0.000001,UNSAT,0,0
c2670.aag,mergesat3,897,0.000001,UNSAT,0,0
c2670.aag,mergesat3,23,0.000001,UNSAT,0,0
c2670.aag,mergesat3,898,0.000001,UNSAT,0,0
c2670.aag,mergesat3,614,0.000001,UNSAT,0,0
c2670.aag,mergesat3,856,0.000001,UNSAT,0,0
c2670.aag,mergesat3,619,0.000001,UNSAT,0,0
c2670.aag,mergesat3,627,0.000001,UNSAT,0,0
c2670.aag,mergesat3,865,0.000001,UNSAT,0,0
c2670.aag,mergesat3,899,0.000001,UNSAT,0,0
c2670.aag,mergesat3,866,0.000001,UNSAT,0,0
c2670.aag,mergesat3,507,0.000001,UNSAT,0,0
c2670.aag,mergesat3,900,0.000001,UNSAT,0,0
c2670.aag,mergesat3,856,0.000001,UNSAT,0,0
c2670.aag,mergesat3,462,0.000001,UNSAT,0,0
c2670.aag,mergesat3,633,0.000001,UNSAT,0,0
c2670.aag,mergesat3,901,0.000001,UNSAT,0,0
c2670.aag,mergesat3,614,0.000001,UNSAT,0,0
c2670.aag,mergesat3,629,0.000001,UNSAT,0,0
c2670.aag,mergesat3,902,0.000001,UNSAT,0,0
c2670.aag,mergesat3,605,0.000001,UNSAT,0,0
c2670.aag,mergesat3,862,0.000001,UNSAT,0,0
c2670.aag,mergesat3,903,0.000001,UNSAT,0,0
c2670.aag,mergesat3,904,0.000001,UNSAT,0,0
c2670.aag,mergesat3,843,0.000001,UNSAT,0,0
c2670.aag,mergesat3,879,0.000001,UNSAT,0,0
c2670.aag,mergesat3,877,0.000001,UNSAT,0,0
c2670.aag,mergesat3,905,0.000001,UNSAT,0,0
c2670.aag,mergesat3,632,0.000001,UNSAT,0,0
c2670.aag,mergesat3,906,0.000001,UNSAT,0,0
c2670.aag,mergesat3,26,0.000001,UNSAT,0,0
c2670.aag,mergesat3,616,0.000001,UNSAT,0,0
c2670.aag,mergesat3,623,0.000001,UNSAT,0,0
c2670.aag,mergesat3,907,0.000001,UNSAT,0,0
c2670.aag,mergesat3,908,0.000001,UNSAT,0,0
c2670.aag,mergesat3,649,0.000001,UNSAT,0,0
c2670.aag,mergesat3,627,0.000001,UNSAT,0,0
c2670.aag,mergesat3,823,0.000001,UNSAT,0,0
c2670.aag,mergesat3,474,0.000001,UNSAT,0,0
c2670.aag,mergesat3,874,0.000001,UNSAT,0,0
c2670.aag,mergesat3,-884,0.000001,UNSAT,0,0
c2670.aag,mergesat3,867,0.000001,UNSAT,0,0
c2670.aag,mergesat3,909,0.000001,UNSAT,0,0
c2670.aag,mergesat3,491,0.000001,UNSAT,0,0
c2670.aag,mergesat3,490,0.000001,UNSAT,0,0
c2670.aag,mergesat3,656,0.000001,UNSAT,0,0
c2670.aag,mergesat3,615,0.000001,UNSAT,0,0
c2670.aag,mergesat3,613,0.000001,UNSAT,0,0
c2670.aag,mergesat3,24,0.000001,UNSAT,0,0
c2670.aag,mergesat3,910,0.000001,UNSAT,0,0
c2670.aag,mergesat3,246,0.000001,UNSAT,0,0
c2670.aag,mergesat3,911,0.000001,UNSAT,0,0
c2670.aag,mergesat3,857,0.000002,UNSAT,0,0
c2670.aag,mergesat3,870,0.000001,UNSAT,0,0
c2670.aag,mergesat3,847,0.000001,UNSAT,0,0
c2670.aag,mergesat3,648,0.000001,UNSAT,0,0
c2670.aag,mergesat3,4,0.000001,UNSAT,0,0
c2670.aag,mergesat3,1,0.000001,UNSAT,0,0
c2670.aag,mergesat3,878,0.000001,UNSAT,0,0
c2670.aag,mergesat3,38,0.000001,UNSAT,0,0
c2670.aag,mergesat3,604,0.000001,UNSAT,0,0
c2670.aag,mergesat3,655,0.000001,UNSAT,0,0
c2670.aag,mergesat3,618,0.000003,UNSAT,0,0
c2670.aag,mergesat3,635,0.000001,UNSAT,0,0
c2670.aag,mergesat3,505,0.000001,UNSAT,0,0
c2670.aag,mergesat3,604,0.000001,UNSAT,0,0
c2670.aag,mergesat3,192,0.000001,UNSAT,0,0
c2670.aag,mergesat3,912,0.000001,UNSAT,0,0
c2670.aag,mergesat3,842,0.000001,UNSAT,0,0
c2670.aag,mergesat3,499,0.000001,UNSAT,0,0
c2670.aag,mergesat3,612,0.000001,UNSAT,0,0
c2670.aag,mergesat3,913,0.000001,UNSAT,0,0
c2670.aag,mergesat3,350,0.000001,UNSAT,0,0
c2670.aag,mergesat3,914,0.000001,UNSAT,0,0
c2670.aag,mergesat3,646,0.000001,UNSAT,0,0
c2670.aag,mergesat3,863,0.000001,UNSAT,0,0
c2670.aag,mergesat3,915,0.000001,UNSAT,0,0
c2670.aag,mergesat3,497,0.000001,UNSAT,0,0
c2670.aag,mergesat3,916,0.000001,UNSAT,0,0
c2670.aag,mergesat3,917,0.000001,UNSAT,0,0
c2670.aag,mergesat3,621,0.000001,UNSAT,0,0
c2670.aag,mergesat3,918,0.000001,UNSAT,0,0
c7552.aag,minisat22,1087,0.000010,UNSAT,0,0
c7552.aag,minisat22,489,0.000003,UNSAT,0,0
c7552.aag,minisat22,1086,0.000002,UNSAT,0,0
c7552.aag,minisat22,881,0.000002,UNSAT,0,0
c7552.aag,minisat22,1083,0.000002,UNSAT,0,0
c7552.aag,minisat22,1901,0.000002,UNSAT,0,0
c7552.aag,minisat22,49,0.000001,UNSAT,0,0
c7552.aag,minisat22,1902,0.000002,UNSAT,0,0
c7552.aag,minisat22,1132,0.000002,UNSAT,0,0
c7552.aag,minisat22,159,0.000002,UNSAT,0,0
c7552.aag,minisat22,5,0.000002,UNSAT,0,0
c7552.aag,minisat22,1085,0.000001,UNSAT,0,0
c7552.aag,minisat22,1903,0.000001,UNSAT,0,0
c7552.aag,minisat22,1904,0.000001,UNSAT,0,0
c7552.aag,minisat22,1085,0.000002,UNSAT,0,0
c7552.aag,minisat22,1905,0.000002,UNSAT,0,0
c7552.aag,minisat22,1906,0.000002,UNSAT,0,0
c7552.aag,minisat22,1907,0.000002,UNSAT,0,0
c7552.aag,minisat22,1908,0.000001,UNSAT,0,0
c7552.aag,minisat22,1103,0.000001,UNSAT,0,0
c7552.aag,minisat22,1909,0.000001,UNSAT,0,0
c7552.aag,minisat22,867,0.000001,UNSAT,0,0
c7552.aag,minisat22,231,0.000002,UNSAT,0,0
c7552.aag,minisat22,188,0.000001,UNSAT,0,0
c7552.aag,minisat22,1910,0.000001,UNSAT,0,0
c7552.aag,minisat22,1911,0.000001,UNSAT,0,0
c7552.aag,minisat22,397,0.000001,UNSAT,0,0
c7552.aag,minisat22,1912,0.000001,UNSAT,0,0
c7552.aag,minisat22,215,0.000001,UNSAT,0,0
c7552.aag,minisat22,1913,0.000001,UNSAT,0,0
c7552.aag,minisat22,1776,0.000001,UNSAT,0,0
c7552.aag,minisat22,1914,0.000001,UNSAT,0,0
c7552.aag,minisat22,1915,0.000001,UNSAT,0,0
c7552.aag,minisat22,1916,0.000001,UNSAT,0,0
c7552.aag,minisat22,1917,0.000001,UNSAT,0,0
c7552.aag,minisat22,38,0.000002,UNSAT,0,0
c7552.aag,minisat22,199,0.000001,UNSAT,0,0
c7552.aag,minisat22,1918,0.000001,UNSAT,0,0
c7552.aag,minisat22,1117,0.000001,UNSAT,0,0
c7552.aag,minisat22,270,0.000001,UNSAT,0,0
c7552.aag,minisat22,1919,0.000001,UNSAT,0,0
c7552.aag,minisat22,95,0.000002,UNSAT,0,0
c7552.aag,minisat22,991,0.000001,UNSAT,0,0
c7552.aag,minisat22,314,0.000001,UNSAT,0,0
c7552.aag,minisat22,414,0.000004,UNSAT,0,0
c7552.aag,minisat22,1920,0.000002,UNSAT,0,0
c7552.aag,minisat22,1921,0.000001,UNSAT,0,0
c7552.aag,minisat22,330,0.000001,UNSAT,0,0
c7552.aag,minisat22,1922,0.000002,UNSAT,0,0
c7552.aag,minisat22,686,0.000001,UNSAT,0,0
c7552.aag,minisat22,105,0.000001,UNSAT,0,0
c7552.aag,minisat22,1063,0.000001,UNSAT,0,0
c7552.aag,minisat22,1923,0.000002,UNSAT,0,0
c7552.aag,minisat22,1924,0.000001,UNSAT,0,0
c7552.aag,minisat22,349,0.000001,UNSAT,0,0
c7552.aag,minisat22,1117,0.000001,UNSAT,0,0
c7552.aag,minisat22,1925,0.000001,UNSAT,0,0
c7552.aag,minisat22,1926,0.000002,UNSAT,0,0
c7552.aag,minisat22,4,0.000001,UNSAT,0,0
c7552.aag,minisat22,1927,0.000001,UNSAT,0,0
c7552.aag,minisat22,301,0.000001,UNSAT,0,0
c7552.aag,minisat22,1894,0.000001,UNSAT,0,0
c7552.aag,minisat22,1928,0.000001,UNSAT,0,0
c7552.aag,minisat22,1929,0.000001,UNSAT,0,0
c7552.aag,minisat22,1141,0.000001,UNSAT,0,0
c7552.aag,minisat22,1930,0.000001,UNSAT,0,0
c7552.aag,minisat22,1931,0.000001,UNSAT,0,0
c7552.aag,minisat22,1932,0.000001,UNSAT,0,0
c7552.aag,minisat22,1105,0.000001,UNSAT,0,0
c7552.aag,minisat22,1063,0.000001,UNSAT,0,0
c7552.aag,minisat22,13,0.000001,UNSAT,0,0
c7552.aag,minisat22,1933,0.000001,UNSAT,0,0
c7552.aag,minisat22,432,0.000001,UNSAT,0,0
c7552.aag,minisat22,1934,0.000001,UNSAT,0,0
c7552.aag,minisat22,1935,0.000001,UNSAT,0,0
c7552.aag,minisat22,172,0.000001,UNSAT,0,0
c7552.aag,minisat22,1936,0.000002,UNSAT,0,0
c7552.aag,minisat22,289,0.000001,UNSAT,0,0
c7552.aag,minisat22,381,0.000001,UNSAT,0,0
c7552.aag,minisat22,1937,0.000001,UNSAT,0,0
c7552.aag,minisat22,31,0.000001,UNSAT,0,0
c7552.aag,minisat22,1938,0.000001,UNSAT,0,0
c7552.aag,minisat22,248,0.000001,UNSAT,0,0
c7552.aag,minisat22,1085,0.000001,UNSAT,0,0
c7552.aag,minisat22,1088,0.000010,UNSAT,0,0
c7552.aag,minisat22,990,0.000002,UNSAT,0,0
c7552.aag,minisat22,1054,0.000001,UNSAT,0,0
c7552.aag,minisat22,1681,0.000001,UNSAT,0,0
c7552.aag,minisat22,1891,0.000001,UNSAT,0,0
c7552.aag,minisat22,1939,0.000001,UNSAT,0,0
c7552.aag,minisat22,1886,0.000002,UNSAT,0,0
c7552.aag,minisat22,1085,0.000002,UNSAT,0,0
c7552.aag,minisat22,505,0.000001,UNSAT,0,0
c7552.aag,minisat22,1940,0.000002,UNSAT,0,0
c7552.aag,minisat22,1941,0.000002,UNSAT,0,0
c7552.aag,minisat22,1942,0.000001,UNSAT,0,0
c7552.aag,minisat22,1900,0.000001,UNSAT,0,0
c7552.aag,minisat22,1943,0.000001,UNSAT,0,0
c7552.aag,minisat22,74,0.000001,UNSAT,0,0
c7552.aag,minisat22,40,0.000001,UNSAT,0,0
c7552.aag,minisat22,136,0.000001,UNSAT,0,0
c7552.aag,minisat22,1944,0.000001,UNSAT,0,0
c7552.aag,minisat22,88,0.000001,UNSAT,0,0
c7552.aag,minisat22,1945,0.000001,UNSAT,0,0
c7552.aag,minisat22,254,0.000001,UNSAT,0,0
c7552.aag,minisat22,1946,0.000001,UNSAT,0,0
c7552.aag,minisat22,1947,0.000001,UNSAT,0,0
c7552.aag,minisat22,1076,0.000001,UNSAT,0,0
c7552.aag,glucose3,1087,0.000005,UNSAT,0,0
c7552.aag,glucose3,489,0.000002,UNSAT,0,0
c7552.aag,glucose3,1086,0.000001,UNSAT,0,0
c7552.aag,glucose3,881,0.000001,UNSAT,0,0
c7552.aag,glucose3,1083,0.000001,UNSAT,0,0
c7552.aag,glucose3,1901,0.000001,UNSAT,0,0
c7552.aag,glucose3,49,0.000002,UNSAT,0,0
c7552.aag,glucose3,1902,0.000001,UNSAT,0,0
c7552.aag,glucose3,1132,0.000001,UNSAT,0,0
c7552.aag,glucose3,159,0.000002,UNSAT,0,0
c7552.aag,glucose3,5,0.000001,UNSAT,0,0
c7552.aag,glucose3,1085,0.000001,UNSAT,0,0
c7552.aag,glucose3,1903,0.000001,UNSAT,0,0
c7552.aag,glucose3,1904,0.000001,UNSAT,0,0
c7552.aag,glucose3,1085,0.000001,UNSAT,0,0
c7552.aag,glucose3,1905,0.000001,UNSAT,0,0
c7552.aag,glucose3,1906,0.000001,UNSAT,0,0
c7552.aag,glucose3,1907,0.000001,UNSAT,0,0
c7552.aag,glucose3,1908,0.000001,UNSAT,0,0
c7552.aag,glucose3,1103,0.000001,UNSAT,0,0
c7552.aag,glucose3,1909,0.000001,UNSAT,0,0
c7552.aag,glucose3,867,0.000001,UNSAT,0,0
c7552.aag,glucose3,231,0.000001,UNSAT,0,0
c7552.aag,glucose3,188,0.000001,UNSAT,0,0
c7552.aag,glucose3,1910,0.000001,UNSAT,0,0
c7552.aag,glucose3,1911,0.000001,UNSAT,0,0
c7552.aag,glucose3,397,0.000001,UNSAT,0,0
c7552.aag,glucose3,1912,0.000001,UNSAT,0,0
c7552.aag,glucose3,215,0.000001,UNSAT,0,0
c7552.aag,glucose3,1913,0.000001,UNSAT,0,0
c7552.aag,glucose3,1776,0.000001,UNSAT,0,0
c7552.aag,glucose3,1914,0.000001,UNSAT,0,0
c7552.aag,glucose3,1915,0.000001,UNSAT,0,0
c7552.aag,glucose3,1916,0.000001,UNSAT,0,0
c7552.aag,glucose3,1917,0.000001,UNSAT,0,0
c7552.aag,glucose3,38,0.000001,UNSAT,0,0
c7552.aag,glucose3,199,0.000001,UNSAT,0,0
c7552.aag,glucose3,1918,0.000001,UNSAT,0,0
c7552.aag,glucose3,1117,0.000001,UNSAT,0,0
c7552.aag,glucose3,270,0.000001,UNSAT,0,0
c7552.aag,glucose3,1919,0.000001,UNSAT,0,0
c7552.aag,glucose3,95,0.000001,UNSAT,0,0
c7552.aag,glucose3,991,0.000001,UNSAT,0,0
c7552.aag,glucose3,314,0.000001,UNSAT,0,0
c7552.aag,glucose3,414,0.000001,UNSAT,0,0
c7552.aag,glucose3,1920,0.000001,UNSAT,0,0
c7552.aag,glucose3,1921,0.000001,UNSAT,0,0
c7552.aag,glucose3,330,0.000001,UNSAT,0,0
c7552.aag,glucose3,1922,0.000001,UNSAT,0,0
c7552.aag,glucose3,686,0.000001,UNSAT,0,0
c7552.aag,glucose3,105,0.000001,UNSAT,0,0
c7552.aag,glucose3,1063,0.000001,UNSAT,0,0
c7552.aag,glucose3,1923,0.000002,UNSAT,0,0
c7552.aag,glucose3,1924,0.000002,UNSAT,0,0
c7552.aag,glucose3,349,0.000001,UNSAT,0,0
c7552.aag,glucose3,1117,0.000001,UNSAT,0,0
c7552.aag,glucose3,1925,0.000001,UNSAT,0,0
c7552.aag,glucose3,1926,0.000001,UNSAT,0,0
c7552.aag,glucose3,4,0.000001,UNSAT,0,0
c7552.aag,glucose3,1927,0.000002,UNSAT,0,0
c7552.aag,glucose3,301,0.000001,UNSAT,0,0
c7552.aag,glucose3,1894,0.000001,UNSAT,0,0
c7552.aag,glucose3,1928,0.000001,UNSAT,0,0
c7552.aag,glucose3,1929,0.000001,UNSAT,0,0
c7552.aag,glucose3,1141,0.000001,UNSAT,0,0
c7552.aag,glucose3,1930,0.000001,UNSAT,0,0
c7552.aag,glucose3,1931,0.000001,UNSAT,0,0
c7552.aag,glucose3,1932,0.000001,UNSAT,0,0
c7552.aag,glucose3,1105,0.000001,UNSAT,0,0
c7552.aag,glucose3,1063,0.000001,UNSAT,0,0
c7552.aag,glucose3,13,0.000002,UNSAT,0,0
c7552.aag,glucose3,1933,0.000001,UNSAT,0,0
c7552.aag,glucose3,432,0.000001,UNSAT,0,0
c7552.aag,glucose3,1934,0.000001,UNSAT,0,0
c7552.aag,glucose3,1935,0.000001,UNSAT,0,0
c7552.aag,glucose3,172,0.000001,UNSAT,0,0
c7552.aag,glucose3,1936,0.000001,UNSAT,0,0
c7552.aag,glucose3,289,0.000001,UNSAT,0,0
c7552.aag,glucose3,381,0.000001,UNSAT,0,0
c7552.aag,glucose3,1937,0.000001,UNSAT,0,0
c7552.aag,glucose3,31,0.000001,UNSAT,0,0
c7552.aag,glucose3,1938,0.000001,UNSAT,0,0
c7552.aag,glucose3,248,0.000002,UNSAT,0,0
c7552.aag,glucose3,1085,0.000001,UNSAT,0,0
c7552.aag,glucose3,1088,0.000001,UNSAT,0,0
c7552.aag,glucose3,990,0.000001,UNSAT,0,0
c7552.aag,glucose3,1054,0.000001,UNSAT,0,0
c7552.aag,glucose3,1681,0.000001,UNSAT,0,0
c7552.aag,glucose3,1891,0.000001,UNSAT,0,0
c7552.aag,glucose3,1939,0.000001,UNSAT,0,0
c7552.aag,glucose3,1886,0.000001,UNSAT,0,0
c7552.aag,glucose3,1085,0.000001,UNSAT,0,0
c7552.aag,glucose3,505,0.000001,UNSAT,0,0
c7552.aag,glucose3,1940,0.000001,UNSAT,0,0
c7552.aag,glucose3,1941,0.000001,UNSAT,0,0
c7552.aag,glucose3,1942,0.000001,UNSAT,0,0
c7552.aag,glucose3,1900,0.000001,UNSAT,0,0
c7552.aag,glucose3,1943,0.000002,UNSAT,0,0
c7552.aag,glucose3,74,0.000001,UNSAT,0,0
c7552.aag,glucose3,40,0.000001,UNSAT,0,0
c7552.aag,glucose3,136,0.000001,UNSAT,0,0
c7552.aag,glucose3,1944,0.000001,UNSAT,0,0
c7552.aag,glucose3,88,0.000001,UNSAT,0,0
c7552.aag,glucose3,1945,0.000001,UNSAT,0,0
c7552.aag,glucose3,254,0.000001,UNSAT,0,0
c7552.aag,glucose3,1946,0.000001,UNSAT,0,0
c7552.aag,glucose3,1947,0.000001,UNSAT,0,0
c7552.aag,glucose3,1076,0.000001,UNSAT,0,0
c7552.aag,glucose4,1087,0.000005,UNSAT,0,0
c7552.aag,glucose4,489,0.000002,UNSAT,0,0
c7552.aag,glucose4,1086,0.000001,UNSAT,0,0
c7552.aag,glucose4,881,0.000001,UNSAT,0,0
c7552.aag,glucose4,1083,0.000001,UNSAT,0,0
c7552.aag,glucose4,1901,0.000001,UNSAT,0,0
c7552.aag,glucose4,49,0.000001,UNSAT,0,0
c7552.aag,glucose4,1902,0.000001,UNSAT,0,0
c7552.aag,glucose4,1132,0.000001,UNSAT,0,0
c7552.aag,glucose4,159,0.000001,UNSAT,0,0
c7552.aag,glucose4,5,0.000001,UNSAT,0,0
c7552.aag,glucose4,1085,0.000002,UNSAT,0,0
c7552.aag,glucose4,1903,0.000001,UNSAT,0,0
c7552.aag,glucose4,1904,0.000001,UNSAT,0,0
c7552.aag,glucose4,1085,0.000002,UNSAT,0,0
c7552.aag,glucose4,1905,0.000004,UNSAT,0,0
c7552.aag,glucose4,1906,0.000002,UNSAT,0,0
c7552.aag,glucose4,1907,0.000001,UNSAT,0,0
c7552.aag,glucose4,1908,0.000001,UNSAT,0,0
c7552.aag,glucose4,1103,0.000001,UNSAT,0,0
c7552.aag,glucose4,1909,0.000001,UNSAT,0,0
c7552.aag,glucose4,867,0.000001,UNSAT,0,0
c7552.aag,glucose4,231,0.000002,UNSAT,0,0
c7552.aag,glucose4,188,0.000001,UNSAT,0,0
c7552.aag,glucose4,1910,0.000001,UNSAT,0,0
c7552.aag,glucose4,1911,0.000001,UNSAT,0,0
c7552.aag,glucose4,397,0.000001,UNSAT,0,0
c7552.aag,glucose4,1912,0.000001,UNSAT,0,0
c7552.aag,glucose4,215,0.000001,UNSAT,0,0
c7552.aag,glucose4,1913,0.000001,UNSAT,0,0
c7552.aag,glucose4,1776,0.000001,UNSAT,0,0
c7552.aag,glucose4,1914,0.000001,UNSAT,0,0
c7552.aag,glucose4,1915,0.000002,UNSAT,0,0
c7552.aag,glucose4,1916,0.000001,UNSAT,0,0
c7552.aag,glucose4,1917,0.000001,UNSAT,0,0
c7552.aag,glucose4,38,0.000002,UNSAT,0,0
c7552.aag,glucose4,199,0.000001,UNSAT,0,0
c7552.aag,glucose4,1918,0.000001,UNSAT,0,0
c7552.aag,glucose4,1117,0.000001,UNSAT,0,0
c7552.aag,glucose4,270,0.000001,UNSAT,0,0
c7552.aag,glucose4,1919,0.000001,UNSAT,0,0
c7552.aag,glucose4,95,0.000002,UNSAT,0,0
c7552.aag,glucose4,991,0.000001,UNSAT,0,0
c7552.aag,glucose4,314,0.000001,UNSAT,0,0
c7552.aag,glucose4,414,0.000001,UNSAT,0,0
c7552.aag,glucose4,1920,0.000001,UNSAT,0,0
c7552.aag,glucose4,1921,0.000001,UNSAT,0,0
c7552.aag,glucose4,330,0.000001,UNSAT,0,0
c7552.aag,glucose4,1922,0.000001,UNSAT,0,0
c7552.aag,glucose4,686,0.000001,UNSAT,0,0
c7552.aag,glucose4,105,0.000001,UNSAT,0,0
c7552.aag,glucose4,1063,0.000001,UNSAT,0,0
c7552.aag,glucose4,1923,0.000001,UNSAT,0,0
c7552.aag,glucose4,1924,0.000001,UNSAT,0,0
c7552.aag,glucose4,349,0.000001,UNSAT,0,0
c7552.aag,glucose4,1117,0.000001,UNSAT,0,0
c7552.aag,glucose4,1925,0.000001,UNSAT,0,0
c7552.aag,glucose4,1926,0.000001,UNSAT,0,0
c7552.aag,glucose4,4,0.000001,UNSAT,0,0
c7552.aag,glucose4,1927,0.000001,UNSAT,0,0
c7552.aag,glucose4,301,0.000001,UNSAT,0,0
c7552.aag,glucose4,1894,0.000001,UNSAT,0,0
c7552.aag,glucose4,1928,0.000001,UNSAT,0,0
c7552.aag,glucose4,1929,0.000001,UNSAT,0,0
c7552.aag,glucose4,1141,0.000001,UNSAT,0,0
c7552.aag,glucose4,1930,0.000001,UNSAT,0,0
c7552.aag,glucose4,1931,0.000001,UNSAT,0,0
c7552.aag,glucose4,1932,0.000001,UNSAT,0,0
c7552.aag,glucose4,1105,0.000001,UNSAT,0,0
c7552.aag,glucose4,1063,0.000001,UNSAT,0,0
c7552.aag,glucose4,13,0.000001,UNSAT,0,0
c7552.aag,glucose4,1933,0.000001,UNSAT,0,0
c7552.aag,glucose4,432,0.000001,UNSAT,0,0
c7552.aag,glucose4,1934,0.000001,UNSAT,0,0
c7552.aag,glucose4,1935,0.000001,UNSAT,0,0
c7552.aag,glucose4,172,0.000001,UNSAT,0,0
c7552.aag,glucose4,1936,0.000001,UNSAT,0,0
c7552.aag,glucose4,289,0.000001,UNSAT,0,0
c7552.aag,glucose4,381,0.000001,UNSAT,0,0
c7552.aag,glucose4,1937,0.000001,UNSAT,0,0
c7552.aag,glucose4,31,0.000001,UNSAT,0,0
c7552.aag,glucose4,1938,0.000001,UNSAT,0,0
c7552.aag,glucose4,248,0.000001,UNSAT,0,0
c7552.aag,glucose4,1085,0.000001,UNSAT,0,0
c7552.aag,glucose4,1088,0.000001,UNSAT,0,0
c7552.aag,glucose4,990,0.000001,UNSAT,0,0
c7552.aag,glucose4,1054,0.000002,UNSAT,0,0
c7552.aag,glucose4,1681,0.000001,UNSAT,0,0
c7552.aag,glucose4,1891,0.000001,UNSAT,0,0
c7552.aag,glucose4,1939,0.000001,UNSAT,0,0
c7552.aag,glucose4,1886,0.000001,UNSAT,0,0
c7552.aag,glucose4,1085,0.000001,UNSAT,0,0
c7552.aag,glucose4,505,0.000001,UNSAT,0,0
c7552.aag,glucose4,1940,0.000001,UNSAT,0,0
c7552.aag,glucose4,1941,0.000001,UNSAT,0,0
c7552.aag,glucose4,1942,0.000001,UNSAT,0,0
c7552.aag,glucose4,1900,0.000001,UNSAT,0,0
c7552.aag,glucose4,1943,0.000001,UNSAT,0,0
c7552.aag,glucose4,74,0.000001,UNSAT,0,0
c7552.aag,glucose4,40,0.000001,UNSAT,0,0
c7552.aag,glucose4,136,0.000001,UNSAT,0,0
c7552.aag,glucose4,1944,0.000001,UNSAT,0,0
c7552.aag,glucose4,88,0.000001,UNSAT,0,0
c7552.aag,glucose4,1945,0.000001,UNSAT,0,0
c7552.aag,glucose4,254,0.000001,UNSAT,0,0
c7552.aag,glucose4,1946,0.000001,UNSAT,0,0
c7552.aag,glucose4,1947,0.000001,UNSAT,0,0
c7552.aag,glucose4,1076,0.000001,UNSAT,0,0
c7552.aag,maplechrono,1087,0.000006,UNSAT,0,0
c7552.aag,maplechrono,489,0.000003,UNSAT,0,0
c7552.aag,maplechrono,1086,0.000002,UNSAT,0,0
c7552.aag,maplechrono,881,0.000002,UNSAT,0,0
c7552.aag,maplechrono,1083,0.000002,UNSAT,0,0
c7552.aag,maplechrono,1901,0.000002,UNSAT,0,0
c7552.aag,maplechrono,49,0.000003,UNSAT,0,0
c7552.aag,maplechrono,1902,0.000002,UNSAT,0,0
c7552.aag,maplechrono,1132,0.000002,UNSAT,0,0
c7552.aag,maplechrono,159,0.000002,UNSAT,0,0
c7552.aag,maplechrono,5,0.000002,UNSAT,0,0
c7552.aag,maplechrono,1085,0.000002,UNSAT,0,0
c7552.aag,maplechrono,1903,0.000002,UNSAT,0,0
c7552.aag,maplechrono,1904,0.000002,UNSAT,0,0
c7552.aag,maplechrono,1085,0.000002,UNSAT,0,0
c7552.aag,maplechrono,1905,0.000002,UNSAT,0,0
c7552.aag,maplechrono,1906,0.000002,UNSAT,0,0
c7552.aag,maplechrono,1907,0.000002,UNSAT,0,0
c7552.aag,maplechrono,1908,0.000002,UNSAT,0,0
c7552.aag,maplechrono,1103,0.000002,UNSAT,0,0
c7552.aag,maplechrono,1909,0.000002,UNSAT,0,0
c7552.aag,maplechrono,867,0.000002,UNSAT,0,0
c7552.aag,maplechrono,231,0.000002,UNSAT,0,0
c7552.aag,maplechrono,188,0.000002,UNSAT,0,0
c7552.aag,maplechrono,1910,0.000002,UNSAT,0,0
c7552.aag,maplechrono,1911,0.000002,UNSAT,0,0
c7552.aag,maplechrono,397,0.000002,UNSAT,0,0
c7552.aag,maplechrono,1912,0.000002,UNSAT,0,0
c7552.aag,maplechrono,215,0.000002,UNSAT,0,0
c7552.aag,maplechrono,1913,0.000002,UNSAT,0,0
c7552.aag,maplechrono,1776,0.000002,UNSAT,0,0
c7552.aag,maplechrono,1914,0.000002,UNSAT,0,0
c7552.aag,maplechrono,1915,0.000002,UNSAT,0,0
c7552.aag,maplechrono,1916,0.000002,UNSAT,0,0
c7552.aag,maplechrono,1917,0.000002,UNSAT,0,0
c7552.aag,maplechrono,38,0.000002,UNSAT,0,0
c7552.aag,maplechrono,199,0.000002,UNSAT,0,0
c7552.aag,maplechrono,1918,0.000002,UNSAT,0,0
c7552.aag,maplechrono,1117,0.000002,UNSAT,0,0
c7552.aag,maplechrono,270,0.000002,UNSAT,0,0
c7552.aag,maplechrono,1919,0.000002,UNSAT,0,0
c7552.aag,maplechrono,95,0.000002,UNSAT,0,0
c7552.aag,maplechrono,991,0.000002,UNSAT,0,0
c7552.aag,maplechrono,314,0.000002,UNSAT,0,0
c7552.aag,maplechrono,414,0.000002,UNSAT,0,0
c7552.aag,maplechrono,1920,0.000002,UNSAT,0,0
c7552.aag,maplechrono,1921,0.000002,UNSAT,0,0
c7552.aag,maplechrono,330,0.000002,UNSAT,0,0
c7552.aag,maplechrono,1922,0.000002,UNSAT,0,0
c7552.aag,maplechrono,686,0.000002,UNSAT,0,0
c7552.aag,maplechrono,105,0.000002,UNSAT,0,0
c7552.aag,maplechrono,1063,0.000002,UNSAT,0,0
c7552.aag,maplechrono,1923,0.000003,UNSAT,0,0
c7552.aag,maplechrono,1924,0.000002,UNSAT,0,0
c7552.aag,maplechrono,349,0.000002,UNSAT,0,0
c7552.aag,maplechrono,1117,0.000002,UNSAT,0,0
c7552.aag,maplechrono,1925,0.000002,UNSAT,0,0
c7552.aag,maplechrono,1926,0.000002,UNSAT,0,0
c7552.aag,maplechrono,4,0.000002,UNSAT,0,0
c7552.aag,maplechrono,1927,0.000002,UNSAT,0,0
c7552.aag,maplechrono,301,0.000002,UNSAT,0,0
c7552.aag,maplechrono,1894,0.000002,UNSAT,0,0
c7552.aag,maplechrono,1928,0.000002,UNSAT,0,0
c7552.aag,maplechrono,1929,0.000002,UNSAT,0,0
c7552.aag,maplechrono,1141,0.000011,UNSAT,0,0
c7552.aag,maplechrono,1930,0.000003,UNSAT,0,0
c7552.aag,maplechrono,1931,0.000002,UNSAT,0,0
c7552.aag,maplechrono,1932,0.000002,UNSAT,0,0
c7552.aag,maplechrono,1105,0.000002,UNSAT,0,0
c7552.aag,maplechrono,1063,0.000002,UNSAT,0,0
c7552.aag,maplechrono,13,0.000002,UNSAT,0,0
c7552.aag,maplechrono,1933,0.000002,UNSAT,0,0
c7552.aag,maplechrono,432,0.000002,UNSAT,0,0
c7552.aag,maplechrono,1934,0.000002,UNSAT,0,0
c7552.aag,maplechrono,1935,0.000002,UNSAT,0,0
c7552.aag,maplechrono,172,0.000002,UNSAT,0,0
c7552.aag,maplechrono,1936,0.000002,UNSAT,0,0
c7552.aag,maplechrono,289,0.000002,UNSAT,0,0
c7552.aag,maplechrono,381,0.000002,UNSAT,0,0
c7552.aag,maplechrono,1937,0.000002,UNSAT,0,0
c7552.aag,maplechrono,31,0.000002,UNSAT,0,0
c7552.aag,maplechrono,1938,0.000002,UNSAT,0,0
c7552.aag,maplechrono,248,0.000002,UNSAT,0,0
c7552.aag,maplechrono,1085,0.000002,UNSAT,0,0
c7552.aag,maplechrono,1088,0.000002,UNSAT,0,0
c7552.aag,maplechrono,990,0.000002,UNSAT,0,0
c7552.aag,maplechrono,1054,0.000002,UNSAT,0,0
c7552.aag,maplechrono,1681,0.000002,UNSAT,0,0
c7552.aag,maplechrono,1891,0.000002,UNSAT,0,0
c7552.aag,maplechrono,1939,0.000005,UNSAT,0,0
c7552.aag,maplechrono,1886,0.000003,UNSAT,0,0
c7552.aag,maplechrono,1085,0.000002,UNSAT,0,0
c7552.aag,maplechrono,505,0.000002,UNSAT,0,0
c7552.aag,maplechrono,1940,0.000002,UNSAT,0,0
c7552.aag,maplechrono,1941,0.000002,UNSAT,0,0
c7552.aag,maplechrono,1942,0.000002,UNSAT,0,0
c7552.aag,maplechrono,1900,0.000002,UNSAT,0,0
c7552.aag,maplechrono,1943,0.000002,UNSAT,0,0
c7552.aag,maplechrono,74,0.000002,UNSAT,0,0
c7552.aag,maplechrono,40,0.000002,UNSAT,0,0
c7552.aag,maplechrono,136,0.000002,UNSAT,0,0
c7552.aag,maplechrono,1944,0.000002,UNSAT,0,0
c7552.aag,maplechrono,88,0.000002,UNSAT,0,0
c7552.aag,maplechrono,1945,0.000002,UNSAT,0,0
c7552.aag,maplechrono,254,0.000002,UNSAT,0,0
c7552.aag,maplechrono,1946,0.000002,UNSAT,0,0
c7552.aag,maplechrono,1947,0.000002,UNSAT,0,0
c7552.aag,maplechrono,1076,0.000002,UNSAT,0,0
c7552.aag,cadical153,1087,0.000006,UNSAT,0,0
c7552.aag,cadical153,489,0.000003,UNSAT,0,0
c7552.aag,cadical153,1086,0.000002,UNSAT,0,0
c7552.aag,cadical153,881,0.000001,UNSAT,0,0
c7552.aag,cadical153,1083,0.000001,UNSAT,0,0
c7552.aag,cadical153,1901,0.000002,UNSAT,0,0
c7552.aag,cadical153,49,0.000001,UNSAT,0,0
c7552.aag,cadical153,1902,0.000001,UNSAT,0,0
c7552.aag,cadical153,1132,0.000001,UNSAT,0,0
c7552.aag,cadical153,159,0.000002,UNSAT,0,0
c7552.aag,cadical153,5,0.000001,UNSAT,0,0
c7552.aag,cadical153,1085,0.000001,UNSAT,0,0
c7552.aag,cadical153,1903,0.000001,UNSAT,0,0
c7552.aag,cadical153,1904,0.000001,UNSAT,0,0
c7552.aag,cadical153,1085,0.000001,UNSAT,0,0
c7552.aag,cadical153,1905,0.000001,UNSAT,0,0
c7552.aag,cadical153,1906,0.000002,UNSAT,0,0
c7552.aag,cadical153,1907,0.000001,UNSAT,0,0
c7552.aag,cadical153,1908,0.000001,UNSAT,0,0
c7552.aag,cadical153,1103,0.000002,UNSAT,0,0
c7552.aag,cadical153,1909,0.000001,UNSAT,0,0
c7552.aag,cadical153,867,0.000001,UNSAT,0,0
c7552.aag,cadical153,231,0.000001,UNSAT,0,0
c7552.aag,cadical153,188,0.000001,UNSAT,0,0
c7552.aag,cadical153,1910,0.000001,UNSAT,0,0
c7552.aag,cadical153,1911,0.000001,UNSAT,0,0
c7552.aag,cadical153,397,0.000002,UNSAT,0,0
c7552.aag,cadical153,1912,0.000001,UNSAT,0,0
c7552.aag,cadical153,215,0.000001,UNSAT,0,0
c7552.aag,cadical153,1913,0.000002,UNSAT,0,0
c7552.aag,cadical153,1776,0.000001,UNSAT,0,0
c7552.aag,cadical153,1914,0.000001,UNSAT,0,0
c7552.aag,cadical153,1915,0.000001,UNSAT,0,0
c7552.aag,cadical153,1916,0.000002,UNSAT,0,0
c7552.aag,cadical153,1917,0.000001,UNSAT,0,0
c7552.aag,cadical153,38,0.000001,UNSAT,0,0
c7552.aag,cadical153,199,0.000001,UNSAT,0,0
c7552.aag,cadical153,1918,0.000001,UNSAT,0,0
c7552.aag,cadical153,1117,0.000001,UNSAT,0,0
c7552.aag,cadical153,270,0.000001,UNSAT,0,0
c7552.aag,cadical153,1919,0.000001,UNSAT,0,0
c7552.aag,cadical153,95,0.000001,UNSAT,0,0
c7552.aag,cadical153,991,0.000001,UNSAT,0,0
c7552.aag,cadical153,314,0.000001,UNSAT,0,0
c7552.aag,cadical153,414,0.000001,UNSAT,0,0
c7552.aag,cadical153,1920,0.000002,UNSAT,0,0
c7552.aag,cadical153,1921,0.000001,UNSAT,0,0
c7552.aag,cadical153,330,0.000001,UNSAT,0,0
c7552.aag,cadical153,1922,0.000001,UNSAT,0,0
c7552.aag,cadical153,686,0.000002,UNSAT,0,0
c7552.aag,cadical153,105,0.000001,UNSAT,0,0
c7552.aag,cadical153,1063,0.000001,UNSAT,0,0
c7552.aag,cadical153,1923,0.000002,UNSAT,0,0
c7552.aag,cadical153,1924,0.000001,UNSAT,0,0
c7552.aag,cadical153,349,0.000001,UNSAT,0,0
c7552.aag,cadical153,1117,0.000001,UNSAT,0,0
c7552.aag,cadical153,1925,0.000001,UNSAT,0,0
c7552.aag,cadical153,1926,0.000001,UNSAT,0,0
c7552.aag,cadical153,4,0.000001,UNSAT,0,0
c7552.aag,cadical153,1927,0.000001,UNSAT,0,0
c7552.aag,cadical153,301,0.000001,UNSAT,0,0
c7552.aag,cadical153,1894,0.000001,UNSAT,0,0
c7552.aag,cadical153,1928,0.000001,UNSAT,0,0
c7552.aag,cadical153,1929,0.000001,UNSAT,0,0
c7552.aag,cadical153,1141,0.000002,UNSAT,0,0
c7552.aag,cadical153,1930,0.000001,UNSAT,0,0
c7552.aag,cadical153,1931,0.000001,UNSAT,0,0
c7552.aag,cadical153,1932,0.000001,UNSAT,0,0
c7552.aag,cadical153,1105,0.000001,UNSAT,0,0
c7552.aag,cadical153,1063,0.000001,UNSAT,0,0
c7552.aag,cadical153,13,0.000001,UNSAT,0,0
c7552.aag,cadical153,1933,0.000001,UNSAT,0,0
c7552.aag,cadical153,432,0.000001,UNSAT,0,0
c7552.aag,cadical153,1934,0.000001,UNSAT,0,0
c7552.aag,cadical153,1935,0.000001,UNSAT,0,0
c7552.aag,cadical153,172,0.000001,UNSAT,0,0
c7552.aag,cadical153,1936,0.000001,UNSAT,0,0
c7552.aag,cadical153,289,0.000002,UNSAT,0,0
c7552.aag,cadical153,381,0.000001,UNSAT,0,0
c7552.aag,cadical153,1937,0.000001,UNSAT,0,0
c7552.aag,cadical153,31,0.000001,UNSAT,0,0
c7552.aag,cadical153,1938,0.000001,UNSAT,0,0
c7552.aag,cadical153,248,0.000001,UNSAT,0,0
c7552.aag,cadical153,1085,0.000001,UNSAT,0,0
c7552.aag,cadical153,1088,0.000001,UNSAT,0,0
c7552.aag,cadical153,990,0.000001,UNSAT,0,0
c7552.aag,cadical153,1054,0.000002,UNSAT,0,0
c7552.aag,cadical153,1681,0.000001,UNSAT,0,0
c7552.aag,cadical153,1891,0.000001,UNSAT,0,0
c7552.aag,cadical153,1939,0.000001,UNSAT,0,0
c7552.aag,cadical153,1886,0.000001,UNSAT,0,0
c7552.aag,cadical153,1085,0.000001,UNSAT,0,0
c7552.aag,cadical153,505,0.000001,UNSAT,0,0
c7552.aag,cadical153,1940,0.000001,UNSAT,0,0
c7552.aag,cadical153,1941,0.000001,UNSAT,0,0
c7552.aag,cadical153,1942,0.000001,UNSAT,0,0
c7552.aag,cadical153,1900,0.000001,UNSAT,0,0
c7552.aag,cadical153,1943,0.000001,UNSAT,0,0
c7552.aag,cadical153,74,0.000001,UNSAT,0,0
c7552.aag,cadical153,40,0.000001,UNSAT,0,0
c7552.aag,cadical153,136,0.000001,UNSAT,0,0
c7552.aag,cadical153,1944,0.000001,UNSAT,0,0
c7552.aag,cadical153,88,0.000001,UNSAT,0,0
c7552.aag,cadical153,1945,0.000001,UNSAT,0,0
c7552.aag,cadical153,254,0.000001,UNSAT,0,0
c7552.aag,cadical153,1946,0.000001,UNSAT,0,0
c7552.aag,cadical153,1947,0.000001,UNSAT,0,0
c7552.aag,cadical153,1076,0.000001,UNSAT,0,0
c7552.aag,lingeling,1087,0.000158,UNSAT,0,0
c7552.aag,lingeling,489,0.000048,UNSAT,0,0
c7552.aag,lingeling,1086,0.000045,UNSAT,0,0
c7552.aag,lingeling,881,0.000044,UNSAT,0,0
c7552.aag,lingeling,1083,0.000044,UNSAT,0,0
c7552.aag,lingeling,1901,0.000044,UNSAT,0,0
c7552.aag,lingeling,49,0.000044,UNSAT,0,0
c7552.aag,lingeling,1902,0.000044,UNSAT,0,0
c7552.aag,lingeling,1132,0.000044,UNSAT,0,0
c7552.aag,lingeling,159,0.000044,UNSAT,0,0
c7552.aag,lingeling,5,0.000044,UNSAT,0,0
c7552.aag,lingeling,1085,0.000052,UNSAT,0,0
c7552.aag,lingeling,1903,0.000044,UNSAT,0,0
c7552.aag,lingeling,1904,0.000044,UNSAT,0,0
c7552.aag,lingeling,1085,0.000044,UNSAT,0,0
c7552.aag,lingeling,1905,0.000044,UNSAT,0,0
c7552.aag,lingeling,1906,0.000044,UNSAT,0,0
c7552.aag,lingeling,1907,0.000044,UNSAT,0,0
c7552.aag,lingeling,1908,0.000044,UNSAT,0,0
c7552.aag,lingeling,1103,0.000044,UNSAT,0,0
c7552.aag,lingeling,1909,0.000044,UNSAT,0,0
c7552.aag,lingeling,867,0.000044,UNSAT,0,0
c7552.aag,lingeling,231,0.000044,UNSAT,0,0
c7552.aag,lingeling,188,0.000044,UNSAT,0,0
c7552.aag,lingeling,1910,0.000044,UNSAT,0,0
c7552.aag,lingeling,1911,0.000044,UNSAT,0,0
c7552.aag,lingeling,397,0.000052,UNSAT,0,0
c7552.aag,lingeling,1912,0.000045,UNSAT,0,0
c7552.aag,lingeling,215,0.000044,UNSAT,0,0
c7552.aag,lingeling,1913,0.000044,UNSAT,0,0
c7552.aag,lingeling,1776,0.000044,UNSAT,0,0
c7552.aag,lingeling,1914,0.000044,UNSAT,0,0
c7552.aag,lingeling,1915,0.000044,UNSAT,0,0
c7552.aag,lingeling,1916,0.000047,UNSAT,0,0
c7552.aag,lingeling,1917,0.000073,UNSAT,0,0
c7552.aag,lingeling,38,0.000073,UNSAT,0,0
c7552.aag,lingeling,199,0.000068,UNSAT,0,0
c7552.aag,lingeling,1918,0.000065,UNSAT,0,0
c7552.aag,lingeling,1117,0.000079,UNSAT,0,0
c7552.aag,lingeling,270,0.000050,UNSAT,0,0
c7552.aag,lingeling,1919,0.000046,UNSAT,0,0
c7552.aag,lingeling,95,0.000048,UNSAT,0,0
c7552.aag,lingeling,991,0.000044,UNSAT,0,0
c7552.aag,lingeling,314,0.000044,UNSAT,0,0
c7552.aag,lingeling,414,0.000044,UNSAT,0,0
c7552.aag,lingeling,1920,0.000044,UNSAT,0,0
c7552.aag,lingeling,1921,0.000044,UNSAT,0,0
c7552.aag,lingeling,330,0.000044,UNSAT,0,0
c7552.aag,lingeling,1922,0.000044,UNSAT,0,0
c7552.aag,lingeling,686,0.000044,UNSAT,0,0
c7552.aag,lingeling,105,0.000044,UNSAT,0,0
c7552.aag,lingeling,1063,0.000044,UNSAT,0,0
c7552.aag,lingeling,1923,0.000044,UNSAT,0,0
c7552.aag,lingeling,1924,0.000064,UNSAT,0,0
c7552.aag,lingeling,349,0.000046,UNSAT,0,0
c7552.aag,lingeling,1117,0.000044,UNSAT,0,0
c7552.aag,lingeling,1925,0.000047,UNSAT,0,0
c7552.aag,lingeling,1926,0.000069,UNSAT,0,0
c7552.aag,lingeling,4,0.000045,UNSAT,0,0
c7552.aag,lingeling,1927,0.000044,UNSAT,0,0
c7552.aag,lingeling,301,0.000044,UNSAT,0,0
c7552.aag,lingeling,1894,0.000044,UNSAT,0,0
c7552.aag,lingeling,1928,0.000044,UNSAT,0,0
c7552.aag,lingeling,1929,0.000044,UNSAT,0,0
c7552.aag,lingeling,1141,0.000053,UNSAT,0,0
c7552.aag,lingeling,1930,0.000045,UNSAT,0,0
c7552.aag,lingeling,1931,0.000044,UNSAT,0,0
c7552.aag,lingeling,1932,0.000044,UNSAT,0,0
c7552.aag,lingeling,1105,0.000044,UNSAT,0,0
c7552.aag,lingeling,1063,0.000044,UNSAT,0,0
c7552.aag,lingeling,13,0.000044,UNSAT,0,0
c7552.aag,lingeling,1933,0.000044,UNSAT,0,0
c7552.aag,lingeling,432,0.000044,UNSAT,0,0
c7552.aag,lingeling,1934,0.000044,UNSAT,0,0
c7552.aag,lingeling,1935,0.000044,UNSAT,0,0
c7552.aag,lingeling,172,0.000044,UNSAT,0,0
c7552.aag,lingeling,1936,0.000044,UNSAT,0,0
c7552.aag,lingeling,289,0.000044,UNSAT,0,0
c7552.aag,lingeling,381,0.000044,UNSAT,0,0
c7552.aag,lingeling,1937,0.000044,UNSAT,0,0
c7552.aag,lingeling,31,0.000044,UNSAT,0,0
c7552.aag,lingeling,1938,0.000044,UNSAT,0,0
c7552.aag,lingeling,248,0.000044,UNSAT,0,0
c7552.aag,lingeling,1085,0.000043,UNSAT,0,0
c7552.aag,lingeling,1088,0.000044,UNSAT,0,0
c7552.aag,lingeling,990,0.000044,UNSAT,0,0
c7552.aag,lingeling,1054,0.000044,UNSAT,0,0
c7552.aag,lingeling,1681,0.000044,UNSAT,0,0
c7552.aag,lingeling,1891,0.000044,UNSAT,0,0
c7552.aag,lingeling,1939,0.000044,UNSAT,0,0
c7552.aag,lingeling,1886,0.000044,UNSAT,0,0
c7552.aag,lingeling,1085,0.000044,UNSAT,0,0
c7552.aag,lingeling,505,0.000044,UNSAT,0,0
c7552.aag,lingeling,1940,0.000055,UNSAT,0,0
c7552.aag,lingeling,1941,0.000044,UNSAT,0,0
c7552.aag,lingeling,1942,0.000044,UNSAT,0,0
c7552.aag,lingeling,1900,0.000044,UNSAT,0,0
c7552.aag,lingeling,1943,0.000044,UNSAT,0,0
c7552.aag,lingeling,74,0.000044,UNSAT,0,0
c7552.aag,lingeling,40,0.000044,UNSAT,0,0
c7552.aag,lingeling,136,0.000044,UNSAT,0,0
c7552.aag,lingeling,1944,0.000044,UNSAT,0,0
c7552.aag,lingeling,88,0.000044,UNSAT,0,0
c7552.aag,lingeling,1945,0.000044,UNSAT,0,0
c7552.aag,lingeling,254,0.000044,UNSAT,0,0
c7552.aag,lingeling,1946,0.000044,UNSAT,0,0
c7552.aag,lingeling,1947,0.000044,UNSAT,0,0
c7552.aag,lingeling,1076,0.000044,UNSAT,0,0
c7552.aag,mergesat3,1087,0.000005,UNSAT,0,0
c7552.aag,mergesat3,489,0.000002,UNSAT,0,0
c7552.aag,mergesat3,1086,0.000002,UNSAT,0,0
c7552.aag,mergesat3,881,0.000001,UNSAT,0,0
c7552.aag,mergesat3,1083,0.000001,UNSAT,0,0
c7552.aag,mergesat3,1901,0.000001,UNSAT,0,0
c7552.aag,mergesat3,49,0.000002,UNSAT,0,0
c7552.aag,mergesat3,1902,0.000001,UNSAT,0,0
c7552.aag,mergesat3,1132,0.000001,UNSAT,0,0
c7552.aag,mergesat3,159,0.000001,UNSAT,0,0
c7552.aag,mergesat3,5,0.000001,UNSAT,0,0
c7552.aag,mergesat3,1085,0.000001,UNSAT,0,0
c7552.aag,mergesat3,1903,0.000002,UNSAT,0,0
c7552.aag,mergesat3,1904,0.000001,UNSAT,0,0
c7552.aag,mergesat3,1085,0.000001,UNSAT,0,0
c7552.aag,mergesat3,1905,0.000002,UNSAT,0,0
c7552.aag,mergesat3,1906,0.000001,UNSAT,0,0
c7552.aag,mergesat3,1907,0.000001,UNSAT,0,0
c7552.aag,mergesat3,1908,0.000001,UNSAT,0,0
c7552.aag,mergesat3,1103,0.000001,UNSAT,0,0
c7552.aag,mergesat3,1909,0.000001,UNSAT,0,0
c7552.aag,mergesat3,867,0.000001,UNSAT,0,0
c7552.aag,mergesat3,231,0.000002,UNSAT,0,0
c7552.aag,mergesat3,188,0.000001,UNSAT,0,0
c7552.aag,mergesat3,1910,0.000001,UNSAT,0,0
c7552.aag,mergesat3,1911,0.000001,UNSAT,0,0
c7552.aag,mergesat3,397,0.000001,UNSAT,0,0
c7552.aag,mergesat3,1912,0.000001,UNSAT,0,0
c7552.aag,mergesat3,215,0.000001,UNSAT,0,0
c7552.aag,mergesat3,1913,0.000001,UNSAT,0,0
c7552.aag,mergesat3,1776,0.000001,UNSAT,0,0
c7552.aag,mergesat3,1914,0.000001,UNSAT,0,0
c7552.aag,mergesat3,1915,0.000001,UNSAT,0,0
c7552.aag,mergesat3,1916,0.000001,UNSAT,0,0
c7552.aag,mergesat3,1917,0.000001,UNSAT,0,0
c7552.aag,mergesat3,38,0.000001,UNSAT,0,0
c7552.aag,mergesat3,199,0.000001,UNSAT,0,0
c7552.aag,mergesat3,1918,0.000001,UNSAT,0,0
c7552.aag,mergesat3,1117,0.000001,UNSAT,0,0
c7552.aag,mergesat3,270,0.000001,UNSAT,0,0
c7552.aag,mergesat3,1919,0.000001,UNSAT,0,0
c7552.aag,mergesat3,95,0.000001,UNSAT,0,0
c7552.aag,mergesat3,991,0.000001,UNSAT,0,0
c7552.aag,mergesat3,314,0.000001,UNSAT,0,0
c7552.aag,mergesat3,414,0.000001,UNSAT,0,0
c7552.aag,mergesat3,1920,0.000001,UNSAT,0,0
c7552.aag,mergesat3,1921,0.000001,UNSAT,0,0
c7552.aag,mergesat3,330,0.000001,UNSAT,0,0
c7552.aag,mergesat3,1922,0.000001,UNSAT,0,0
c7552.aag,mergesat3,686,0.000001,UNSAT,0,0
c7552.aag,mergesat3,105,0.000001,UNSAT,0,0
c7552.aag,mergesat3,1063,0.000001,UNSAT,0,0
c7552.aag,mergesat3,1923,0.000001,UNSAT,0,0
c7552.aag,mergesat3,1924,0.000001,UNSAT,0,0
c7552.aag,mergesat3,349,0.000001,UNSAT,0,0
c7552.aag,mergesat3,1117,0.000001,UNSAT,0,0
c7552.aag,mergesat3,1925,0.000001,UNSAT,0,0
c7552.aag,mergesat3,1926,0.000001,UNSAT,0,0
c7552.aag,mergesat3,4,0.000001,UNSAT,0,0
c7552.aag,mergesat3,1927,0.000001,UNSAT,0,0
c7552.aag,mergesat3,301,0.000002,UNSAT,0,0
c7552.aag,mergesat3,1894,0.000001,UNSAT,0,0
c7552.aag,mergesat3,1928,0.000001,UNSAT,0,0
c7552.aag,mergesat3,1929,0.000001,UNSAT,0,0
c7552.aag,mergesat3,1141,0.000001,UNSAT,0,0
c7552.aag,mergesat3,1930,0.000001,UNSAT,0,0
c7552.aag,mergesat3,1931,0.000001,UNSAT,0,0
c7552.aag,mergesat3,1932,0.000001,UNSAT,0,0
c7552.aag,mergesat3,1105,0.000001,UNSAT,0,0
c7552.aag,mergesat3,1063,0.000001,UNSAT,0,0
c7552.aag,mergesat3,13,0.000001,UNSAT,0,0
c7552.aag,mergesat3,1933,0.000001,UNSAT,0,0
c7552.aag,mergesat3,432,0.000001,UNSAT,0,0
c7552.aag,mergesat3,1934,0.000001,UNSAT,0,0
c7552.aag,mergesat3,1935,0.000001,UNSAT,0,0
c7552.aag,mergesat3,172,0.000001,UNSAT,0,0
c7552.aag,mergesat3,1936,0.000001,UNSAT,0,0
c7552.aag,mergesat3,289,0.000001,UNSAT,0,0
c7552.aag,mergesat3,381,0.000001,UNSAT,0,0
c7552.aag,mergesat3,1937,0.000001,UNSAT,0,0
c7552.aag,mergesat3,31,0.000001,UNSAT,0,0
c7552.aag,mergesat3,1938,0.000001,UNSAT,0,0
c7552.aag,mergesat3,248,0.000001,UNSAT,0,0
c7552.aag,mergesat3,1085,0.000001,UNSAT,0,0
c7552.aag,mergesat3,1088,0.000001,UNSAT,0,0
c7552.aag,mergesat3,990,0.000001,UNSAT,0,0
c7552.aag,mergesat3,1054,0.000001,UNSAT,0,0
c7552.aag,mergesat3,1681,0.000001,UNSAT,0,0
c7552.aag,mergesat3,1891,0.000001,UNSAT,0,0
c7552.aag,mergesat3,1939,0.000001,UNSAT,0,0
c7552.aag,mergesat3,1886,0.000001,UNSAT,0,0
c7552.aag,mergesat3,1085,0.000001,UNSAT,0,0
c7552.aag,mergesat3,505,0.000001,UNSAT,0,0
c7552.aag,mergesat3,1940,0.000001,UNSAT,0,0
c7552.aag,mergesat3,1941,0.000001,UNSAT,0,0
c7552.aag,mergesat3,1942,0.000001,UNSAT,0,0
c7552.aag,mergesat3,1900,0.000001,UNSAT,0,0
c7552.aag,mergesat3,1943,0.000001,UNSAT,0,0
c7552.aag,mergesat3,74,0.000001,UNSAT,0,0
c7552.aag,mergesat3,40,0.000001,UNSAT,0,0
c7552.aag,mergesat3,136,0.000001,UNSAT,0,0
c7552.aag,mergesat3,1944,0.000001,UNSAT,0,0
c7552.aag,mergesat3,88,0.000001,UNSAT,0,0
c7552.aag,mergesat3,1945,0.000001,UNSAT,0,0
c7552.aag,mergesat3,254,0.000001,UNSAT,0,0
c7552.aag,mergesat3,1946,0.000001,UNSAT,0,0
c7552.aag,mergesat3,1947,0.000001,UNSAT,0,0
c7552.aag,mergesat3,1076,0.000001,UNSAT,0,0
alu_8bit.aag,minisat22,244,0.000005,UNSAT,0,0
alu_8bit.aag,minisat22,243,0.000003,UNSAT,0,0
alu_8bit.aag,minisat22,245,0.000002,UNSAT,0,0
alu_8bit.aag,minisat22,246,0.000002,UNSAT,0,0
alu_8bit.aag,minisat22,164,0.000001,UNSAT,0,0
alu_8bit.aag,minisat22,247,0.000001,UNSAT,0,0
alu_8bit.aag,minisat22,248,0.000001,UNSAT,0,0
alu_8bit.aag,minisat22,249,0.000001,UNSAT,0,0
alu_8bit.aag,minisat22,250,0.000001,UNSAT,0,0
alu_8bit.aag,glucose3,244,0.000004,UNSAT,0,0
alu_8bit.aag,glucose3,243,0.000002,UNSAT,0,0
alu_8bit.aag,glucose3,245,0.000001,UNSAT,0,0
alu_8bit.aag,glucose3,246,0.000001,UNSAT,0,0
alu_8bit.aag,glucose3,164,0.000002,UNSAT,0,0
alu_8bit.aag,glucose3,247,0.000001,UNSAT,0,0
alu_8bit.aag,glucose3,248,0.000001,UNSAT,0,0
alu_8bit.aag,glucose3,249,0.000001,UNSAT,0,0
alu_8bit.aag,glucose3,250,0.000001,UNSAT,0,0
alu_8bit.aag,glucose4,244,0.000005,UNSAT,0,0
alu_8bit.aag,glucose4,243,0.000002,UNSAT,0,0
alu_8bit.aag,glucose4,245,0.000004,UNSAT,0,0
alu_8bit.aag,glucose4,246,0.000002,UNSAT,0,0
alu_8bit.aag,glucose4,164,0.000001,UNSAT,0,0
alu_8bit.aag,glucose4,247,0.000001,UNSAT,0,0
alu_8bit.aag,glucose4,248,0.000001,UNSAT,0,0
alu_8bit.aag,glucose4,249,0.000001,UNSAT,0,0
alu_8bit.aag,glucose4,250,0.000002,UNSAT,0,0
alu_8bit.aag,maplechrono,244,0.000006,UNSAT,0,0
alu_8bit.aag,maplechrono,243,0.000003,UNSAT,0,0
alu_8bit.aag,maplechrono,245,0.000002,UNSAT,0,0
alu_8bit.aag,maplechrono,246,0.000002,UNSAT,0,0
alu_8bit.aag,maplechrono,164,0.000002,UNSAT,0,0
alu_8bit.aag,maplechrono,247,0.000002,UNSAT,0,0
alu_8bit.aag,maplechrono,248,0.000002,UNSAT,0,0
alu_8bit.aag,maplechrono,249,0.000002,UNSAT,0,0
alu_8bit.aag,maplechrono,250,0.000002,UNSAT,0,0
alu_8bit.aag,cadical153,244,0.000006,UNSAT,0,0
alu_8bit.aag,cadical153,243,0.000003,UNSAT,0,0
alu_8bit.aag,cadical153,245,0.000002,UNSAT,0,0
alu_8bit.aag,cadical153,246,0.000002,UNSAT,0,0
alu_8bit.aag,cadical153,164,0.000001,UNSAT,0,0
alu_8bit.aag,cadical153,247,0.000001,UNSAT,0,0
alu_8bit.aag,cadical153,248,0.000002,UNSAT,0,0
alu_8bit.aag,cadical153,249,0.000001,UNSAT,0,0
alu_8bit.aag,cadical153,250,0.000001,UNSAT,0,0
alu_8bit.aag,lingeling,244,0.000023,UNSAT,0,0
alu_8bit.aag,lingeling,243,0.000012,UNSAT,0,0
alu_8bit.aag,lingeling,245,0.000011,UNSAT,0,0
alu_8bit.aag,lingeling,246,0.000010,UNSAT,0,0
alu_8bit.aag,lingeling,164,0.000010,UNSAT,0,0
alu_8bit.aag,lingeling,247,0.000010,UNSAT,0,0
alu_8bit.aag,lingeling,248,0.000010,UNSAT,0,0
alu_8bit.aag,lingeling,249,0.000010,UNSAT,0,0
alu_8bit.aag,lingeling,250,0.000010,UNSAT,0,0
alu_8bit.aag,mergesat3,244,0.000004,UNSAT,0,0
alu_8bit.aag,mergesat3,243,0.000002,UNSAT,0,0
alu_8bit.aag,mergesat3,245,0.000001,UNSAT,0,0
alu_8bit.aag,mergesat3,246,0.000001,UNSAT,0,0
alu_8bit.aag,mergesat3,164,0.000001,UNSAT,0,0
alu_8bit.aag,mergesat3,247,0.000001,UNSAT,0,0
alu_8bit.aag,mergesat3,248,0.000001,UNSAT,0,0
alu_8bit.aag,mergesat3,249,0.000001,UNSAT,0,0
alu_8bit.aag,mergesat3,250,0.000001,UNSAT,0,0
c3540.aag,minisat22,1003,0.000007,UNSAT,0,0
c3540.aag,minisat22,1004,0.000002,UNSAT,0,0
c3540.aag,minisat22,1005,0.000001,UNSAT,0,0
c3540.aag,minisat22,1006,0.000001,UNSAT,0,0
c3540.aag,minisat22,1007,0.000001,UNSAT,0,0
c3540.aag,minisat22,1008,0.000001,UNSAT,0,0
c3540.aag,minisat22,1009,0.000001,UNSAT,0,0
c3540.aag,minisat22,1010,0.000001,UNSAT,0,0
c3540.aag,minisat22,1011,0.000001,UNSAT,0,0
c3540.aag,minisat22,1012,0.000001,UNSAT,0,0
c3540.aag,minisat22,1013,0.000001,UNSAT,0,0
c3540.aag,minisat22,1014,0.000001,UNSAT,0,0
c3540.aag,minisat22,964,0.000001,UNSAT,0,0
c3540.aag,minisat22,970,0.000001,UNSAT,0,0
c3540.aag,minisat22,565,0.000001,UNSAT,0,0
c3540.aag,minisat22,1015,0.000001,UNSAT,0,0
c3540.aag,minisat22,967,0.000001,UNSAT,0,0
c3540.aag,minisat22,997,0.000001,UNSAT,0,0
c3540.aag,minisat22,1016,0.000001,UNSAT,0,0
c3540.aag,minisat22,1017,0.000001,UNSAT,0,0
c3540.aag,minisat22,1018,0.000001,UNSAT,0,0
c3540.aag,minisat22,1019,0.000001,UNSAT,0,0
c3540.aag,glucose3,1003,0.000004,UNSAT,0,0
c3540.aag,glucose3,1004,0.000002,UNSAT,0,0
c3540.aag,glucose3,1005,0.000002,UNSAT,0,0
c3540.aag,glucose3,1006,0.000001,UNSAT,0,0
c3540.aag,glucose3,1007,0.000001,UNSAT,0,0
c3540.aag,glucose3,1008,0.000001,UNSAT,0,0
c3540.aag,glucose3,1009,0.000001,UNSAT,0,0
c3540.aag,glucose3,1010,0.000001,UNSAT,0,0
c3540.aag,glucose3,1011,0.000001,UNSAT,0,0
c3540.aag,glucose3,1012,0.000001,UNSAT,0,0
c3540.aag,glucose3,1013,0.000001,UNSAT,0,0
c3540.aag,glucose3,1014,0.000001,UNSAT,0,0
c3540.aag,glucose3,964,0.000001,UNSAT,0,0
c3540.aag,glucose3,970,0.000001,UNSAT,0,0
c3540.aag,glucose3,565,0.000001,UNSAT,0,0
c3540.aag,glucose3,1015,0.000001,UNSAT,0,0
c3540.aag,glucose3,967,0.000001,UNSAT,0,0
c3540.aag,glucose3,997,0.000001,UNSAT,0,0
c3540.aag,glucose3,1016,0.000001,UNSAT,0,0
c3540.aag,glucose3,1017,0.000001,UNSAT,0,0
c3540.aag,glucose3,1018,0.000001,UNSAT,0,0
c3540.aag,glucose3,1019,0.000001,UNSAT,0,0
c3540.aag,glucose4,1003,0.000004,UNSAT,0,0
c3540.aag,glucose4,1004,0.000002,UNSAT,0,0
c3540.aag,glucose4,1005,0.000001,UNSAT,0,0
c3540.aag,glucose4,1006,0.000001,UNSAT,0,0
c3540.aag,glucose4,1007,0.000001,UNSAT,0,0
c3540.aag,glucose4,1008,0.000001,UNSAT,0,0
c3540.aag,glucose4,1009,0.000001,UNSAT,0,0
c3540.aag,glucose4,1010,0.000001,UNSAT,0,0
c3540.aag,glucose4,1011,0.000001,UNSAT,0,0
c3540.aag,glucose4,1012,0.000001,UNSAT,0,0
c3540.aag,glucose4,1013,0.000001,UNSAT,0,0
c3540.aag,glucose4,1014,0.000001,UNSAT,0,0
c3540.aag,glucose4,964,0.000001,UNSAT,0,0
c3540.aag,glucose4,970,0.000002,UNSAT,0,0
c3540.aag,glucose4,565,0.000001,UNSAT,0,0
c3540.aag,glucose4,1015,0.000001,UNSAT,0,0
c3540.aag,glucose4,967,0.000001,UNSAT,0,0
c3540.aag,glucose4,997,0.000001,UNSAT,0,0
c3540.aag,glucose4,1016,0.000001,UNSAT,0,0
c3540.aag,glucose4,1017,0.000002,UNSAT,0,0
c3540.aag,glucose4,1018,0.000001,UNSAT,0,0
c3540.aag,glucose4,1019,0.000001,UNSAT,0,0
c3540.aag,maplechrono,1003,0.000007,UNSAT,0,0
c3540.aag,maplechrono,1004,0.000003,UNSAT,0,0
c3540.aag,maplechrono,1005,0.000002,UNSAT,0,0
c3540.aag,maplechrono,1006,0.000002,UNSAT,0,0
c3540.aag,maplechrono,1007,0.000002,UNSAT,0,0
c3540.aag,maplechrono,1008,0.000002,UNSAT,0,0
c3540.aag,maplechrono,1009,0.000002,UNSAT,0,0
c3540.aag,maplechrono,1010,0.000003,UNSAT,0,0
c3540.aag,maplechrono,1011,0.000002,UNSAT,0,0
c3540.aag,maplechrono,1012,0.000002,UNSAT,0,0
c3540.aag,maplechrono,1013,0.000002,UNSAT,0,0
c3540.aag,maplechrono,1014,0.000002,UNSAT,0,0
c3540.aag,maplechrono,964,0.000002,UNSAT,0,0
c3540.aag,maplechrono,970,0.000002,UNSAT,0,0
c3540.aag,maplechrono,565,0.000002,UNSAT,0,0
c3540.aag,maplechrono,1015,0.000002,UNSAT,0,0
c3540.aag,maplechrono,967,0.000002,UNSAT,0,0
c3540.aag,maplechrono,997,0.000002,UNSAT,0,0
c3540.aag,maplechrono,1016,0.000002,UNSAT,0,0
c3540.aag,maplechrono,1017,0.000002,UNSAT,0,0
c3540.aag,maplechrono,1018,0.000002,UNSAT,0,0
c3540.aag,maplechrono,1019,0.000002,UNSAT,0,0
c3540.aag,cadical153,1003,0.000006,UNSAT,0,0
c3540.aag,cadical153,1004,0.000003,UNSAT,0,0
c3540.aag,cadical153,1005,0.000001,UNSAT,0,0
c3540.aag,cadical153,1006,0.000001,UNSAT,0,0
c3540.aag,cadical153,1007,0.000002,UNSAT,0,0
c3540.aag,cadical153,1008,0.000001,UNSAT,0,0
c3540.aag,cadical153,1009,0.000001,UNSAT,0,0
c3540.aag,cadical153,1010,0.000001,UNSAT,0,0
c3540.aag,cadical153,1011,0.000002,UNSAT,0,0
c3540.aag,cadical153,1012,0.000001,UNSAT,0,0
c3540.aag,cadical153,1013,0.000001,UNSAT,0,0
c3540.aag,cadical153,1014,0.000001,UNSAT,0,0
c3540.aag,cadical153,964,0.000001,UNSAT,0,0
c3540.aag,cadical153,970,0.000001,UNSAT,0,0
c3540.aag,cadical153,565,0.000001,UNSAT,0,0
c3540.aag,cadical153,1015,0.000001,UNSAT,0,0
c3540.aag,cadical153,967,0.000001,UNSAT,0,0
c3540.aag,cadical153,997,0.000001,UNSAT,0,0
c3540.aag,cadical153,1016,0.000001,UNSAT,0,0
c3540.aag,cadical153,1017,0.000001,UNSAT,0,0
c3540.aag,cadical153,1018,0.000001,UNSAT,0,0
c3540.aag,cadical153,1019,0.000001,UNSAT,0,0
c3540.aag,lingeling,1003,0.000117,UNSAT,0,0
c3540.aag,lingeling,1004,0.000036,UNSAT,0,0
c3540.aag,lingeling,1005,0.000033,UNSAT,0,0
c3540.aag,lingeling,1006,0.000032,UNSAT,0,0
c3540.aag,lingeling,1007,0.000031,UNSAT,0,0
c3540.aag,lingeling,1008,0.000032,UNSAT,0,0
c3540.aag,lingeling,1009,0.000031,UNSAT,0,0
c3540.aag,lingeling,1010,0.000031,UNSAT,0,0
c3540.aag,lingeling,1011,0.000032,UNSAT,0,0
c3540.aag,lingeling,1012,0.000031,UNSAT,0,0
c3540.aag,lingeling,1013,0.000031,UNSAT,0,0
c3540.aag,lingeling,1014,0.000032,UNSAT,0,0
c3540.aag,lingeling,964,0.000032,UNSAT,0,0
c3540.aag,lingeling,970,0.000031,UNSAT,0,0
c3540.aag,lingeling,565,0.000031,UNSAT,0,0
c3540.aag,lingeling,1015,0.000032,UNSAT,0,0
c3540.aag,lingeling,967,0.000031,UNSAT,0,0
c3540.aag,lingeling,997,0.000031,UNSAT,0,0
c3540.aag,lingeling,1016,0.000032,UNSAT,0,0
c3540.aag,lingeling,1017,0.000032,UNSAT,0,0
c3540.aag,lingeling,1018,0.000031,UNSAT,0,0
c3540.aag,lingeling,1019,0.000031,UNSAT,0,0
c3540.aag,mergesat3,1003,0.000005,UNSAT,0,0
c3540.aag,mergesat3,1004,0.000003,UNSAT,0,0
c3540.aag,mergesat3,1005,0.000002,UNSAT,0,0
c3540.aag,mergesat3,1006,0.000001,UNSAT,0,0
c3540.aag,mergesat3,1007,0.000004,UNSAT,0,0
c3540.aag,mergesat3,1008,0.000002,UNSAT,0,0
c3540.aag,mergesat3,1009,0.000002,UNSAT,0,0
c3540.aag,mergesat3,1010,0.000001,UNSAT,0,0
c3540.aag,mergesat3,1011,0.000001,UNSAT,0,0
c3540.aag,mergesat3,1012,0.000002,UNSAT,0,0
c3540.aag,mergesat3,1013,0.000001,UNSAT,0,0
c3540.aag,mergesat3,1014,0.000001,UNSAT,0,0
c3540.aag,mergesat3,964,0.000001,UNSAT,0,0
c3540.aag,mergesat3,970,0.000001,UNSAT,0,0
c3540.aag,mergesat3,565,0.000001,UNSAT,0,0
c3540.aag,mergesat3,1015,0.000001,UNSAT,0,0
c3540.aag,mergesat3,967,0.000001,UNSAT,0,0
c3540.aag,mergesat3,997,0.000001,UNSAT,0,0
c3540.aag,mergesat3,1016,0.000002,UNSAT,0,0
c3540.aag,mergesat3,1017,0.000001,UNSAT,0,0
c3540.aag,mergesat3,1018,0.000001,UNSAT,0,0
c3540.aag,mergesat3,1019,0.000001,UNSAT,0,0
c17.aag,minisat22,12,0.000010,SAT,1,0
c17.aag,minisat22,13,0.000003,SAT,1,0
c17.aag,glucose3,12,0.000011,SAT,1,0
c17.aag,glucose3,13,0.000005,SAT,1,0
c17.aag,glucose4,12,0.000012,SAT,1,0
c17.aag,glucose4,13,0.000005,SAT,1,0
c17.aag,maplechrono,12,0.000011,SAT,1,0
c17.aag,maplechrono,13,0.000004,SAT,1,0
c17.aag,cadical153,12,0.000018,SAT,1,0
c17.aag,cadical153,13,0.000005,SAT,1,0
c17.aag,lingeling,12,0.000025,SAT,1,0
c17.aag,lingeling,13,0.000012,SAT,1,0
c17.aag,mergesat3,12,0.000010,SAT,1,0
c17.aag,mergesat3,13,0.000005,SAT,1,0
c6288.aag,minisat22,1903,0.000007,UNSAT,0,0
c6288.aag,minisat22,1904,0.000002,UNSAT,0,0
c6288.aag,minisat22,1905,0.000001,UNSAT,0,0
c6288.aag,minisat22,1906,0.000001,UNSAT,0,0
c6288.aag,minisat22,1880,0.000001,UNSAT,0,0
c6288.aag,minisat22,1907,0.000002,UNSAT,0,0
c6288.aag,minisat22,1908,0.000001,UNSAT,0,0
c6288.aag,minisat22,1909,0.000001,UNSAT,0,0
c6288.aag,minisat22,1910,0.000002,UNSAT,0,0
c6288.aag,minisat22,1911,0.000001,UNSAT,0,0
c6288.aag,minisat22,1900,0.000001,UNSAT,0,0
c6288.aag,minisat22,1912,0.000001,UNSAT,0,0
c6288.aag,minisat22,1913,0.000001,UNSAT,0,0
c6288.aag,minisat22,1914,0.000001,UNSAT,0,0
c6288.aag,minisat22,1915,0.000001,UNSAT,0,0
c6288.aag,minisat22,1916,0.000001,UNSAT,0,0
c6288.aag,minisat22,1917,0.000001,UNSAT,0,0
c6288.aag,minisat22,1918,0.000001,UNSAT,0,0
c6288.aag,minisat22,1919,0.000001,UNSAT,0,0
c6288.aag,minisat22,1920,0.000001,UNSAT,0,0
c6288.aag,minisat22,1921,0.000001,UNSAT,0,0
c6288.aag,minisat22,1922,0.000001,UNSAT,0,0
c6288.aag,minisat22,1923,0.000001,UNSAT,0,0
c6288.aag,minisat22,1888,0.000001,UNSAT,0,0
c6288.aag,minisat22,1924,0.000001,UNSAT,0,0
c6288.aag,minisat22,1925,0.000001,UNSAT,0,0
c6288.aag,minisat22,1926,0.000001,UNSAT,0,0
c6288.aag,minisat22,1927,0.000001,UNSAT,0,0
c6288.aag,minisat22,1928,0.000001,UNSAT,0,0
c6288.aag,minisat22,1929,0.000001,UNSAT,0,0
c6288.aag,minisat22,1841,0.000001,UNSAT,0,0
c6288.aag,minisat22,1930,0.000001,UNSAT,0,0
c6288.aag,glucose3,1903,0.000005,UNSAT,0,0
c6288.aag,glucose3,1904,0.000002,UNSAT,0,0
c6288.aag,glucose3,1905,0.000001,UNSAT,0,0
c6288.aag,glucose3,1906,0.000001,UNSAT,0,0
c6288.aag,glucose3,1880,0.000002,UNSAT,0,0
c6288.aag,glucose3,1907,0.000001,UNSAT,0,0
c6288.aag,glucose3,1908,0.000001,UNSAT,0,0
c6288.aag,glucose3,1909,0.000001,UNSAT,0,0
c6288.aag,glucose3,1910,0.000001,UNSAT,0,0
c6288.aag,glucose3,1911,0.000001,UNSAT,0,0
c6288.aag,glucose3,1900,0.000001,UNSAT,0,0
c6288.aag,glucose3,1912,0.000001,UNSAT,0,0
c6288.aag,glucose3,1913,0.000001,UNSAT,0,0
c6288.aag,glucose3,1914,0.000001,UNSAT,0,0
c6288.aag,glucose3,1915,0.000001,UNSAT,0,0
c6288.aag,glucose3,1916,0.000001,UNSAT,0,0
c6288.aag,glucose3,1917,0.000001,UNSAT,0,0
c6288.aag,glucose3,1918,0.000001,UNSAT,0,0
c6288.aag,glucose3,1919,0.000002,UNSAT,0,0
c6288.aag,glucose3,1920,0.000001,UNSAT,0,0
c6288.aag,glucose3,1921,0.000001,UNSAT,0,0
c6288.aag,glucose3,1922,0.000001,UNSAT,0,0
c6288.aag,glucose3,1923,0.000002,UNSAT,0,0
c6288.aag,glucose3,1888,0.000001,UNSAT,0,0
c6288.aag,glucose3,1924,0.000001,UNSAT,0,0
c6288.aag,glucose3,1925,0.000001,UNSAT,0,0
c6288.aag,glucose3,1926,0.000001,UNSAT,0,0
c6288.aag,glucose3,1927,0.000001,UNSAT,0,0
c6288.aag,glucose3,1928,0.000001,UNSAT,0,0
c6288.aag,glucose3,1929,0.000001,UNSAT,0,0
c6288.aag,glucose3,1841,0.000001,UNSAT,0,0
c6288.aag,glucose3,1930,0.000001,UNSAT,0,0
c6288.aag,glucose4,1903,0.000005,UNSAT,0,0
c6288.aag,glucose4,1904,0.000002,UNSAT,0,0
c6288.aag,glucose4,1905,0.000001,UNSAT,0,0
c6288.aag,glucose4,1906,0.000001,UNSAT,0,0
c6288.aag,glucose4,1880,0.000001,UNSAT,0,0
c6288.aag,glucose4,1907,0.000001,UNSAT,0,0
c6288.aag,glucose4,1908,0.000001,UNSAT,0,0
c6288.aag,glucose4,1909,0.000001,UNSAT,0,0
c6288.aag,glucose4,1910,0.000001,UNSAT,0,0
c6288.aag,glucose4,1911,0.000001,UNSAT,0,0
c6288.aag,glucose4,1900,0.000001,UNSAT,0,0
c6288.aag,glucose4,1912,0.000001,UNSAT,0,0
c6288.aag,glucose4,1913,0.000001,UNSAT,0,0
c6288.aag,glucose4,1914,0.000001,UNSAT,0,0
c6288.aag,glucose4,1915,0.000001,UNSAT,0,0
c6288.aag,glucose4,1916,0.000001,UNSAT,0,0
c6288.aag,glucose4,1917,0.000001,UNSAT,0,0
c6288.aag,glucose4,1918,0.000001,UNSAT,0,0
c6288.aag,glucose4,1919,0.000001,UNSAT,0,0
c6288.aag,glucose4,1920,0.000001,UNSAT,0,0
c6288.aag,glucose4,1921,0.000001,UNSAT,0,0
c6288.aag,glucose4,1922,0.000001,UNSAT,0,0
c6288.aag,glucose4,1923,0.000001,UNSAT,0,0
c6288.aag,glucose4,1888,0.000001,UNSAT,0,0
c6288.aag,glucose4,1924,0.000001,UNSAT,0,0
c6288.aag,glucose4,1925,0.000001,UNSAT,0,0
c6288.aag,glucose4,1926,0.000001,UNSAT,0,0
c6288.aag,glucose4,1927,0.000001,UNSAT,0,0
c6288.aag,glucose4,1928,0.000001,UNSAT,0,0
c6288.aag,glucose4,1929,0.000001,UNSAT,0,0
c6288.aag,glucose4,1841,0.000001,UNSAT,0,0
c6288.aag,glucose4,1930,0.000001,UNSAT,0,0
c6288.aag,maplechrono,1903,0.000007,UNSAT,0,0
c6288.aag,maplechrono,1904,0.000003,UNSAT,0,0
c6288.aag,maplechrono,1905,0.000002,UNSAT,0,0
c6288.aag,maplechrono,1906,0.000002,UNSAT,0,0
c6288.aag,maplechrono,1880,0.000002,UNSAT,0,0
c6288.aag,maplechrono,1907,0.000002,UNSAT,0,0
c6288.aag,maplechrono,1908,0.000002,UNSAT,0,0
c6288.aag,maplechrono,1909,0.000002,UNSAT,0,0
c6288.aag,maplechrono,1910,0.000002,UNSAT,0,0
c6288.aag,maplechrono,1911,0.000002,UNSAT,0,0
c6288.aag,maplechrono,1900,0.000002,UNSAT,0,0
c6288.aag,maplechrono,1912,0.000002,UNSAT,0,0
c6288.aag,maplechrono,1913,0.000002,UNSAT,0,0
c6288.aag,maplechrono,1914,0.000002,UNSAT,0,0
c6288.aag,maplechrono,1915,0.000002,UNSAT,0,0
c6288.aag,maplechrono,1916,0.000002,UNSAT,0,0
c6288.aag,maplechrono,1917,0.000002,UNSAT,0,0
c6288.aag,maplechrono,1918,0.000002,UNSAT,0,0
c6288.aag,maplechrono,1919,0.000002,UNSAT,0,0
c6288.aag,maplechrono,1920,0.000002,UNSAT,0,0
c6288.aag,maplechrono,1921,0.000002,UNSAT,0,0
c6288.aag,maplechrono,1922,0.000002,UNSAT,0,0
c6288.aag,maplechrono,1923,0.000023,UNSAT,0,0
c6288.aag,maplechrono,1888,0.000004,UNSAT,0,0
c6288.aag,maplechrono,1924,0.000003,UNSAT,0,0
c6288.aag,maplechrono,1925,0.000002,UNSAT,0,0
c6288.aag,maplechrono,1926,0.000002,UNSAT,0,0
c6288.aag,maplechrono,1927,0.000002,UNSAT,0,0
c6288.aag,maplechrono,1928,0.000002,UNSAT,0,0
c6288.aag,maplechrono,1929,0.000002,UNSAT,0,0
c6288.aag,maplechrono,1841,0.000002,UNSAT,0,0
c6288.aag,maplechrono,1930,0.000002,UNSAT,0,0
c6288.aag,cadical153,1903,0.000007,UNSAT,0,0
c6288.aag,cadical153,1904,0.000003,UNSAT,0,0
c6288.aag,cadical153,1905,0.000002,UNSAT,0,0
c6288.aag,cadical153,1906,0.000002,UNSAT,0,0
c6288.aag,cadical153,1880,0.000001,UNSAT,0,0
c6288.aag,cadical153,1907,0.000001,UNSAT,0,0
c6288.aag,cadical153,1908,0.000001,UNSAT,0,0
c6288.aag,cadical153,1909,0.000001,UNSAT,0,0
c6288.aag,cadical153,1910,0.000001,UNSAT,0,0
c6288.aag,cadical153,1911,0.000001,UNSAT,0,0
c6288.aag,cadical153,1900,0.000001,UNSAT,0,0
c6288.aag,cadical153,1912,0.000001,UNSAT,0,0
c6288.aag,cadical153,1913,0.000002,UNSAT,0,0
c6288.aag,cadical153,1914,0.000001,UNSAT,0,0
c6288.aag,cadical153,1915,0.000001,UNSAT,0,0
c6288.aag,cadical153,1916,0.000002,UNSAT,0,0
c6288.aag,cadical153,1917,0.000001,UNSAT,0,0
c6288.aag,cadical153,1918,0.000001,UNSAT,0,0
c6288.aag,cadical153,1919,0.000002,UNSAT,0,0
c6288.aag,cadical153,1920,0.000001,UNSAT,0,0
c6288.aag,cadical153,1921,0.000001,UNSAT,0,0
c6288.aag,cadical153,1922,0.000002,UNSAT,0,0
c6288.aag,cadical153,1923,0.000001,UNSAT,0,0
c6288.aag,cadical153,1888,0.000005,UNSAT,0,0
c6288.aag,cadical153,1924,0.000002,UNSAT,0,0
c6288.aag,cadical153,1925,0.000002,UNSAT,0,0
c6288.aag,cadical153,1926,0.000001,UNSAT,0,0
c6288.aag,cadical153,1927,0.000001,UNSAT,0,0
c6288.aag,cadical153,1928,0.000002,UNSAT,0,0
c6288.aag,cadical153,1929,0.000002,UNSAT,0,0
c6288.aag,cadical153,1841,0.000001,UNSAT,0,0
c6288.aag,cadical153,1930,0.000001,UNSAT,0,0
c6288.aag,lingeling,1903,0.000104,UNSAT,0,0
c6288.aag,lingeling,1904,0.000047,UNSAT,0,0
c6288.aag,lingeling,1905,0.000046,UNSAT,0,0
c6288.aag,lingeling,1906,0.000045,UNSAT,0,0
c6288.aag,lingeling,1880,0.000045,UNSAT,0,0
c6288.aag,lingeling,1907,0.000045,UNSAT,0,0
c6288.aag,lingeling,1908,0.000045,UNSAT,0,0
c6288.aag,lingeling,1909,0.000045,UNSAT,0,0
c6288.aag,lingeling,1910,0.000045,UNSAT,0,0
c6288.aag,lingeling,1911,0.000045,UNSAT,0,0
c6288.aag,lingeling,1900,0.000063,UNSAT,0,0
c6288.aag,lingeling,1912,0.000045,UNSAT,0,0
c6288.aag,lingeling,1913,0.000045,UNSAT,0,0
c6288.aag,lingeling,1914,0.000050,UNSAT,0,0
c6288.aag,lingeling,1915,0.000046,UNSAT,0,0
c6288.aag,lingeling,1916,0.000045,UNSAT,0,0
c6288.aag,lingeling,1917,0.000045,UNSAT,0,0
c6288.aag,lingeling,1918,0.000045,UNSAT,0,0
c6288.aag,lingeling,1919,0.000045,UNSAT,0,0
c6288.aag,lingeling,1920,0.000045,UNSAT,0,0
c6288.aag,lingeling,1921,0.000045,UNSAT,0,0
c6288.aag,lingeling,1922,0.000052,UNSAT,0,0
c6288.aag,lingeling,1923,0.000046,UNSAT,0,0
c6288.aag,lingeling,1888,0.000045,UNSAT,0,0
c6288.aag,lingeling,1924,0.000045,UNSAT,0,0
c6288.aag,lingeling,1925,0.000045,UNSAT,0,0
c6288.aag,lingeling,1926,0.000045,UNSAT,0,0
c6288.aag,lingeling,1927,0.000045,UNSAT,0,0
c6288.aag,lingeling,1928,0.000045,UNSAT,0,0
c6288.aag,lingeling,1929,0.000045,UNSAT,0,0
c6288.aag,lingeling,1841,0.000045,UNSAT,0,0
c6288.aag,lingeling,1930,0.000045,UNSAT,0,0
c6288.aag,mergesat3,1903,0.000005,UNSAT,0,0
c6288.aag,mergesat3,1904,0.000002,UNSAT,0,0
c6288.aag,mergesat3,1905,0.000001,UNSAT,0,0
c6288.aag,mergesat3,1906,0.000001,UNSAT,0,0
c6288.aag,mergesat3,1880,0.000001,UNSAT,0,0
c6288.aag,mergesat3,1907,0.000001,UNSAT,0,0
c6288.aag,mergesat3,1908,0.000001,UNSAT,0,0
c6288.aag,mergesat3,1909,0.000001,UNSAT,0,0
c6288.aag,mergesat3,1910,0.000001,UNSAT,0,0
c6288.aag,mergesat3,1911,0.000001,UNSAT,0,0
c6288.aag,mergesat3,1900,0.000001,UNSAT,0,0
c6288.aag,mergesat3,1912,0.000001,UNSAT,0,0
c6288.aag,mergesat3,1913,0.000001,UNSAT,0,0
c6288.aag,mergesat3,1914,0.000001,UNSAT,0,0
c6288.aag,mergesat3,1915,0.000001,UNSAT,0,0
c6288.aag,mergesat3,1916,0.000002,UNSAT,0,0
c6288.aag,mergesat3,1917,0.000001,UNSAT,0,0
c6288.aag,mergesat3,1918,0.000001,UNSAT,0,0
c6288.aag,mergesat3,1919,0.000001,UNSAT,0,0
c6288.aag,mergesat3,1920,0.000001,UNSAT,0,0
c6288.aag,mergesat3,1921,0.000001,UNSAT,0,0
c6288.aag,mergesat3,1922,0.000001,UNSAT,0,0
c6288.aag,mergesat3,1923,0.000001,UNSAT,0,0
c6288.aag,mergesat3,1888,0.000001,UNSAT,0,0
c6288.aag,mergesat3,1924,0.000001,UNSAT,0,0
c6288.aag,mergesat3,1925,0.000001,UNSAT,0,0
c6288.aag,mergesat3,1926,0.000001,UNSAT,0,0
c6288.aag,mergesat3,1927,0.000002,UNSAT,0,0
c6288.aag,mergesat3,1928,0.000001,UNSAT,0,0
c6288.aag,mergesat3,1929,0.000001,UNSAT,0,0
c6288.aag,mergesat3,1841,0.000001,UNSAT,0,0
c6288.aag,mergesat3,1930,0.000001,UNSAT,0,0
