Circuit,Solver,Wire_ID,Time_Sec,Status,Label
arbiter_8bit.aag,glucose4,22,0.000012,UNSAT,0
arbiter_8bit.aag,glucose4,8,0.000010,UNSAT,0
arbiter_8bit.aag,glucose4,23,0.000003,UNSAT,0
arbiter_8bit.aag,glucose4,15,0.000002,UNSAT,0
arbiter_8bit.aag,glucose4,19,0.000002,UNSAT,0
arbiter_8bit.aag,glucose4,1,0.000002,UNSAT,0
arbiter_8bit.aag,glucose4,5,0.000001,UNSAT,0
arbiter_8bit.aag,glucose4,20,0.000002,UNSAT,0
arbiter_8bit.aag,minisat22,22,0.000007,UNSAT,0
arbiter_8bit.aag,minisat22,8,0.000003,UNSAT,0
arbiter_8bit.aag,minisat22,23,0.000002,UNSAT,0
arbiter_8bit.aag,minisat22,15,0.000002,UNSAT,0
arbiter_8bit.aag,minisat22,19,0.000001,UNSAT,0
arbiter_8bit.aag,minisat22,1,0.000002,UNSAT,0
arbiter_8bit.aag,minisat22,5,0.000002,UNSAT,0
arbiter_8bit.aag,minisat22,20,0.000002,UNSAT,0
arbiter_8bit.aag,maplechrono,22,0.000009,UNSAT,0
arbiter_8bit.aag,maplechrono,8,0.000004,UNSAT,0
arbiter_8bit.aag,maplechrono,23,0.000004,UNSAT,0
arbiter_8bit.aag,maplechrono,15,0.000003,UNSAT,0
arbiter_8bit.aag,maplechrono,19,0.000003,UNSAT,0
arbiter_8bit.aag,maplechrono,1,0.000003,UNSAT,0
arbiter_8bit.aag,maplechrono,5,0.000003,UNSAT,0
arbiter_8bit.aag,maplechrono,20,0.000003,UNSAT,0
arbiter_8bit.aag,cadical153,22,0.000012,UNSAT,0
arbiter_8bit.aag,cadical153,8,0.000008,UNSAT,0
arbiter_8bit.aag,cadical153,23,0.000002,UNSAT,0
arbiter_8bit.aag,cadical153,15,0.000002,UNSAT,0
arbiter_8bit.aag,cadical153,19,0.000002,UNSAT,0
arbiter_8bit.aag,cadical153,1,0.000001,UNSAT,0
arbiter_8bit.aag,cadical153,5,0.000001,UNSAT,0
arbiter_8bit.aag,cadical153,20,0.000002,UNSAT,0
arbiter_8bit.aag,lingeling,22,0.000781,UNSAT,0
arbiter_8bit.aag,lingeling,8,0.000015,UNSAT,0
arbiter_8bit.aag,lingeling,23,0.000016,UNSAT,0
arbiter_8bit.aag,lingeling,15,0.000009,UNSAT,0
arbiter_8bit.aag,lingeling,19,0.000008,UNSAT,0
arbiter_8bit.aag,lingeling,1,0.000007,UNSAT,0
arbiter_8bit.aag,lingeling,5,0.000007,UNSAT,0
arbiter_8bit.aag,lingeling,20,0.000007,UNSAT,0
c499.aag,glucose4,550,0.000057,SAT,1
c499.aag,glucose4,551,0.000026,SAT,1
c499.aag,glucose4,552,0.000020,SAT,1
c499.aag,glucose4,553,0.000017,SAT,1
c499.aag,glucose4,554,0.000016,SAT,1
c499.aag,glucose4,555,0.000016,SAT,1
c499.aag,glucose4,556,0.000017,SAT,1
c499.aag,glucose4,557,0.000016,SAT,1
c499.aag,glucose4,558,0.000016,SAT,1
c499.aag,glucose4,559,0.000016,SAT,1
c499.aag,glucose4,560,0.000016,SAT,1
c499.aag,glucose4,561,0.000017,SAT,1
c499.aag,glucose4,562,0.000017,SAT,1
c499.aag,glucose4,563,0.000017,SAT,1
c499.aag,glucose4,564,0.000017,SAT,1
c499.aag,glucose4,565,0.000017,SAT,1
c499.aag,glucose4,566,0.000017,SAT,1
c499.aag,glucose4,567,0.000017,SAT,1
c499.aag,glucose4,568,0.000046,SAT,1
c499.aag,glucose4,569,0.000034,SAT,1
c499.aag,glucose4,570,0.000023,SAT,1
c499.aag,glucose4,571,0.000021,SAT,1
c499.aag,glucose4,572,0.000021,SAT,1
c499.aag,glucose4,573,0.000018,SAT,1
c499.aag,glucose4,574,0.000018,SAT,1
c499.aag,glucose4,575,0.000023,SAT,1
c499.aag,glucose4,576,0.000019,SAT,1
c499.aag,glucose4,577,0.000018,SAT,1
c499.aag,glucose4,578,0.000019,SAT,1
c499.aag,glucose4,579,0.000017,SAT,1
c499.aag,glucose4,580,0.000017,SAT,1
c499.aag,glucose4,581,0.000017,SAT,1
c499.aag,minisat22,550,0.000050,SAT,1
c499.aag,minisat22,551,0.000023,SAT,1
c499.aag,minisat22,552,0.000019,SAT,1
c499.aag,minisat22,553,0.000016,SAT,1
c499.aag,minisat22,554,0.000015,SAT,1
c499.aag,minisat22,555,0.000015,SAT,1
c499.aag,minisat22,556,0.000018,SAT,1
c499.aag,minisat22,557,0.000015,SAT,1
c499.aag,minisat22,558,0.000015,SAT,1
c499.aag,minisat22,559,0.000015,SAT,1
c499.aag,minisat22,560,0.000015,SAT,1
c499.aag,minisat22,561,0.000015,SAT,1
c499.aag,minisat22,562,0.000015,SAT,1
c499.aag,minisat22,563,0.000016,SAT,1
c499.aag,minisat22,564,0.000015,SAT,1
c499.aag,minisat22,565,0.000015,SAT,1
c499.aag,minisat22,566,0.000015,SAT,1
c499.aag,minisat22,567,0.000015,SAT,1
c499.aag,minisat22,568,0.000016,SAT,1
c499.aag,minisat22,569,0.000015,SAT,1
c499.aag,minisat22,570,0.000016,SAT,1
c499.aag,minisat22,571,0.000017,SAT,1
c499.aag,minisat22,572,0.000018,SAT,1
c499.aag,minisat22,573,0.000016,SAT,1
c499.aag,minisat22,574,0.000016,SAT,1
c499.aag,minisat22,575,0.000021,SAT,1
c499.aag,minisat22,576,0.000017,SAT,1
c499.aag,minisat22,577,0.000015,SAT,1
c499.aag,minisat22,578,0.000015,SAT,1
c499.aag,minisat22,579,0.000016,SAT,1
c499.aag,minisat22,580,0.000024,SAT,1
c499.aag,minisat22,581,0.000023,SAT,1
c499.aag,maplechrono,550,0.000064,SAT,1
c499.aag,maplechrono,551,0.000028,SAT,1
c499.aag,maplechrono,552,0.000021,SAT,1
c499.aag,maplechrono,553,0.000018,SAT,1
c499.aag,maplechrono,554,0.000018,SAT,1
c499.aag,maplechrono,555,0.000018,SAT,1
c499.aag,maplechrono,556,0.000019,SAT,1
c499.aag,maplechrono,557,0.000018,SAT,1
c499.aag,maplechrono,558,0.000019,SAT,1
c499.aag,maplechrono,559,0.000020,SAT,1
c499.aag,maplechrono,560,0.000018,SAT,1
c499.aag,maplechrono,561,0.000020,SAT,1
c499.aag,maplechrono,562,0.000020,SAT,1
c499.aag,maplechrono,563,0.000020,SAT,1
c499.aag,maplechrono,564,0.000019,SAT,1
c499.aag,maplechrono,565,0.000019,SAT,1
c499.aag,maplechrono,566,0.000020,SAT,1
c499.aag,maplechrono,567,0.000019,SAT,1
c499.aag,maplechrono,568,0.000020,SAT,1
c499.aag,maplechrono,569,0.000019,SAT,1
c499.aag,maplechrono,570,0.000020,SAT,1
c499.aag,maplechrono,571,0.000022,SAT,1
c499.aag,maplechrono,572,0.000024,SAT,1
c499.aag,maplechrono,573,0.000020,SAT,1
c499.aag,maplechrono,574,0.000021,SAT,1
c499.aag,maplechrono,575,0.000021,SAT,1
c499.aag,maplechrono,576,0.000016,SAT,1
c499.aag,maplechrono,577,0.000015,SAT,1
c499.aag,maplechrono,578,0.000016,SAT,1
c499.aag,maplechrono,579,0.000015,SAT,1
c499.aag,maplechrono,580,0.000014,SAT,1
c499.aag,maplechrono,581,0.000014,SAT,1
c499.aag,cadical153,550,0.000487,SAT,1
c499.aag,cadical153,551,0.000024,SAT,1
c499.aag,cadical153,552,0.000014,SAT,1
c499.aag,cadical153,553,0.000011,SAT,1
c499.aag,cadical153,554,0.000011,SAT,1
c499.aag,cadical153,555,0.000011,SAT,1
c499.aag,cadical153,556,0.000010,SAT,1
c499.aag,cadical153,557,0.000010,SAT,1
c499.aag,cadical153,558,0.000010,SAT,1
c499.aag,cadical153,559,0.000010,SAT,1
c499.aag,cadical153,560,0.000010,SAT,1
c499.aag,cadical153,561,0.000010,SAT,1
c499.aag,cadical153,562,0.000010,SAT,1
c499.aag,cadical153,563,0.000010,SAT,1
c499.aag,cadical153,564,0.000010,SAT,1
c499.aag,cadical153,565,0.000010,SAT,1
c499.aag,cadical153,566,0.000010,SAT,1
c499.aag,cadical153,567,0.000010,SAT,1
c499.aag,cadical153,568,0.000010,SAT,1
c499.aag,cadical153,569,0.000010,SAT,1
c499.aag,cadical153,570,0.000010,SAT,1
c499.aag,cadical153,571,0.000010,SAT,1
c499.aag,cadical153,572,0.000010,SAT,1
c499.aag,cadical153,573,0.000010,SAT,1
c499.aag,cadical153,574,0.000010,SAT,1
c499.aag,cadical153,575,0.000010,SAT,1
c499.aag,cadical153,576,0.000010,SAT,1
c499.aag,cadical153,577,0.000010,SAT,1
c499.aag,cadical153,578,0.000010,SAT,1
c499.aag,cadical153,579,0.000010,SAT,1
c499.aag,cadical153,580,0.000010,SAT,1
c499.aag,cadical153,581,0.000010,SAT,1
c499.aag,lingeling,550,0.000133,SAT,1
c499.aag,lingeling,551,0.000160,SAT,1
c499.aag,lingeling,552,0.000148,SAT,1
c499.aag,lingeling,553,0.000132,SAT,1
c499.aag,lingeling,554,0.000121,SAT,1
c499.aag,lingeling,555,0.000126,SAT,1
c499.aag,lingeling,556,0.000126,SAT,1
c499.aag,lingeling,557,0.000125,SAT,1
c499.aag,lingeling,558,0.000117,SAT,1
c499.aag,lingeling,559,0.000144,SAT,1
c499.aag,lingeling,560,0.000143,SAT,1
c499.aag,lingeling,561,0.000122,SAT,1
c499.aag,lingeling,562,0.000098,SAT,1
c499.aag,lingeling,563,0.000101,SAT,1
c499.aag,lingeling,564,0.000101,SAT,1
c499.aag,lingeling,565,0.000119,SAT,1
c499.aag,lingeling,566,0.000098,SAT,1
c499.aag,lingeling,567,0.000100,SAT,1
c499.aag,lingeling,568,0.000100,SAT,1
c499.aag,lingeling,569,0.000097,SAT,1
c499.aag,lingeling,570,0.000093,SAT,1
c499.aag,lingeling,571,0.000097,SAT,1
c499.aag,lingeling,572,0.000097,SAT,1
c499.aag,lingeling,573,0.000100,SAT,1
c499.aag,lingeling,574,0.000103,SAT,1
c499.aag,lingeling,575,0.000101,SAT,1
c499.aag,lingeling,576,0.000103,SAT,1
c499.aag,lingeling,577,0.000099,SAT,1
c499.aag,lingeling,578,0.000095,SAT,1
c499.aag,lingeling,579,0.000099,SAT,1
c499.aag,lingeling,580,0.000108,SAT,1
c499.aag,lingeling,581,0.000100,SAT,1
c5315.aag,glucose4,1685,0.000010,UNSAT,0
c5315.aag,glucose4,1686,0.000002,UNSAT,0
c5315.aag,glucose4,1687,0.000001,UNSAT,0
c5315.aag,glucose4,1258,0.000001,UNSAT,0
c5315.aag,glucose4,1436,0.000001,UNSAT,0
c5315.aag,glucose4,1688,0.000001,UNSAT,0
c5315.aag,glucose4,1590,0.000001,UNSAT,0
c5315.aag,glucose4,1689,0.000002,UNSAT,0
c5315.aag,glucose4,1228,0.000001,UNSAT,0
c5315.aag,glucose4,1656,0.000001,UNSAT,0
c5315.aag,glucose4,410,0.000001,UNSAT,0
c5315.aag,glucose4,1690,0.000001,UNSAT,0
c5315.aag,glucose4,1691,0.000001,UNSAT,0
c5315.aag,glucose4,1631,0.000001,UNSAT,0
c5315.aag,glucose4,1016,0.000001,UNSAT,0
c5315.aag,glucose4,1607,0.000001,UNSAT,0
c5315.aag,glucose4,1189,0.000001,UNSAT,0
c5315.aag,glucose4,1692,0.000001,UNSAT,0
c5315.aag,glucose4,1693,0.000001,UNSAT,0
c5315.aag,glucose4,1694,0.000001,UNSAT,0
c5315.aag,glucose4,1624,0.000001,UNSAT,0
c5315.aag,glucose4,1695,0.000001,UNSAT,0
c5315.aag,glucose4,441,0.000001,UNSAT,0
c5315.aag,glucose4,1696,0.000026,UNSAT,0
c5315.aag,glucose4,1068,0.000003,UNSAT,0
c5315.aag,glucose4,1697,0.000002,UNSAT,0
c5315.aag,glucose4,1672,0.000001,UNSAT,0
c5315.aag,glucose4,1698,0.000001,UNSAT,0
c5315.aag,glucose4,1436,0.000001,UNSAT,0
c5315.aag,glucose4,1205,0.000001,UNSAT,0
c5315.aag,glucose4,1606,0.000001,UNSAT,0
c5315.aag,glucose4,1080,0.000001,UNSAT,0
c5315.aag,glucose4,1699,0.000001,UNSAT,0
c5315.aag,glucose4,1700,0.000001,UNSAT,0
c5315.aag,glucose4,1701,0.000001,UNSAT,0
c5315.aag,glucose4,1169,0.000001,UNSAT,0
c5315.aag,glucose4,1702,0.000001,UNSAT,0
c5315.aag,glucose4,1684,0.000001,UNSAT,0
c5315.aag,glucose4,1683,0.000001,UNSAT,0
c5315.aag,glucose4,1451,0.000001,UNSAT,0
c5315.aag,glucose4,392,0.000001,UNSAT,0
c5315.aag,glucose4,1703,0.000001,UNSAT,0
c5315.aag,glucose4,1704,0.000001,UNSAT,0
c5315.aag,glucose4,1705,0.000001,UNSAT,0
c5315.aag,glucose4,1706,0.000001,UNSAT,0
c5315.aag,glucose4,1684,0.000001,UNSAT,0
c5315.aag,glucose4,1498,0.000001,UNSAT,0
c5315.aag,glucose4,1219,0.000001,UNSAT,0
c5315.aag,glucose4,1405,0.000001,UNSAT,0
c5315.aag,glucose4,1498,0.000001,UNSAT,0
c5315.aag,glucose4,373,0.000001,UNSAT,0
c5315.aag,glucose4,1499,0.000001,UNSAT,0
c5315.aag,glucose4,1707,0.000001,UNSAT,0
c5315.aag,glucose4,1599,0.000001,UNSAT,0
c5315.aag,glucose4,985,0.000001,UNSAT,0
c5315.aag,glucose4,365,0.000001,UNSAT,0
c5315.aag,glucose4,1564,0.000001,UNSAT,0
c5315.aag,glucose4,767,0.000001,UNSAT,0
c5315.aag,glucose4,1708,0.000001,UNSAT,0
c5315.aag,glucose4,1709,0.000001,UNSAT,0
c5315.aag,glucose4,1181,0.000001,UNSAT,0
c5315.aag,glucose4,1710,0.000001,UNSAT,0
c5315.aag,glucose4,1711,0.000001,UNSAT,0
c5315.aag,glucose4,1712,0.000001,UNSAT,0
c5315.aag,glucose4,1713,0.000001,UNSAT,0
c5315.aag,glucose4,1247,0.000001,UNSAT,0
c5315.aag,glucose4,1714,0.000001,UNSAT,0
c5315.aag,glucose4,1715,0.000001,UNSAT,0
c5315.aag,glucose4,183,0.000001,UNSAT,0
c5315.aag,glucose4,1716,0.000001,UNSAT,0
c5315.aag,glucose4,1717,0.000001,UNSAT,0
c5315.aag,glucose4,1096,0.000001,UNSAT,0
c5315.aag,glucose4,1718,0.000001,UNSAT,0
c5315.aag,glucose4,1719,0.000001,UNSAT,0
c5315.aag,glucose4,1508,0.000001,UNSAT,0
c5315.aag,glucose4,1113,0.000001,UNSAT,0
c5315.aag,glucose4,1720,0.000001,UNSAT,0
c5315.aag,glucose4,440,0.000001,UNSAT,0
c5315.aag,glucose4,1721,0.000001,UNSAT,0
c5315.aag,glucose4,1722,0.000001,UNSAT,0
c5315.aag,glucose4,1403,0.000001,UNSAT,0
c5315.aag,glucose4,1042,0.000001,UNSAT,0
c5315.aag,glucose4,1081,0.000001,UNSAT,0
c5315.aag,glucose4,1723,0.000001,UNSAT,0
c5315.aag,glucose4,1540,0.000001,UNSAT,0
c5315.aag,glucose4,1498,0.000001,UNSAT,0
c5315.aag,glucose4,1724,0.000001,UNSAT,0
c5315.aag,glucose4,457,0.000001,UNSAT,0
c5315.aag,glucose4,1725,0.000001,UNSAT,0
c5315.aag,glucose4,1726,0.000001,UNSAT,0
c5315.aag,glucose4,270,0.000001,UNSAT,0
c5315.aag,glucose4,1080,0.000001,UNSAT,0
c5315.aag,glucose4,1131,0.000001,UNSAT,0
c5315.aag,glucose4,1673,0.000001,UNSAT,0
c5315.aag,glucose4,365,0.000001,UNSAT,0
c5315.aag,glucose4,1727,0.000001,UNSAT,0
c5315.aag,glucose4,1728,0.000001,UNSAT,0
c5315.aag,glucose4,1729,0.000001,UNSAT,0
c5315.aag,glucose4,1730,0.000001,UNSAT,0
c5315.aag,glucose4,1663,0.000001,UNSAT,0
c5315.aag,glucose4,247,0.000001,UNSAT,0
c5315.aag,glucose4,1128,0.000001,UNSAT,0
c5315.aag,glucose4,1529,0.000001,UNSAT,0
c5315.aag,glucose4,1484,0.000001,UNSAT,0
c5315.aag,glucose4,1003,0.000001,UNSAT,0
c5315.aag,glucose4,1731,0.000001,UNSAT,0
c5315.aag,glucose4,1732,0.000001,UNSAT,0
c5315.aag,glucose4,1088,0.000001,UNSAT,0
c5315.aag,glucose4,1733,0.000001,UNSAT,0
c5315.aag,glucose4,1734,0.000001,UNSAT,0
c5315.aag,glucose4,1416,0.000001,UNSAT,0
c5315.aag,glucose4,1498,0.000001,UNSAT,0
c5315.aag,glucose4,1735,0.000001,UNSAT,0
c5315.aag,glucose4,749,0.000001,UNSAT,0
c5315.aag,glucose4,1152,0.000001,UNSAT,0
c5315.aag,glucose4,1498,0.000001,UNSAT,0
c5315.aag,glucose4,1736,0.000001,UNSAT,0
c5315.aag,glucose4,1549,0.000001,UNSAT,0
c5315.aag,glucose4,1737,0.000001,UNSAT,0
c5315.aag,glucose4,428,0.000001,UNSAT,0
c5315.aag,glucose4,1738,0.000001,UNSAT,0
c5315.aag,glucose4,785,0.000001,UNSAT,0
c5315.aag,glucose4,1581,0.000001,UNSAT,0
c5315.aag,minisat22,1685,0.000006,UNSAT,0
c5315.aag,minisat22,1686,0.000002,UNSAT,0
c5315.aag,minisat22,1687,0.000001,UNSAT,0
c5315.aag,minisat22,1258,0.000002,UNSAT,0
c5315.aag,minisat22,1436,0.000001,UNSAT,0
c5315.aag,minisat22,1688,0.000001,UNSAT,0
c5315.aag,minisat22,1590,0.000001,UNSAT,0
c5315.aag,minisat22,1689,0.000001,UNSAT,0
c5315.aag,minisat22,1228,0.000002,UNSAT,0
c5315.aag,minisat22,1656,0.000001,UNSAT,0
c5315.aag,minisat22,410,0.000001,UNSAT,0
c5315.aag,minisat22,1690,0.000001,UNSAT,0
c5315.aag,minisat22,1691,0.000001,UNSAT,0
c5315.aag,minisat22,1631,0.000001,UNSAT,0
c5315.aag,minisat22,1016,0.000001,UNSAT,0
c5315.aag,minisat22,1607,0.000001,UNSAT,0
c5315.aag,minisat22,1189,0.000001,UNSAT,0
c5315.aag,minisat22,1692,0.000001,UNSAT,0
c5315.aag,minisat22,1693,0.000002,UNSAT,0
c5315.aag,minisat22,1694,0.000001,UNSAT,0
c5315.aag,minisat22,1624,0.000001,UNSAT,0
c5315.aag,minisat22,1695,0.000001,UNSAT,0
c5315.aag,minisat22,441,0.000001,UNSAT,0
c5315.aag,minisat22,1696,0.000001,UNSAT,0
c5315.aag,minisat22,1068,0.000002,UNSAT,0
c5315.aag,minisat22,1697,0.000002,UNSAT,0
c5315.aag,minisat22,1672,0.000001,UNSAT,0
c5315.aag,minisat22,1698,0.000001,UNSAT,0
c5315.aag,minisat22,1436,0.000001,UNSAT,0
c5315.aag,minisat22,1205,0.000001,UNSAT,0
c5315.aag,minisat22,1606,0.000001,UNSAT,0
c5315.aag,minisat22,1080,0.000001,UNSAT,0
c5315.aag,minisat22,1699,0.000001,UNSAT,0
c5315.aag,minisat22,1700,0.000001,UNSAT,0
c5315.aag,minisat22,1701,0.000001,UNSAT,0
c5315.aag,minisat22,1169,0.000001,UNSAT,0
c5315.aag,minisat22,1702,0.000001,UNSAT,0
c5315.aag,minisat22,1684,0.000001,UNSAT,0
c5315.aag,minisat22,1683,0.000001,UNSAT,0
c5315.aag,minisat22,1451,0.000001,UNSAT,0
c5315.aag,minisat22,392,0.000001,UNSAT,0
c5315.aag,minisat22,1703,0.000002,UNSAT,0
c5315.aag,minisat22,1704,0.000001,UNSAT,0
c5315.aag,minisat22,1705,0.000001,UNSAT,0
c5315.aag,minisat22,1706,0.000001,UNSAT,0
c5315.aag,minisat22,1684,0.000002,UNSAT,0
c5315.aag,minisat22,1498,0.000001,UNSAT,0
c5315.aag,minisat22,1219,0.000002,UNSAT,0
c5315.aag,minisat22,1405,0.000002,UNSAT,0
c5315.aag,minisat22,1498,0.000001,UNSAT,0
c5315.aag,minisat22,373,0.000001,UNSAT,0
c5315.aag,minisat22,1499,0.000001,UNSAT,0
c5315.aag,minisat22,1707,0.000001,UNSAT,0
c5315.aag,minisat22,1599,0.000002,UNSAT,0
c5315.aag,minisat22,985,0.000001,UNSAT,0
c5315.aag,minisat22,365,0.000001,UNSAT,0
c5315.aag,minisat22,1564,0.000001,UNSAT,0
c5315.aag,minisat22,767,0.000001,UNSAT,0
c5315.aag,minisat22,1708,0.000001,UNSAT,0
c5315.aag,minisat22,1709,0.000001,UNSAT,0
c5315.aag,minisat22,1181,0.000001,UNSAT,0
c5315.aag,minisat22,1710,0.000001,UNSAT,0
c5315.aag,minisat22,1711,0.000001,UNSAT,0
c5315.aag,minisat22,1712,0.000001,UNSAT,0
c5315.aag,minisat22,1713,0.000001,UNSAT,0
c5315.aag,minisat22,1247,0.000001,UNSAT,0
c5315.aag,minisat22,1714,0.000001,UNSAT,0
c5315.aag,minisat22,1715,0.000001,UNSAT,0
c5315.aag,minisat22,183,0.000001,UNSAT,0
c5315.aag,minisat22,1716,0.000004,UNSAT,0
c5315.aag,minisat22,1717,0.000002,UNSAT,0
c5315.aag,minisat22,1096,0.000001,UNSAT,0
c5315.aag,minisat22,1718,0.000001,UNSAT,0
c5315.aag,minisat22,1719,0.000001,UNSAT,0
c5315.aag,minisat22,1508,0.000001,UNSAT,0
c5315.aag,minisat22,1113,0.000001,UNSAT,0
c5315.aag,minisat22,1720,0.000001,UNSAT,0
c5315.aag,minisat22,440,0.000001,UNSAT,0
c5315.aag,minisat22,1721,0.000001,UNSAT,0
c5315.aag,minisat22,1722,0.000001,UNSAT,0
c5315.aag,minisat22,1403,0.000001,UNSAT,0
c5315.aag,minisat22,1042,0.000002,UNSAT,0
c5315.aag,minisat22,1081,0.000001,UNSAT,0
c5315.aag,minisat22,1723,0.000001,UNSAT,0
c5315.aag,minisat22,1540,0.000001,UNSAT,0
c5315.aag,minisat22,1498,0.000001,UNSAT,0
c5315.aag,minisat22,1724,0.000001,UNSAT,0
c5315.aag,minisat22,457,0.000002,UNSAT,0
c5315.aag,minisat22,1725,0.000001,UNSAT,0
c5315.aag,minisat22,1726,0.000001,UNSAT,0
c5315.aag,minisat22,270,0.000002,UNSAT,0
c5315.aag,minisat22,1080,0.000001,UNSAT,0
c5315.aag,minisat22,1131,0.000001,UNSAT,0
c5315.aag,minisat22,1673,0.000001,UNSAT,0
c5315.aag,minisat22,365,0.000001,UNSAT,0
c5315.aag,minisat22,1727,0.000001,UNSAT,0
c5315.aag,minisat22,1728,0.000001,UNSAT,0
c5315.aag,minisat22,1729,0.000001,UNSAT,0
c5315.aag,minisat22,1730,0.000002,UNSAT,0
c5315.aag,minisat22,1663,0.000002,UNSAT,0
c5315.aag,minisat22,247,0.000001,UNSAT,0
c5315.aag,minisat22,1128,0.000001,UNSAT,0
c5315.aag,minisat22,1529,0.000001,UNSAT,0
c5315.aag,minisat22,1484,0.000001,UNSAT,0
c5315.aag,minisat22,1003,0.000001,UNSAT,0
c5315.aag,minisat22,1731,0.000001,UNSAT,0
c5315.aag,minisat22,1732,0.000001,UNSAT,0
c5315.aag,minisat22,1088,0.000001,UNSAT,0
c5315.aag,minisat22,1733,0.000001,UNSAT,0
c5315.aag,minisat22,1734,0.000001,UNSAT,0
c5315.aag,minisat22,1416,0.000001,UNSAT,0
c5315.aag,minisat22,1498,0.000001,UNSAT,0
c5315.aag,minisat22,1735,0.000001,UNSAT,0
c5315.aag,minisat22,749,0.000001,UNSAT,0
c5315.aag,minisat22,1152,0.000001,UNSAT,0
c5315.aag,minisat22,1498,0.000001,UNSAT,0
c5315.aag,minisat22,1736,0.000002,UNSAT,0
c5315.aag,minisat22,1549,0.000001,UNSAT,0
c5315.aag,minisat22,1737,0.000001,UNSAT,0
c5315.aag,minisat22,428,0.000001,UNSAT,0
c5315.aag,minisat22,1738,0.000001,UNSAT,0
c5315.aag,minisat22,785,0.000001,UNSAT,0
c5315.aag,minisat22,1581,0.000001,UNSAT,0
c5315.aag,maplechrono,1685,0.000007,UNSAT,0
c5315.aag,maplechrono,1686,0.000003,UNSAT,0
c5315.aag,maplechrono,1687,0.000003,UNSAT,0
c5315.aag,maplechrono,1258,0.000003,UNSAT,0
c5315.aag,maplechrono,1436,0.000002,UNSAT,0
c5315.aag,maplechrono,1688,0.000002,UNSAT,0
c5315.aag,maplechrono,1590,0.000003,UNSAT,0
c5315.aag,maplechrono,1689,0.000003,UNSAT,0
c5315.aag,maplechrono,1228,0.000002,UNSAT,0
c5315.aag,maplechrono,1656,0.000003,UNSAT,0
c5315.aag,maplechrono,410,0.000002,UNSAT,0
c5315.aag,maplechrono,1690,0.000002,UNSAT,0
c5315.aag,maplechrono,1691,0.000002,UNSAT,0
c5315.aag,maplechrono,1631,0.000010,UNSAT,0
c5315.aag,maplechrono,1016,0.000003,UNSAT,0
c5315.aag,maplechrono,1607,0.000003,UNSAT,0
c5315.aag,maplechrono,1189,0.000002,UNSAT,0
c5315.aag,maplechrono,1692,0.000003,UNSAT,0
c5315.aag,maplechrono,1693,0.000002,UNSAT,0
c5315.aag,maplechrono,1694,0.000002,UNSAT,0
c5315.aag,maplechrono,1624,0.000002,UNSAT,0
c5315.aag,maplechrono,1695,0.000002,UNSAT,0
c5315.aag,maplechrono,441,0.000003,UNSAT,0
c5315.aag,maplechrono,1696,0.000002,UNSAT,0
c5315.aag,maplechrono,1068,0.000002,UNSAT,0
c5315.aag,maplechrono,1697,0.000002,UNSAT,0
c5315.aag,maplechrono,1672,0.000002,UNSAT,0
c5315.aag,maplechrono,1698,0.000002,UNSAT,0
c5315.aag,maplechrono,1436,0.000002,UNSAT,0
c5315.aag,maplechrono,1205,0.000002,UNSAT,0
c5315.aag,maplechrono,1606,0.000002,UNSAT,0
c5315.aag,maplechrono,1080,0.000002,UNSAT,0
c5315.aag,maplechrono,1699,0.000002,UNSAT,0
c5315.aag,maplechrono,1700,0.000002,UNSAT,0
c5315.aag,maplechrono,1701,0.000002,UNSAT,0
c5315.aag,maplechrono,1169,0.000002,UNSAT,0
c5315.aag,maplechrono,1702,0.000002,UNSAT,0
c5315.aag,maplechrono,1684,0.000002,UNSAT,0
c5315.aag,maplechrono,1683,0.000002,UNSAT,0
c5315.aag,maplechrono,1451,0.000002,UNSAT,0
c5315.aag,maplechrono,392,0.000002,UNSAT,0
c5315.aag,maplechrono,1703,0.000002,UNSAT,0
c5315.aag,maplechrono,1704,0.000002,UNSAT,0
c5315.aag,maplechrono,1705,0.000002,UNSAT,0
c5315.aag,maplechrono,1706,0.000002,UNSAT,0
c5315.aag,maplechrono,1684,0.000002,UNSAT,0
c5315.aag,maplechrono,1498,0.000002,UNSAT,0
c5315.aag,maplechrono,1219,0.000002,UNSAT,0
c5315.aag,maplechrono,1405,0.000002,UNSAT,0
c5315.aag,maplechrono,1498,0.000002,UNSAT,0
c5315.aag,maplechrono,373,0.000002,UNSAT,0
c5315.aag,maplechrono,1499,0.000002,UNSAT,0
c5315.aag,maplechrono,1707,0.000002,UNSAT,0
c5315.aag,maplechrono,1599,0.000002,UNSAT,0
c5315.aag,maplechrono,985,0.000002,UNSAT,0
c5315.aag,maplechrono,365,0.000002,UNSAT,0
c5315.aag,maplechrono,1564,0.000002,UNSAT,0
c5315.aag,maplechrono,767,0.000002,UNSAT,0
c5315.aag,maplechrono,1708,0.000002,UNSAT,0
c5315.aag,maplechrono,1709,0.000002,UNSAT,0
c5315.aag,maplechrono,1181,0.000002,UNSAT,0
c5315.aag,maplechrono,1710,0.000002,UNSAT,0
c5315.aag,maplechrono,1711,0.000002,UNSAT,0
c5315.aag,maplechrono,1712,0.000002,UNSAT,0
c5315.aag,maplechrono,1713,0.000002,UNSAT,0
c5315.aag,maplechrono,1247,0.000002,UNSAT,0
c5315.aag,maplechrono,1714,0.000002,UNSAT,0
c5315.aag,maplechrono,1715,0.000002,UNSAT,0
c5315.aag,maplechrono,183,0.000002,UNSAT,0
c5315.aag,maplechrono,1716,0.000002,UNSAT,0
c5315.aag,maplechrono,1717,0.000002,UNSAT,0
c5315.aag,maplechrono,1096,0.000002,UNSAT,0
c5315.aag,maplechrono,1718,0.000002,UNSAT,0
c5315.aag,maplechrono,1719,0.000002,UNSAT,0
c5315.aag,maplechrono,1508,0.000002,UNSAT,0
c5315.aag,maplechrono,1113,0.000002,UNSAT,0
c5315.aag,maplechrono,1720,0.000002,UNSAT,0
c5315.aag,maplechrono,440,0.000002,UNSAT,0
c5315.aag,maplechrono,1721,0.000002,UNSAT,0
c5315.aag,maplechrono,1722,0.000002,UNSAT,0
c5315.aag,maplechrono,1403,0.000002,UNSAT,0
c5315.aag,maplechrono,1042,0.000002,UNSAT,0
c5315.aag,maplechrono,1081,0.000002,UNSAT,0
c5315.aag,maplechrono,1723,0.000002,UNSAT,0
c5315.aag,maplechrono,1540,0.000002,UNSAT,0
c5315.aag,maplechrono,1498,0.000002,UNSAT,0
c5315.aag,maplechrono,1724,0.000002,UNSAT,0
c5315.aag,maplechrono,457,0.000002,UNSAT,0
c5315.aag,maplechrono,1725,0.000002,UNSAT,0
c5315.aag,maplechrono,1726,0.000002,UNSAT,0
c5315.aag,maplechrono,270,0.000002,UNSAT,0
c5315.aag,maplechrono,1080,0.000002,UNSAT,0
c5315.aag,maplechrono,1131,0.000002,UNSAT,0
c5315.aag,maplechrono,1673,0.000002,UNSAT,0
c5315.aag,maplechrono,365,0.000002,UNSAT,0
c5315.aag,maplechrono,1727,0.000002,UNSAT,0
c5315.aag,maplechrono,1728,0.000002,UNSAT,0
c5315.aag,maplechrono,1729,0.000002,UNSAT,0
c5315.aag,maplechrono,1730,0.000002,UNSAT,0
c5315.aag,maplechrono,1663,0.000002,UNSAT,0
c5315.aag,maplechrono,247,0.000002,UNSAT,0
c5315.aag,maplechrono,1128,0.000002,UNSAT,0
c5315.aag,maplechrono,1529,0.000002,UNSAT,0
c5315.aag,maplechrono,1484,0.000021,UNSAT,0
c5315.aag,maplechrono,1003,0.000004,UNSAT,0
c5315.aag,maplechrono,1731,0.000003,UNSAT,0
c5315.aag,maplechrono,1732,0.000003,UNSAT,0
c5315.aag,maplechrono,1088,0.000002,UNSAT,0
c5315.aag,maplechrono,1733,0.000002,UNSAT,0
c5315.aag,maplechrono,1734,0.000002,UNSAT,0
c5315.aag,maplechrono,1416,0.000002,UNSAT,0
c5315.aag,maplechrono,1498,0.000002,UNSAT,0
c5315.aag,maplechrono,1735,0.000002,UNSAT,0
c5315.aag,maplechrono,749,0.000002,UNSAT,0
c5315.aag,maplechrono,1152,0.000002,UNSAT,0
c5315.aag,maplechrono,1498,0.000002,UNSAT,0
c5315.aag,maplechrono,1736,0.000002,UNSAT,0
c5315.aag,maplechrono,1549,0.000002,UNSAT,0
c5315.aag,maplechrono,1737,0.000002,UNSAT,0
c5315.aag,maplechrono,428,0.000002,UNSAT,0
c5315.aag,maplechrono,1738,0.000002,UNSAT,0
c5315.aag,maplechrono,785,0.000002,UNSAT,0
c5315.aag,maplechrono,1581,0.000002,UNSAT,0
c5315.aag,cadical153,1685,0.000007,UNSAT,0
c5315.aag,cadical153,1686,0.000003,UNSAT,0
c5315.aag,cadical153,1687,0.000002,UNSAT,0
c5315.aag,cadical153,1258,0.000001,UNSAT,0
c5315.aag,cadical153,1436,0.000001,UNSAT,0
c5315.aag,cadical153,1688,0.000001,UNSAT,0
c5315.aag,cadical153,1590,0.000001,UNSAT,0
c5315.aag,cadical153,1689,0.000001,UNSAT,0
c5315.aag,cadical153,1228,0.000005,UNSAT,0
c5315.aag,cadical153,1656,0.000002,UNSAT,0
c5315.aag,cadical153,410,0.000002,UNSAT,0
c5315.aag,cadical153,1690,0.000001,UNSAT,0
c5315.aag,cadical153,1691,0.000001,UNSAT,0
c5315.aag,cadical153,1631,0.000002,UNSAT,0
c5315.aag,cadical153,1016,0.000001,UNSAT,0
c5315.aag,cadical153,1607,0.000001,UNSAT,0
c5315.aag,cadical153,1189,0.000002,UNSAT,0
c5315.aag,cadical153,1692,0.000001,UNSAT,0
c5315.aag,cadical153,1693,0.000001,UNSAT,0
c5315.aag,cadical153,1694,0.000002,UNSAT,0
c5315.aag,cadical153,1624,0.000002,UNSAT,0
c5315.aag,cadical153,1695,0.000001,UNSAT,0
c5315.aag,cadical153,441,0.000001,UNSAT,0
c5315.aag,cadical153,1696,0.000002,UNSAT,0
c5315.aag,cadical153,1068,0.000001,UNSAT,0
c5315.aag,cadical153,1697,0.000001,UNSAT,0
c5315.aag,cadical153,1672,0.000002,UNSAT,0
c5315.aag,cadical153,1698,0.000001,UNSAT,0
c5315.aag,cadical153,1436,0.000001,UNSAT,0
c5315.aag,cadical153,1205,0.000001,UNSAT,0
c5315.aag,cadical153,1606,0.000001,UNSAT,0
c5315.aag,cadical153,1080,0.000001,UNSAT,0
c5315.aag,cadical153,1699,0.000002,UNSAT,0
c5315.aag,cadical153,1700,0.000001,UNSAT,0
c5315.aag,cadical153,1701,0.000001,UNSAT,0
c5315.aag,cadical153,1169,0.000001,UNSAT,0
c5315.aag,cadical153,1702,0.000001,UNSAT,0
c5315.aag,cadical153,1684,0.000001,UNSAT,0
c5315.aag,cadical153,1683,0.000002,UNSAT,0
c5315.aag,cadical153,1451,0.000001,UNSAT,0
c5315.aag,cadical153,392,0.000001,UNSAT,0
c5315.aag,cadical153,1703,0.000001,UNSAT,0
c5315.aag,cadical153,1704,0.000001,UNSAT,0
c5315.aag,cadical153,1705,0.000001,UNSAT,0
c5315.aag,cadical153,1706,0.000001,UNSAT,0
c5315.aag,cadical153,1684,0.000001,UNSAT,0
c5315.aag,cadical153,1498,0.000001,UNSAT,0
c5315.aag,cadical153,1219,0.000001,UNSAT,0
c5315.aag,cadical153,1405,0.000002,UNSAT,0
c5315.aag,cadical153,1498,0.000001,UNSAT,0
c5315.aag,cadical153,373,0.000001,UNSAT,0
c5315.aag,cadical153,1499,0.000001,UNSAT,0
c5315.aag,cadical153,1707,0.000001,UNSAT,0
c5315.aag,cadical153,1599,0.000001,UNSAT,0
c5315.aag,cadical153,985,0.000001,UNSAT,0
c5315.aag,cadical153,365,0.000001,UNSAT,0
c5315.aag,cadical153,1564,0.000001,UNSAT,0
c5315.aag,cadical153,767,0.000001,UNSAT,0
c5315.aag,cadical153,1708,0.000001,UNSAT,0
c5315.aag,cadical153,1709,0.000001,UNSAT,0
c5315.aag,cadical153,1181,0.000002,UNSAT,0
c5315.aag,cadical153,1710,0.000001,UNSAT,0
c5315.aag,cadical153,1711,0.000001,UNSAT,0
c5315.aag,cadical153,1712,0.000002,UNSAT,0
c5315.aag,cadical153,1713,0.000001,UNSAT,0
c5315.aag,cadical153,1247,0.000001,UNSAT,0
c5315.aag,cadical153,1714,0.000001,UNSAT,0
c5315.aag,cadical153,1715,0.000001,UNSAT,0
c5315.aag,cadical153,183,0.000001,UNSAT,0
c5315.aag,cadical153,1716,0.000002,UNSAT,0
c5315.aag,cadical153,1717,0.000001,UNSAT,0
c5315.aag,cadical153,1096,0.000001,UNSAT,0
c5315.aag,cadical153,1718,0.000002,UNSAT,0
c5315.aag,cadical153,1719,0.000001,UNSAT,0
c5315.aag,cadical153,1508,0.000001,UNSAT,0
c5315.aag,cadical153,1113,0.000001,UNSAT,0
c5315.aag,cadical153,1720,0.000001,UNSAT,0
c5315.aag,cadical153,440,0.000001,UNSAT,0
c5315.aag,cadical153,1721,0.000001,UNSAT,0
c5315.aag,cadical153,1722,0.000001,UNSAT,0
c5315.aag,cadical153,1403,0.000001,UNSAT,0
c5315.aag,cadical153,1042,0.000001,UNSAT,0
c5315.aag,cadical153,1081,0.000001,UNSAT,0
c5315.aag,cadical153,1723,0.000001,UNSAT,0
c5315.aag,cadical153,1540,0.000002,UNSAT,0
c5315.aag,cadical153,1498,0.000001,UNSAT,0
c5315.aag,cadical153,1724,0.000001,UNSAT,0
c5315.aag,cadical153,457,0.000001,UNSAT,0
c5315.aag,cadical153,1725,0.000001,UNSAT,0
c5315.aag,cadical153,1726,0.000001,UNSAT,0
c5315.aag,cadical153,270,0.000001,UNSAT,0
c5315.aag,cadical153,1080,0.000001,UNSAT,0
c5315.aag,cadical153,1131,0.000001,UNSAT,0
c5315.aag,cadical153,1673,0.000001,UNSAT,0
c5315.aag,cadical153,365,0.000001,UNSAT,0
c5315.aag,cadical153,1727,0.000001,UNSAT,0
c5315.aag,cadical153,1728,0.000002,UNSAT,0
c5315.aag,cadical153,1729,0.000001,UNSAT,0
c5315.aag,cadical153,1730,0.000001,UNSAT,0
c5315.aag,cadical153,1663,0.000002,UNSAT,0
c5315.aag,cadical153,247,0.000001,UNSAT,0
c5315.aag,cadical153,1128,0.000001,UNSAT,0
c5315.aag,cadical153,1529,0.000001,UNSAT,0
c5315.aag,cadical153,1484,0.000001,UNSAT,0
c5315.aag,cadical153,1003,0.000001,UNSAT,0
c5315.aag,cadical153,1731,0.000001,UNSAT,0
c5315.aag,cadical153,1732,0.000001,UNSAT,0
c5315.aag,cadical153,1088,0.000001,UNSAT,0
c5315.aag,cadical153,1733,0.000002,UNSAT,0
c5315.aag,cadical153,1734,0.000001,UNSAT,0
c5315.aag,cadical153,1416,0.000001,UNSAT,0
c5315.aag,cadical153,1498,0.000001,UNSAT,0
c5315.aag,cadical153,1735,0.000001,UNSAT,0
c5315.aag,cadical153,749,0.000001,UNSAT,0
c5315.aag,cadical153,1152,0.000001,UNSAT,0
c5315.aag,cadical153,1498,0.000001,UNSAT,0
c5315.aag,cadical153,1736,0.000001,UNSAT,0
c5315.aag,cadical153,1549,0.000001,UNSAT,0
c5315.aag,cadical153,1737,0.000001,UNSAT,0
c5315.aag,cadical153,428,0.000001,UNSAT,0
c5315.aag,cadical153,1738,0.000001,UNSAT,0
c5315.aag,cadical153,785,0.000001,UNSAT,0
c5315.aag,cadical153,1581,0.000001,UNSAT,0
c5315.aag,lingeling,1685,0.000057,UNSAT,0
c5315.aag,lingeling,1686,0.000044,UNSAT,0
c5315.aag,lingeling,1687,0.000043,UNSAT,0
c5315.aag,lingeling,1258,0.000042,UNSAT,0
c5315.aag,lingeling,1436,0.000042,UNSAT,0
c5315.aag,lingeling,1688,0.000042,UNSAT,0
c5315.aag,lingeling,1590,0.000042,UNSAT,0
c5315.aag,lingeling,1689,0.000047,UNSAT,0
c5315.aag,lingeling,1228,0.000043,UNSAT,0
c5315.aag,lingeling,1656,0.000042,UNSAT,0
c5315.aag,lingeling,410,0.000042,UNSAT,0
c5315.aag,lingeling,1690,0.000051,UNSAT,0
c5315.aag,lingeling,1691,0.000043,UNSAT,0
c5315.aag,lingeling,1631,0.000042,UNSAT,0
c5315.aag,lingeling,1016,0.000042,UNSAT,0
c5315.aag,lingeling,1607,0.000042,UNSAT,0
c5315.aag,lingeling,1189,0.000042,UNSAT,0
c5315.aag,lingeling,1692,0.000042,UNSAT,0
c5315.aag,lingeling,1693,0.000042,UNSAT,0
c5315.aag,lingeling,1694,0.000042,UNSAT,0
c5315.aag,lingeling,1624,0.000042,UNSAT,0
c5315.aag,lingeling,1695,0.000042,UNSAT,0
c5315.aag,lingeling,441,0.000042,UNSAT,0
c5315.aag,lingeling,1696,0.000042,UNSAT,0
c5315.aag,lingeling,1068,0.000042,UNSAT,0
c5315.aag,lingeling,1697,0.000070,UNSAT,0
c5315.aag,lingeling,1672,0.000044,UNSAT,0
c5315.aag,lingeling,1698,0.000042,UNSAT,0
c5315.aag,lingeling,1436,0.000042,UNSAT,0
c5315.aag,lingeling,1205,0.000042,UNSAT,0
c5315.aag,lingeling,1606,0.000042,UNSAT,0
c5315.aag,lingeling,1080,0.000042,UNSAT,0
c5315.aag,lingeling,1699,0.000042,UNSAT,0
c5315.aag,lingeling,1700,0.000042,UNSAT,0
c5315.aag,lingeling,1701,0.000042,UNSAT,0
c5315.aag,lingeling,1169,0.000042,UNSAT,0
c5315.aag,lingeling,1702,0.000042,UNSAT,0
c5315.aag,lingeling,1684,0.000042,UNSAT,0
c5315.aag,lingeling,1683,0.000042,UNSAT,0
c5315.aag,lingeling,1451,0.000119,UNSAT,0
c5315.aag,lingeling,392,0.000045,UNSAT,0
c5315.aag,lingeling,1703,0.000089,UNSAT,0
c5315.aag,lingeling,1704,0.000044,UNSAT,0
c5315.aag,lingeling,1705,0.000087,UNSAT,0
c5315.aag,lingeling,1706,0.000096,UNSAT,0
c5315.aag,lingeling,1684,0.000044,UNSAT,0
c5315.aag,lingeling,1498,0.000043,UNSAT,0
c5315.aag,lingeling,1219,0.000042,UNSAT,0
c5315.aag,lingeling,1405,0.000042,UNSAT,0
c5315.aag,lingeling,1498,0.000042,UNSAT,0
c5315.aag,lingeling,373,0.000042,UNSAT,0
c5315.aag,lingeling,1499,0.000049,UNSAT,0
c5315.aag,lingeling,1707,0.000043,UNSAT,0
c5315.aag,lingeling,1599,0.000042,UNSAT,0
c5315.aag,lingeling,985,0.000042,UNSAT,0
c5315.aag,lingeling,365,0.000042,UNSAT,0
c5315.aag,lingeling,1564,0.000064,UNSAT,0
c5315.aag,lingeling,767,0.000191,UNSAT,0
c5315.aag,lingeling,1708,0.000045,UNSAT,0
c5315.aag,lingeling,1709,0.000042,UNSAT,0
c5315.aag,lingeling,1181,0.000042,UNSAT,0
c5315.aag,lingeling,1710,0.000042,UNSAT,0
c5315.aag,lingeling,1711,0.000048,UNSAT,0
c5315.aag,lingeling,1712,0.000042,UNSAT,0
c5315.aag,lingeling,1713,0.000042,UNSAT,0
c5315.aag,lingeling,1247,0.000042,UNSAT,0
c5315.aag,lingeling,1714,0.000042,UNSAT,0
c5315.aag,lingeling,1715,0.000042,UNSAT,0
c5315.aag,lingeling,183,0.000042,UNSAT,0
c5315.aag,lingeling,1716,0.000042,UNSAT,0
c5315.aag,lingeling,1717,0.000057,UNSAT,0
c5315.aag,lingeling,1096,0.000043,UNSAT,0
c5315.aag,lingeling,1718,0.000042,UNSAT,0
c5315.aag,lingeling,1719,0.000046,UNSAT,0
c5315.aag,lingeling,1508,0.000042,UNSAT,0
c5315.aag,lingeling,1113,0.000042,UNSAT,0
c5315.aag,lingeling,1720,0.000042,UNSAT,0
c5315.aag,lingeling,440,0.000042,UNSAT,0
c5315.aag,lingeling,1721,0.000042,UNSAT,0
c5315.aag,lingeling,1722,0.000042,UNSAT,0
c5315.aag,lingeling,1403,0.000042,UNSAT,0
c5315.aag,lingeling,1042,0.000042,UNSAT,0
c5315.aag,lingeling,1081,0.000042,UNSAT,0
c5315.aag,lingeling,1723,0.000066,UNSAT,0
c5315.aag,lingeling,1540,0.000044,UNSAT,0
c5315.aag,lingeling,1498,0.000042,UNSAT,0
c5315.aag,lingeling,1724,0.000042,UNSAT,0
c5315.aag,lingeling,457,0.000042,UNSAT,0
c5315.aag,lingeling,1725,0.000042,UNSAT,0
c5315.aag,lingeling,1726,0.000042,UNSAT,0
c5315.aag,lingeling,270,0.000049,UNSAT,0
c5315.aag,lingeling,1080,0.000043,UNSAT,0
c5315.aag,lingeling,1131,0.000042,UNSAT,0
c5315.aag,lingeling,1673,0.000042,UNSAT,0
c5315.aag,lingeling,365,0.000042,UNSAT,0
c5315.aag,lingeling,1727,0.000042,UNSAT,0
c5315.aag,lingeling,1728,0.000042,UNSAT,0
c5315.aag,lingeling,1729,0.000042,UNSAT,0
c5315.aag,lingeling,1730,0.000042,UNSAT,0
c5315.aag,lingeling,1663,0.000042,UNSAT,0
c5315.aag,lingeling,247,0.000042,UNSAT,0
c5315.aag,lingeling,1128,0.000042,UNSAT,0
c5315.aag,lingeling,1529,0.000042,UNSAT,0
c5315.aag,lingeling,1484,0.000042,UNSAT,0
c5315.aag,lingeling,1003,0.000042,UNSAT,0
c5315.aag,lingeling,1731,0.000046,UNSAT,0
c5315.aag,lingeling,1732,0.000068,UNSAT,0
c5315.aag,lingeling,1088,0.000075,UNSAT,0
c5315.aag,lingeling,1733,0.000045,UNSAT,0
c5315.aag,lingeling,1734,0.000042,UNSAT,0
c5315.aag,lingeling,1416,0.000042,UNSAT,0
c5315.aag,lingeling,1498,0.000065,UNSAT,0
c5315.aag,lingeling,1735,0.000044,UNSAT,0
c5315.aag,lingeling,749,0.000042,UNSAT,0
c5315.aag,lingeling,1152,0.000042,UNSAT,0
c5315.aag,lingeling,1498,0.000042,UNSAT,0
c5315.aag,lingeling,1736,0.000042,UNSAT,0
c5315.aag,lingeling,1549,0.000042,UNSAT,0
c5315.aag,lingeling,1737,0.000042,UNSAT,0
c5315.aag,lingeling,428,0.000042,UNSAT,0
c5315.aag,lingeling,1738,0.000042,UNSAT,0
c5315.aag,lingeling,785,0.000042,UNSAT,0
c5315.aag,lingeling,1581,0.000042,UNSAT,0
c1908.aag,glucose4,417,0.000083,SAT,1
c1908.aag,glucose4,341,0.000028,SAT,1
c1908.aag,glucose4,411,0.000023,SAT,1
c1908.aag,glucose4,382,0.000019,SAT,1
c1908.aag,glucose4,426,0.000019,SAT,1
c1908.aag,glucose4,444,0.000017,SAT,1
c1908.aag,glucose4,445,0.000016,SAT,1
c1908.aag,glucose4,335,0.000017,SAT,1
c1908.aag,glucose4,440,0.000017,SAT,1
c1908.aag,glucose4,332,0.000017,SAT,1
c1908.aag,glucose4,443,0.000017,SAT,1
c1908.aag,glucose4,429,0.000017,SAT,1
c1908.aag,glucose4,394,0.000017,SAT,1
c1908.aag,glucose4,356,0.000016,SAT,1
c1908.aag,glucose4,388,0.000015,SAT,1
c1908.aag,glucose4,414,0.000014,SAT,1
c1908.aag,glucose4,423,0.000013,SAT,1
c1908.aag,glucose4,350,0.000013,SAT,1
c1908.aag,glucose4,270,0.000013,SAT,1
c1908.aag,glucose4,446,0.000013,SAT,1
c1908.aag,glucose4,347,0.000013,SAT,1
c1908.aag,glucose4,338,0.000015,SAT,1
c1908.aag,glucose4,259,0.000019,SAT,1
c1908.aag,glucose4,329,0.000019,SAT,1
c1908.aag,glucose4,397,0.000019,SAT,1
c1908.aag,minisat22,417,0.000062,SAT,1
c1908.aag,minisat22,341,0.000021,SAT,1
c1908.aag,minisat22,411,0.000018,SAT,1
c1908.aag,minisat22,382,0.000016,SAT,1
c1908.aag,minisat22,426,0.000016,SAT,1
c1908.aag,minisat22,444,0.000015,SAT,1
c1908.aag,minisat22,445,0.000014,SAT,1
c1908.aag,minisat22,335,0.000014,SAT,1
c1908.aag,minisat22,440,0.000014,SAT,1
c1908.aag,minisat22,332,0.000014,SAT,1
c1908.aag,minisat22,443,0.000014,SAT,1
c1908.aag,minisat22,429,0.000014,SAT,1
c1908.aag,minisat22,394,0.000014,SAT,1
c1908.aag,minisat22,356,0.000014,SAT,1
c1908.aag,minisat22,388,0.000012,SAT,1
c1908.aag,minisat22,414,0.000011,SAT,1
c1908.aag,minisat22,423,0.000010,SAT,1
c1908.aag,minisat22,350,0.000010,SAT,1
c1908.aag,minisat22,270,0.000010,SAT,1
c1908.aag,minisat22,446,0.000010,SAT,1
c1908.aag,minisat22,347,0.000010,SAT,1
c1908.aag,minisat22,338,0.000010,SAT,1
c1908.aag,minisat22,259,0.000010,SAT,1
c1908.aag,minisat22,329,0.000010,SAT,1
c1908.aag,minisat22,397,0.000010,SAT,1
c1908.aag,maplechrono,417,0.000072,SAT,1
c1908.aag,maplechrono,341,0.000023,SAT,1
c1908.aag,maplechrono,411,0.000019,SAT,1
c1908.aag,maplechrono,382,0.000017,SAT,1
c1908.aag,maplechrono,426,0.000015,SAT,1
c1908.aag,maplechrono,444,0.000013,SAT,1
c1908.aag,maplechrono,445,0.000013,SAT,1
c1908.aag,maplechrono,335,0.000012,SAT,1
c1908.aag,maplechrono,440,0.000013,SAT,1
c1908.aag,maplechrono,332,0.000012,SAT,1
c1908.aag,maplechrono,443,0.000012,SAT,1
c1908.aag,maplechrono,429,0.000012,SAT,1
c1908.aag,maplechrono,394,0.000012,SAT,1
c1908.aag,maplechrono,356,0.000012,SAT,1
c1908.aag,maplechrono,388,0.000012,SAT,1
c1908.aag,maplechrono,414,0.000012,SAT,1
c1908.aag,maplechrono,423,0.000012,SAT,1
c1908.aag,maplechrono,350,0.000022,SAT,1
c1908.aag,maplechrono,270,0.000015,SAT,1
c1908.aag,maplechrono,446,0.000013,SAT,1
c1908.aag,maplechrono,347,0.000012,SAT,1
c1908.aag,maplechrono,338,0.000012,SAT,1
c1908.aag,maplechrono,259,0.000012,SAT,1
c1908.aag,maplechrono,329,0.000012,SAT,1
c1908.aag,maplechrono,397,0.000012,SAT,1
c1908.aag,cadical153,417,0.000286,SAT,1
c1908.aag,cadical153,341,0.000016,SAT,1
c1908.aag,cadical153,411,0.000010,SAT,1
c1908.aag,cadical153,382,0.000009,SAT,1
c1908.aag,cadical153,426,0.000008,SAT,1
c1908.aag,cadical153,444,0.000007,SAT,1
c1908.aag,cadical153,445,0.000007,SAT,1
c1908.aag,cadical153,335,0.000008,SAT,1
c1908.aag,cadical153,440,0.000007,SAT,1
c1908.aag,cadical153,332,0.000007,SAT,1
c1908.aag,cadical153,443,0.000007,SAT,1
c1908.aag,cadical153,429,0.000007,SAT,1
c1908.aag,cadical153,394,0.000007,SAT,1
c1908.aag,cadical153,356,0.000007,SAT,1
c1908.aag,cadical153,388,0.000008,SAT,1
c1908.aag,cadical153,414,0.000007,SAT,1
c1908.aag,cadical153,423,0.000007,SAT,1
c1908.aag,cadical153,350,0.000007,SAT,1
c1908.aag,cadical153,270,0.000007,SAT,1
c1908.aag,cadical153,446,0.000008,SAT,1
c1908.aag,cadical153,347,0.000007,SAT,1
c1908.aag,cadical153,338,0.000007,SAT,1
c1908.aag,cadical153,259,0.000007,SAT,1
c1908.aag,cadical153,329,0.000007,SAT,1
c1908.aag,cadical153,397,0.000007,SAT,1
c1908.aag,lingeling,417,0.000187,SAT,1
c1908.aag,lingeling,341,0.000094,SAT,1
c1908.aag,lingeling,411,0.000091,SAT,1
c1908.aag,lingeling,382,0.000087,SAT,1
c1908.aag,lingeling,426,0.000088,SAT,1
c1908.aag,lingeling,444,0.000081,SAT,1
c1908.aag,lingeling,445,0.000083,SAT,1
c1908.aag,lingeling,335,0.000084,SAT,1
c1908.aag,lingeling,440,0.000087,SAT,1
c1908.aag,lingeling,332,0.000080,SAT,1
c1908.aag,lingeling,443,0.000079,SAT,1
c1908.aag,lingeling,429,0.000081,SAT,1
c1908.aag,lingeling,394,0.000086,SAT,1
c1908.aag,lingeling,356,0.000077,SAT,1
c1908.aag,lingeling,388,0.000082,SAT,1
c1908.aag,lingeling,414,0.000077,SAT,1
c1908.aag,lingeling,423,0.000079,SAT,1
c1908.aag,lingeling,350,0.000081,SAT,1
c1908.aag,lingeling,270,0.000083,SAT,1
c1908.aag,lingeling,446,0.000083,SAT,1
c1908.aag,lingeling,347,0.000084,SAT,1
c1908.aag,lingeling,338,0.000088,SAT,1
c1908.aag,lingeling,259,0.000080,SAT,1
c1908.aag,lingeling,329,0.000075,SAT,1
c1908.aag,lingeling,397,0.000081,SAT,1
c432.aag,glucose4,162,0.000022,SAT,1
c432.aag,glucose4,163,0.000009,SAT,1
c432.aag,glucose4,164,0.000008,SAT,1
c432.aag,glucose4,165,0.000007,SAT,1
c432.aag,glucose4,166,0.000007,SAT,1
c432.aag,glucose4,151,0.000007,SAT,1
c432.aag,glucose4,167,0.000007,SAT,1
c432.aag,minisat22,162,0.000017,SAT,1
c432.aag,minisat22,163,0.000007,SAT,1
c432.aag,minisat22,164,0.000006,SAT,1
c432.aag,minisat22,165,0.000005,SAT,1
c432.aag,minisat22,166,0.000005,SAT,1
c432.aag,minisat22,151,0.000005,SAT,1
c432.aag,minisat22,167,0.000005,SAT,1
c432.aag,maplechrono,162,0.000021,SAT,1
c432.aag,maplechrono,163,0.000009,SAT,1
c432.aag,maplechrono,164,0.000007,SAT,1
c432.aag,maplechrono,165,0.000006,SAT,1
c432.aag,maplechrono,166,0.000007,SAT,1
c432.aag,maplechrono,151,0.000007,SAT,1
c432.aag,maplechrono,167,0.000006,SAT,1
c432.aag,cadical153,162,0.000016,SAT,1
c432.aag,cadical153,163,0.000007,SAT,1
c432.aag,cadical153,164,0.000005,SAT,1
c432.aag,cadical153,165,0.000004,SAT,1
c432.aag,cadical153,166,0.000013,SAT,1
c432.aag,cadical153,151,0.000007,SAT,1
c432.aag,cadical153,167,0.000005,SAT,1
c432.aag,lingeling,162,0.000053,SAT,1
c432.aag,lingeling,163,0.000044,SAT,1
c432.aag,lingeling,164,0.000040,SAT,1
c432.aag,lingeling,165,0.000038,SAT,1
c432.aag,lingeling,166,0.000038,SAT,1
c432.aag,lingeling,151,0.000037,SAT,1
c432.aag,lingeling,167,0.000035,SAT,1
c1355.aag,glucose4,550,0.000049,SAT,1
c1355.aag,glucose4,551,0.000022,SAT,1
c1355.aag,glucose4,552,0.000017,SAT,1
c1355.aag,glucose4,553,0.000015,SAT,1
c1355.aag,glucose4,554,0.000015,SAT,1
c1355.aag,glucose4,555,0.000014,SAT,1
c1355.aag,glucose4,556,0.000014,SAT,1
c1355.aag,glucose4,557,0.000014,SAT,1
c1355.aag,glucose4,558,0.000014,SAT,1
c1355.aag,glucose4,559,0.000015,SAT,1
c1355.aag,glucose4,560,0.000015,SAT,1
c1355.aag,glucose4,561,0.000015,SAT,1
c1355.aag,glucose4,562,0.000015,SAT,1
c1355.aag,glucose4,563,0.000015,SAT,1
c1355.aag,glucose4,564,0.000015,SAT,1
c1355.aag,glucose4,565,0.000015,SAT,1
c1355.aag,glucose4,566,0.000015,SAT,1
c1355.aag,glucose4,567,0.000019,SAT,1
c1355.aag,glucose4,568,0.000015,SAT,1
c1355.aag,glucose4,569,0.000014,SAT,1
c1355.aag,glucose4,570,0.000014,SAT,1
c1355.aag,glucose4,571,0.000016,SAT,1
c1355.aag,glucose4,572,0.000016,SAT,1
c1355.aag,glucose4,573,0.000016,SAT,1
c1355.aag,glucose4,574,0.000017,SAT,1
c1355.aag,glucose4,575,0.000015,SAT,1
c1355.aag,glucose4,576,0.000015,SAT,1
c1355.aag,glucose4,577,0.000038,SAT,1
c1355.aag,glucose4,578,0.000019,SAT,1
c1355.aag,glucose4,579,0.000020,SAT,1
c1355.aag,glucose4,580,0.000016,SAT,1
c1355.aag,glucose4,581,0.000017,SAT,1
c1355.aag,minisat22,550,0.000041,SAT,1
c1355.aag,minisat22,551,0.000018,SAT,1
c1355.aag,minisat22,552,0.000014,SAT,1
c1355.aag,minisat22,553,0.000013,SAT,1
c1355.aag,minisat22,554,0.000012,SAT,1
c1355.aag,minisat22,555,0.000011,SAT,1
c1355.aag,minisat22,556,0.000012,SAT,1
c1355.aag,minisat22,557,0.000012,SAT,1
c1355.aag,minisat22,558,0.000011,SAT,1
c1355.aag,minisat22,559,0.000012,SAT,1
c1355.aag,minisat22,560,0.000013,SAT,1
c1355.aag,minisat22,561,0.000013,SAT,1
c1355.aag,minisat22,562,0.000013,SAT,1
c1355.aag,minisat22,563,0.000013,SAT,1
c1355.aag,minisat22,564,0.000013,SAT,1
c1355.aag,minisat22,565,0.000013,SAT,1
c1355.aag,minisat22,566,0.000013,SAT,1
c1355.aag,minisat22,567,0.000012,SAT,1
c1355.aag,minisat22,568,0.000012,SAT,1
c1355.aag,minisat22,569,0.000012,SAT,1
c1355.aag,minisat22,570,0.000012,SAT,1
c1355.aag,minisat22,571,0.000014,SAT,1
c1355.aag,minisat22,572,0.000014,SAT,1
c1355.aag,minisat22,573,0.000014,SAT,1
c1355.aag,minisat22,574,0.000012,SAT,1
c1355.aag,minisat22,575,0.000016,SAT,1
c1355.aag,minisat22,576,0.000013,SAT,1
c1355.aag,minisat22,577,0.000012,SAT,1
c1355.aag,minisat22,578,0.000012,SAT,1
c1355.aag,minisat22,579,0.000012,SAT,1
c1355.aag,minisat22,580,0.000012,SAT,1
c1355.aag,minisat22,581,0.000012,SAT,1
c1355.aag,maplechrono,550,0.000049,SAT,1
c1355.aag,maplechrono,551,0.000021,SAT,1
c1355.aag,maplechrono,552,0.000016,SAT,1
c1355.aag,maplechrono,553,0.000014,SAT,1
c1355.aag,maplechrono,554,0.000014,SAT,1
c1355.aag,maplechrono,555,0.000014,SAT,1
c1355.aag,maplechrono,556,0.000014,SAT,1
c1355.aag,maplechrono,557,0.000014,SAT,1
c1355.aag,maplechrono,558,0.000014,SAT,1
c1355.aag,maplechrono,559,0.000014,SAT,1
c1355.aag,maplechrono,560,0.000015,SAT,1
c1355.aag,maplechrono,561,0.000015,SAT,1
c1355.aag,maplechrono,562,0.000015,SAT,1
c1355.aag,maplechrono,563,0.000015,SAT,1
c1355.aag,maplechrono,564,0.000014,SAT,1
c1355.aag,maplechrono,565,0.000015,SAT,1
c1355.aag,maplechrono,566,0.000015,SAT,1
c1355.aag,maplechrono,567,0.000018,SAT,1
c1355.aag,maplechrono,568,0.000015,SAT,1
c1355.aag,maplechrono,569,0.000014,SAT,1
c1355.aag,maplechrono,570,0.000014,SAT,1
c1355.aag,maplechrono,571,0.000015,SAT,1
c1355.aag,maplechrono,572,0.000016,SAT,1
c1355.aag,maplechrono,573,0.000016,SAT,1
c1355.aag,maplechrono,574,0.000016,SAT,1
c1355.aag,maplechrono,575,0.000014,SAT,1
c1355.aag,maplechrono,576,0.000014,SAT,1
c1355.aag,maplechrono,577,0.000014,SAT,1
c1355.aag,maplechrono,578,0.000014,SAT,1
c1355.aag,maplechrono,579,0.000018,SAT,1
c1355.aag,maplechrono,580,0.000015,SAT,1
c1355.aag,maplechrono,581,0.000016,SAT,1
c1355.aag,cadical153,550,0.000038,SAT,1
c1355.aag,cadical153,551,0.000020,SAT,1
c1355.aag,cadical153,552,0.000013,SAT,1
c1355.aag,cadical153,553,0.000011,SAT,1
c1355.aag,cadical153,554,0.000010,SAT,1
c1355.aag,cadical153,555,0.000010,SAT,1
c1355.aag,cadical153,556,0.000010,SAT,1
c1355.aag,cadical153,557,0.000010,SAT,1
c1355.aag,cadical153,558,0.000010,SAT,1
c1355.aag,cadical153,559,0.000010,SAT,1
c1355.aag,cadical153,560,0.000010,SAT,1
c1355.aag,cadical153,561,0.000010,SAT,1
c1355.aag,cadical153,562,0.000010,SAT,1
c1355.aag,cadical153,563,0.000010,SAT,1
c1355.aag,cadical153,564,0.000010,SAT,1
c1355.aag,cadical153,565,0.000010,SAT,1
c1355.aag,cadical153,566,0.000010,SAT,1
c1355.aag,cadical153,567,0.000010,SAT,1
c1355.aag,cadical153,568,0.000010,SAT,1
c1355.aag,cadical153,569,0.000010,SAT,1
c1355.aag,cadical153,570,0.000010,SAT,1
c1355.aag,cadical153,571,0.000010,SAT,1
c1355.aag,cadical153,572,0.000010,SAT,1
c1355.aag,cadical153,573,0.000010,SAT,1
c1355.aag,cadical153,574,0.000010,SAT,1
c1355.aag,cadical153,575,0.000010,SAT,1
c1355.aag,cadical153,576,0.000010,SAT,1
c1355.aag,cadical153,577,0.000025,SAT,1
c1355.aag,cadical153,578,0.000015,SAT,1
c1355.aag,cadical153,579,0.000011,SAT,1
c1355.aag,cadical153,580,0.000010,SAT,1
c1355.aag,cadical153,581,0.000010,SAT,1
c1355.aag,lingeling,550,0.000129,SAT,1
c1355.aag,lingeling,551,0.000109,SAT,1
c1355.aag,lingeling,552,0.000106,SAT,1
c1355.aag,lingeling,553,0.000281,SAT,1
c1355.aag,lingeling,554,0.000207,SAT,1
c1355.aag,lingeling,555,0.000143,SAT,1
c1355.aag,lingeling,556,0.000130,SAT,1
c1355.aag,lingeling,557,0.000127,SAT,1
c1355.aag,lingeling,558,0.000123,SAT,1
c1355.aag,lingeling,559,0.000125,SAT,1
c1355.aag,lingeling,560,0.000122,SAT,1
c1355.aag,lingeling,561,0.000118,SAT,1
c1355.aag,lingeling,562,0.000126,SAT,1
c1355.aag,lingeling,563,0.000129,SAT,1
c1355.aag,lingeling,564,0.000133,SAT,1
c1355.aag,lingeling,565,0.000154,SAT,1
c1355.aag,lingeling,566,0.000130,SAT,1
c1355.aag,lingeling,567,0.000126,SAT,1
c1355.aag,lingeling,568,0.000121,SAT,1
c1355.aag,lingeling,569,0.000116,SAT,1
c1355.aag,lingeling,570,0.000124,SAT,1
c1355.aag,lingeling,571,0.000145,SAT,1
c1355.aag,lingeling,572,0.000122,SAT,1
c1355.aag,lingeling,573,0.000120,SAT,1
c1355.aag,lingeling,574,0.000118,SAT,1
c1355.aag,lingeling,575,0.000119,SAT,1
c1355.aag,lingeling,576,0.000160,SAT,1
c1355.aag,lingeling,577,0.000128,SAT,1
c1355.aag,lingeling,578,0.000133,SAT,1
c1355.aag,lingeling,579,0.000133,SAT,1
c1355.aag,lingeling,580,0.000149,SAT,1
c1355.aag,lingeling,581,0.000117,SAT,1
c880.aag,glucose4,386,0.000008,UNSAT,0
c880.aag,glucose4,387,0.000002,UNSAT,0
c880.aag,glucose4,388,0.000002,UNSAT,0
c880.aag,glucose4,389,0.000002,UNSAT,0
c880.aag,glucose4,390,0.000001,UNSAT,0
c880.aag,glucose4,147,0.000001,UNSAT,0
c880.aag,glucose4,391,0.000002,UNSAT,0
c880.aag,glucose4,329,0.000001,UNSAT,0
c880.aag,glucose4,392,0.000001,UNSAT,0
c880.aag,glucose4,268,0.000001,UNSAT,0
c880.aag,glucose4,393,0.000001,UNSAT,0
c880.aag,glucose4,349,0.000001,UNSAT,0
c880.aag,glucose4,394,0.000002,UNSAT,0
c880.aag,glucose4,370,0.000001,UNSAT,0
c880.aag,glucose4,308,0.000001,UNSAT,0
c880.aag,glucose4,328,0.000002,UNSAT,0
c880.aag,glucose4,395,0.000001,UNSAT,0
c880.aag,glucose4,396,0.000001,UNSAT,0
c880.aag,glucose4,397,0.000001,UNSAT,0
c880.aag,glucose4,5,0.000001,UNSAT,0
c880.aag,glucose4,398,0.000002,UNSAT,0
c880.aag,glucose4,194,0.000001,UNSAT,0
c880.aag,glucose4,399,0.000001,UNSAT,0
c880.aag,glucose4,10,0.000001,UNSAT,0
c880.aag,glucose4,400,0.000001,UNSAT,0
c880.aag,glucose4,401,0.000001,UNSAT,0
c880.aag,minisat22,386,0.000004,UNSAT,0
c880.aag,minisat22,387,0.000002,UNSAT,0
c880.aag,minisat22,388,0.000001,UNSAT,0
c880.aag,minisat22,389,0.000001,UNSAT,0
c880.aag,minisat22,390,0.000001,UNSAT,0
c880.aag,minisat22,147,0.000002,UNSAT,0
c880.aag,minisat22,391,0.000001,UNSAT,0
c880.aag,minisat22,329,0.000004,UNSAT,0
c880.aag,minisat22,392,0.000002,UNSAT,0
c880.aag,minisat22,268,0.000001,UNSAT,0
c880.aag,minisat22,393,0.000002,UNSAT,0
c880.aag,minisat22,349,0.000002,UNSAT,0
c880.aag,minisat22,394,0.000001,UNSAT,0
c880.aag,minisat22,370,0.000001,UNSAT,0
c880.aag,minisat22,308,0.000001,UNSAT,0
c880.aag,minisat22,328,0.000001,UNSAT,0
c880.aag,minisat22,395,0.000002,UNSAT,0
c880.aag,minisat22,396,0.000001,UNSAT,0
c880.aag,minisat22,397,0.000001,UNSAT,0
c880.aag,minisat22,5,0.000001,UNSAT,0
c880.aag,minisat22,398,0.000002,UNSAT,0
c880.aag,minisat22,194,0.000001,UNSAT,0
c880.aag,minisat22,399,0.000001,UNSAT,0
c880.aag,minisat22,10,0.000002,UNSAT,0
c880.aag,minisat22,400,0.000001,UNSAT,0
c880.aag,minisat22,401,0.000001,UNSAT,0
c880.aag,maplechrono,386,0.000008,UNSAT,0
c880.aag,maplechrono,387,0.000003,UNSAT,0
c880.aag,maplechrono,388,0.000003,UNSAT,0
c880.aag,maplechrono,389,0.000002,UNSAT,0
c880.aag,maplechrono,390,0.000003,UNSAT,0
c880.aag,maplechrono,147,0.000004,UNSAT,0
c880.aag,maplechrono,391,0.000004,UNSAT,0
c880.aag,maplechrono,329,0.000004,UNSAT,0
c880.aag,maplechrono,392,0.000004,UNSAT,0
c880.aag,maplechrono,268,0.000003,UNSAT,0
c880.aag,maplechrono,393,0.000004,UNSAT,0
c880.aag,maplechrono,349,0.000004,UNSAT,0
c880.aag,maplechrono,394,0.000003,UNSAT,0
c880.aag,maplechrono,370,0.000004,UNSAT,0
c880.aag,maplechrono,308,0.000004,UNSAT,0
c880.aag,maplechrono,328,0.000002,UNSAT,0
c880.aag,maplechrono,395,0.000002,UNSAT,0
c880.aag,maplechrono,396,0.000002,UNSAT,0
c880.aag,maplechrono,397,0.000002,UNSAT,0
c880.aag,maplechrono,5,0.000002,UNSAT,0
c880.aag,maplechrono,398,0.000003,UNSAT,0
c880.aag,maplechrono,194,0.000003,UNSAT,0
c880.aag,maplechrono,399,0.000002,UNSAT,0
c880.aag,maplechrono,10,0.000002,UNSAT,0
c880.aag,maplechrono,400,0.000002,UNSAT,0
c880.aag,maplechrono,401,0.000002,UNSAT,0
c880.aag,cadical153,386,0.000014,UNSAT,0
c880.aag,cadical153,387,0.000005,UNSAT,0
c880.aag,cadical153,388,0.000003,UNSAT,0
c880.aag,cadical153,389,0.000003,UNSAT,0
c880.aag,cadical153,390,0.000003,UNSAT,0
c880.aag,cadical153,147,0.000003,UNSAT,0
c880.aag,cadical153,391,0.000003,UNSAT,0
c880.aag,cadical153,329,0.000003,UNSAT,0
c880.aag,cadical153,392,0.000003,UNSAT,0
c880.aag,cadical153,268,0.000005,UNSAT,0
c880.aag,cadical153,393,0.000003,UNSAT,0
c880.aag,cadical153,349,0.000003,UNSAT,0
c880.aag,cadical153,394,0.000003,UNSAT,0
c880.aag,cadical153,370,0.000003,UNSAT,0
c880.aag,cadical153,308,0.000003,UNSAT,0
c880.aag,cadical153,328,0.000002,UNSAT,0
c880.aag,cadical153,395,0.000002,UNSAT,0
c880.aag,cadical153,396,0.000002,UNSAT,0
c880.aag,cadical153,397,0.000002,UNSAT,0
c880.aag,cadical153,5,0.000003,UNSAT,0
c880.aag,cadical153,398,0.000022,UNSAT,0
c880.aag,cadical153,194,0.000004,UNSAT,0
c880.aag,cadical153,399,0.000003,UNSAT,0
c880.aag,cadical153,10,0.000005,UNSAT,0
c880.aag,cadical153,400,0.000004,UNSAT,0
c880.aag,cadical153,401,0.000002,UNSAT,0
c880.aag,lingeling,386,0.000049,UNSAT,0
c880.aag,lingeling,387,0.000020,UNSAT,0
c880.aag,lingeling,388,0.000017,UNSAT,0
c880.aag,lingeling,389,0.000017,UNSAT,0
c880.aag,lingeling,390,0.000017,UNSAT,0
c880.aag,lingeling,147,0.000017,UNSAT,0
c880.aag,lingeling,391,0.000017,UNSAT,0
c880.aag,lingeling,329,0.000017,UNSAT,0
c880.aag,lingeling,392,0.000017,UNSAT,0
c880.aag,lingeling,268,0.000017,UNSAT,0
c880.aag,lingeling,393,0.000017,UNSAT,0
c880.aag,lingeling,349,0.000045,UNSAT,0
c880.aag,lingeling,394,0.000019,UNSAT,0
c880.aag,lingeling,370,0.000015,UNSAT,0
c880.aag,lingeling,308,0.000014,UNSAT,0
c880.aag,lingeling,328,0.000014,UNSAT,0
c880.aag,lingeling,395,0.000014,UNSAT,0
c880.aag,lingeling,396,0.000014,UNSAT,0
c880.aag,lingeling,397,0.000013,UNSAT,0
c880.aag,lingeling,5,0.000014,UNSAT,0
c880.aag,lingeling,398,0.000014,UNSAT,0
c880.aag,lingeling,194,0.000014,UNSAT,0
c880.aag,lingeling,399,0.000014,UNSAT,0
c880.aag,lingeling,10,0.000014,UNSAT,0
c880.aag,lingeling,400,0.000014,UNSAT,0
c880.aag,lingeling,401,0.000013,UNSAT,0
c2670.aag,glucose4,885,0.000009,UNSAT,0
c2670.aag,glucose4,886,0.000002,UNSAT,0
c2670.aag,glucose4,384,0.000002,UNSAT,0
c2670.aag,glucose4,150,0.000001,UNSAT,0
c2670.aag,glucose4,535,0.000001,UNSAT,0
c2670.aag,glucose4,883,0.000001,UNSAT,0
c2670.aag,glucose4,531,0.000001,UNSAT,0
c2670.aag,glucose4,539,0.000001,UNSAT,0
c2670.aag,glucose4,488,0.000002,UNSAT,0
c2670.aag,glucose4,887,0.000001,UNSAT,0
c2670.aag,glucose4,882,0.000001,UNSAT,0
c2670.aag,glucose4,674,0.000002,UNSAT,0
c2670.aag,glucose4,888,0.000002,UNSAT,0
c2670.aag,glucose4,382,0.000001,UNSAT,0
c2670.aag,glucose4,510,0.000002,UNSAT,0
c2670.aag,glucose4,889,0.000002,UNSAT,0
c2670.aag,glucose4,890,0.000001,UNSAT,0
c2670.aag,glucose4,848,0.000002,UNSAT,0
c2670.aag,glucose4,524,0.000002,UNSAT,0
c2670.aag,glucose4,891,0.000001,UNSAT,0
c2670.aag,glucose4,507,0.000001,UNSAT,0
c2670.aag,glucose4,892,0.000001,UNSAT,0
c2670.aag,glucose4,866,0.000001,UNSAT,0
c2670.aag,glucose4,526,0.000001,UNSAT,0
c2670.aag,glucose4,853,0.000001,UNSAT,0
c2670.aag,glucose4,893,0.000001,UNSAT,0
c2670.aag,glucose4,873,0.000002,UNSAT,0
c2670.aag,glucose4,514,0.000001,UNSAT,0
c2670.aag,glucose4,644,0.000001,UNSAT,0
c2670.aag,glucose4,291,0.000001,UNSAT,0
c2670.aag,glucose4,850,0.000001,UNSAT,0
c2670.aag,glucose4,680,0.000001,UNSAT,0
c2670.aag,glucose4,486,0.000001,UNSAT,0
c2670.aag,glucose4,513,0.000001,UNSAT,0
c2670.aag,glucose4,534,0.000001,UNSAT,0
c2670.aag,glucose4,450,0.000001,UNSAT,0
c2670.aag,glucose4,532,0.000001,UNSAT,0
c2670.aag,glucose4,879,0.000001,UNSAT,0
c2670.aag,glucose4,894,0.000001,UNSAT,0
c2670.aag,glucose4,487,0.000001,UNSAT,0
c2670.aag,glucose4,542,0.000001,UNSAT,0
c2670.aag,glucose4,864,0.000001,UNSAT,0
c2670.aag,glucose4,543,0.000001,UNSAT,0
c2670.aag,glucose4,860,0.000001,UNSAT,0
c2670.aag,glucose4,895,0.000001,UNSAT,0
c2670.aag,glucose4,676,0.000002,UNSAT,0
c2670.aag,glucose4,531,0.000001,UNSAT,0
c2670.aag,glucose4,174,0.000001,UNSAT,0
c2670.aag,glucose4,896,0.000001,UNSAT,0
c2670.aag,glucose4,489,0.000001,UNSAT,0
c2670.aag,glucose4,897,0.000001,UNSAT,0
c2670.aag,glucose4,883,0.000001,UNSAT,0
c2670.aag,glucose4,898,0.000001,UNSAT,0
c2670.aag,glucose4,641,0.000001,UNSAT,0
c2670.aag,glucose4,378,0.000002,UNSAT,0
c2670.aag,glucose4,899,0.000001,UNSAT,0
c2670.aag,glucose4,445,0.000001,UNSAT,0
c2670.aag,glucose4,290,0.000001,UNSAT,0
c2670.aag,glucose4,539,0.000001,UNSAT,0
c2670.aag,glucose4,900,0.000001,UNSAT,0
c2670.aag,glucose4,446,0.000001,UNSAT,0
c2670.aag,glucose4,901,0.000001,UNSAT,0
c2670.aag,glucose4,902,0.000001,UNSAT,0
c2670.aag,glucose4,851,0.000001,UNSAT,0
c2670.aag,glucose4,656,0.000001,UNSAT,0
c2670.aag,glucose4,868,0.000001,UNSAT,0
c2670.aag,glucose4,869,0.000001,UNSAT,0
c2670.aag,glucose4,846,0.000001,UNSAT,0
c2670.aag,glucose4,903,0.000001,UNSAT,0
c2670.aag,glucose4,19,0.000001,UNSAT,0
c2670.aag,glucose4,904,0.000001,UNSAT,0
c2670.aag,glucose4,380,0.000001,UNSAT,0
c2670.aag,glucose4,490,0.000001,UNSAT,0
c2670.aag,glucose4,862,0.000001,UNSAT,0
c2670.aag,glucose4,523,0.000001,UNSAT,0
c2670.aag,glucose4,527,0.000001,UNSAT,0
c2670.aag,glucose4,863,0.000001,UNSAT,0
c2670.aag,glucose4,905,0.000001,UNSAT,0
c2670.aag,glucose4,655,0.000001,UNSAT,0
c2670.aag,glucose4,874,0.000001,UNSAT,0
c2670.aag,glucose4,906,0.000001,UNSAT,0
c2670.aag,glucose4,533,0.000001,UNSAT,0
c2670.aag,glucose4,849,0.000001,UNSAT,0
c2670.aag,glucose4,852,0.000001,UNSAT,0
c2670.aag,glucose4,907,0.000001,UNSAT,0
c2670.aag,glucose4,876,0.000001,UNSAT,0
c2670.aag,glucose4,72,0.000001,UNSAT,0
c2670.aag,glucose4,385,0.000001,UNSAT,0
c2670.aag,glucose4,537,0.000001,UNSAT,0
c2670.aag,glucose4,872,0.000001,UNSAT,0
c2670.aag,glucose4,450,0.000001,UNSAT,0
c2670.aag,glucose4,383,0.000001,UNSAT,0
c2670.aag,glucose4,908,0.000001,UNSAT,0
c2670.aag,glucose4,646,0.000001,UNSAT,0
c2670.aag,glucose4,909,0.000001,UNSAT,0
c2670.aag,glucose4,654,0.000001,UNSAT,0
c2670.aag,glucose4,511,0.000001,UNSAT,0
c2670.aag,glucose4,872,0.000001,UNSAT,0
c2670.aag,glucose4,645,0.000001,UNSAT,0
c2670.aag,glucose4,910,0.000001,UNSAT,0
c2670.aag,glucose4,381,0.000001,UNSAT,0
c2670.aag,glucose4,911,0.000004,UNSAT,0
c2670.aag,glucose4,541,0.000002,UNSAT,0
c2670.aag,glucose4,881,0.000002,UNSAT,0
c2670.aag,glucose4,380,0.000001,UNSAT,0
c2670.aag,glucose4,380,0.000001,UNSAT,0
c2670.aag,glucose4,675,0.000002,UNSAT,0
c2670.aag,glucose4,679,0.000001,UNSAT,0
c2670.aag,glucose4,880,0.000001,UNSAT,0
c2670.aag,glucose4,538,0.000001,UNSAT,0
c2670.aag,glucose4,-884,0.000001,UNSAT,0
c2670.aag,glucose4,855,0.000001,UNSAT,0
c2670.aag,glucose4,865,0.000001,UNSAT,0
c2670.aag,glucose4,509,0.000001,UNSAT,0
c2670.aag,glucose4,380,0.000001,UNSAT,0
c2670.aag,glucose4,652,0.000001,UNSAT,0
c2670.aag,glucose4,861,0.000001,UNSAT,0
c2670.aag,glucose4,912,0.000001,UNSAT,0
c2670.aag,glucose4,525,0.000001,UNSAT,0
c2670.aag,glucose4,540,0.000001,UNSAT,0
c2670.aag,glucose4,653,0.000001,UNSAT,0
c2670.aag,glucose4,50,0.000001,UNSAT,0
c2670.aag,glucose4,913,0.000001,UNSAT,0
c2670.aag,glucose4,515,0.000001,UNSAT,0
c2670.aag,glucose4,512,0.000001,UNSAT,0
c2670.aag,glucose4,508,0.000001,UNSAT,0
c2670.aag,glucose4,506,0.000001,UNSAT,0
c2670.aag,glucose4,536,0.000001,UNSAT,0
c2670.aag,glucose4,914,0.000001,UNSAT,0
c2670.aag,glucose4,288,0.000001,UNSAT,0
c2670.aag,glucose4,544,0.000001,UNSAT,0
c2670.aag,glucose4,539,0.000001,UNSAT,0
c2670.aag,glucose4,847,0.000001,UNSAT,0
c2670.aag,glucose4,915,0.000001,UNSAT,0
c2670.aag,glucose4,916,0.000001,UNSAT,0
c2670.aag,glucose4,917,0.000001,UNSAT,0
c2670.aag,glucose4,1,0.000001,UNSAT,0
c2670.aag,glucose4,867,0.000001,UNSAT,0
c2670.aag,glucose4,918,0.000001,UNSAT,0
c2670.aag,glucose4,854,0.000001,UNSAT,0
c2670.aag,minisat22,885,0.000004,UNSAT,0
c2670.aag,minisat22,886,0.000002,UNSAT,0
c2670.aag,minisat22,384,0.000001,UNSAT,0
c2670.aag,minisat22,150,0.000002,UNSAT,0
c2670.aag,minisat22,535,0.000001,UNSAT,0
c2670.aag,minisat22,883,0.000001,UNSAT,0
c2670.aag,minisat22,531,0.000001,UNSAT,0
c2670.aag,minisat22,539,0.000001,UNSAT,0
c2670.aag,minisat22,488,0.000001,UNSAT,0
c2670.aag,minisat22,887,0.000001,UNSAT,0
c2670.aag,minisat22,882,0.000001,UNSAT,0
c2670.aag,minisat22,674,0.000001,UNSAT,0
c2670.aag,minisat22,888,0.000001,UNSAT,0
c2670.aag,minisat22,382,0.000001,UNSAT,0
c2670.aag,minisat22,510,0.000001,UNSAT,0
c2670.aag,minisat22,889,0.000002,UNSAT,0
c2670.aag,minisat22,890,0.000001,UNSAT,0
c2670.aag,minisat22,848,0.000001,UNSAT,0
c2670.aag,minisat22,524,0.000001,UNSAT,0
c2670.aag,minisat22,891,0.000001,UNSAT,0
c2670.aag,minisat22,507,0.000001,UNSAT,0
c2670.aag,minisat22,892,0.000001,UNSAT,0
c2670.aag,minisat22,866,0.000001,UNSAT,0
c2670.aag,minisat22,526,0.000002,UNSAT,0
c2670.aag,minisat22,853,0.000001,UNSAT,0
c2670.aag,minisat22,893,0.000001,UNSAT,0
c2670.aag,minisat22,873,0.000001,UNSAT,0
c2670.aag,minisat22,514,0.000001,UNSAT,0
c2670.aag,minisat22,644,0.000001,UNSAT,0
c2670.aag,minisat22,291,0.000001,UNSAT,0
c2670.aag,minisat22,850,0.000001,UNSAT,0
c2670.aag,minisat22,680,0.000001,UNSAT,0
c2670.aag,minisat22,486,0.000001,UNSAT,0
c2670.aag,minisat22,513,0.000001,UNSAT,0
c2670.aag,minisat22,534,0.000001,UNSAT,0
c2670.aag,minisat22,450,0.000001,UNSAT,0
c2670.aag,minisat22,532,0.000001,UNSAT,0
c2670.aag,minisat22,879,0.000001,UNSAT,0
c2670.aag,minisat22,894,0.000001,UNSAT,0
c2670.aag,minisat22,487,0.000001,UNSAT,0
c2670.aag,minisat22,542,0.000001,UNSAT,0
c2670.aag,minisat22,864,0.000001,UNSAT,0
c2670.aag,minisat22,543,0.000001,UNSAT,0
c2670.aag,minisat22,860,0.000001,UNSAT,0
c2670.aag,minisat22,895,0.000001,UNSAT,0
c2670.aag,minisat22,676,0.000001,UNSAT,0
c2670.aag,minisat22,531,0.000001,UNSAT,0
c2670.aag,minisat22,174,0.000002,UNSAT,0
c2670.aag,minisat22,896,0.000001,UNSAT,0
c2670.aag,minisat22,489,0.000001,UNSAT,0
c2670.aag,minisat22,897,0.000001,UNSAT,0
c2670.aag,minisat22,883,0.000001,UNSAT,0
c2670.aag,minisat22,898,0.000002,UNSAT,0
c2670.aag,minisat22,641,0.000001,UNSAT,0
c2670.aag,minisat22,378,0.000001,UNSAT,0
c2670.aag,minisat22,899,0.000001,UNSAT,0
c2670.aag,minisat22,445,0.000001,UNSAT,0
c2670.aag,minisat22,290,0.000001,UNSAT,0
c2670.aag,minisat22,539,0.000001,UNSAT,0
c2670.aag,minisat22,900,0.000001,UNSAT,0
c2670.aag,minisat22,446,0.000001,UNSAT,0
c2670.aag,minisat22,901,0.000001,UNSAT,0
c2670.aag,minisat22,902,0.000001,UNSAT,0
c2670.aag,minisat22,851,0.000001,UNSAT,0
c2670.aag,minisat22,656,0.000001,UNSAT,0
c2670.aag,minisat22,868,0.000001,UNSAT,0
c2670.aag,minisat22,869,0.000002,UNSAT,0
c2670.aag,minisat22,846,0.000001,UNSAT,0
c2670.aag,minisat22,903,0.000001,UNSAT,0
c2670.aag,minisat22,19,0.000001,UNSAT,0
c2670.aag,minisat22,904,0.000001,UNSAT,0
c2670.aag,minisat22,380,0.000001,UNSAT,0
c2670.aag,minisat22,490,0.000001,UNSAT,0
c2670.aag,minisat22,862,0.000001,UNSAT,0
c2670.aag,minisat22,523,0.000001,UNSAT,0
c2670.aag,minisat22,527,0.000001,UNSAT,0
c2670.aag,minisat22,863,0.000001,UNSAT,0
c2670.aag,minisat22,905,0.000001,UNSAT,0
c2670.aag,minisat22,655,0.000001,UNSAT,0
c2670.aag,minisat22,874,0.000001,UNSAT,0
c2670.aag,minisat22,906,0.000001,UNSAT,0
c2670.aag,minisat22,533,0.000001,UNSAT,0
c2670.aag,minisat22,849,0.000001,UNSAT,0
c2670.aag,minisat22,852,0.000001,UNSAT,0
c2670.aag,minisat22,907,0.000001,UNSAT,0
c2670.aag,minisat22,876,0.000001,UNSAT,0
c2670.aag,minisat22,72,0.000001,UNSAT,0
c2670.aag,minisat22,385,0.000001,UNSAT,0
c2670.aag,minisat22,537,0.000001,UNSAT,0
c2670.aag,minisat22,872,0.000001,UNSAT,0
c2670.aag,minisat22,450,0.000001,UNSAT,0
c2670.aag,minisat22,383,0.000001,UNSAT,0
c2670.aag,minisat22,908,0.000003,UNSAT,0
c2670.aag,minisat22,646,0.000002,UNSAT,0
c2670.aag,minisat22,909,0.000001,UNSAT,0
c2670.aag,minisat22,654,0.000001,UNSAT,0
c2670.aag,minisat22,511,0.000001,UNSAT,0
c2670.aag,minisat22,872,0.000001,UNSAT,0
c2670.aag,minisat22,645,0.000001,UNSAT,0
c2670.aag,minisat22,910,0.000001,UNSAT,0
c2670.aag,minisat22,381,0.000001,UNSAT,0
c2670.aag,minisat22,911,0.000001,UNSAT,0
c2670.aag,minisat22,541,0.000001,UNSAT,0
c2670.aag,minisat22,881,0.000001,UNSAT,0
c2670.aag,minisat22,380,0.000001,UNSAT,0
c2670.aag,minisat22,380,0.000001,UNSAT,0
c2670.aag,minisat22,675,0.000001,UNSAT,0
c2670.aag,minisat22,679,0.000001,UNSAT,0
c2670.aag,minisat22,880,0.000001,UNSAT,0
c2670.aag,minisat22,538,0.000001,UNSAT,0
c2670.aag,minisat22,-884,0.000002,UNSAT,0
c2670.aag,minisat22,855,0.000001,UNSAT,0
c2670.aag,minisat22,865,0.000001,UNSAT,0
c2670.aag,minisat22,509,0.000001,UNSAT,0
c2670.aag,minisat22,380,0.000001,UNSAT,0
c2670.aag,minisat22,652,0.000001,UNSAT,0
c2670.aag,minisat22,861,0.000001,UNSAT,0
c2670.aag,minisat22,912,0.000001,UNSAT,0
c2670.aag,minisat22,525,0.000001,UNSAT,0
c2670.aag,minisat22,540,0.000001,UNSAT,0
c2670.aag,minisat22,653,0.000001,UNSAT,0
c2670.aag,minisat22,50,0.000002,UNSAT,0
c2670.aag,minisat22,913,0.000001,UNSAT,0
c2670.aag,minisat22,515,0.000001,UNSAT,0
c2670.aag,minisat22,512,0.000001,UNSAT,0
c2670.aag,minisat22,508,0.000001,UNSAT,0
c2670.aag,minisat22,506,0.000001,UNSAT,0
c2670.aag,minisat22,536,0.000001,UNSAT,0
c2670.aag,minisat22,914,0.000001,UNSAT,0
c2670.aag,minisat22,288,0.000001,UNSAT,0
c2670.aag,minisat22,544,0.000001,UNSAT,0
c2670.aag,minisat22,539,0.000001,UNSAT,0
c2670.aag,minisat22,847,0.000001,UNSAT,0
c2670.aag,minisat22,915,0.000001,UNSAT,0
c2670.aag,minisat22,916,0.000001,UNSAT,0
c2670.aag,minisat22,917,0.000001,UNSAT,0
c2670.aag,minisat22,1,0.000001,UNSAT,0
c2670.aag,minisat22,867,0.000001,UNSAT,0
c2670.aag,minisat22,918,0.000001,UNSAT,0
c2670.aag,minisat22,854,0.000001,UNSAT,0
c2670.aag,maplechrono,885,0.000007,UNSAT,0
c2670.aag,maplechrono,886,0.000003,UNSAT,0
c2670.aag,maplechrono,384,0.000003,UNSAT,0
c2670.aag,maplechrono,150,0.000002,UNSAT,0
c2670.aag,maplechrono,535,0.000002,UNSAT,0
c2670.aag,maplechrono,883,0.000002,UNSAT,0
c2670.aag,maplechrono,531,0.000002,UNSAT,0
c2670.aag,maplechrono,539,0.000003,UNSAT,0
c2670.aag,maplechrono,488,0.000002,UNSAT,0
c2670.aag,maplechrono,887,0.000002,UNSAT,0
c2670.aag,maplechrono,882,0.000002,UNSAT,0
c2670.aag,maplechrono,674,0.000002,UNSAT,0
c2670.aag,maplechrono,888,0.000002,UNSAT,0
c2670.aag,maplechrono,382,0.000002,UNSAT,0
c2670.aag,maplechrono,510,0.000002,UNSAT,0
c2670.aag,maplechrono,889,0.000002,UNSAT,0
c2670.aag,maplechrono,890,0.000005,UNSAT,0
c2670.aag,maplechrono,848,0.000003,UNSAT,0
c2670.aag,maplechrono,524,0.000003,UNSAT,0
c2670.aag,maplechrono,891,0.000002,UNSAT,0
c2670.aag,maplechrono,507,0.000002,UNSAT,0
c2670.aag,maplechrono,892,0.000002,UNSAT,0
c2670.aag,maplechrono,866,0.000002,UNSAT,0
c2670.aag,maplechrono,526,0.000002,UNSAT,0
c2670.aag,maplechrono,853,0.000002,UNSAT,0
c2670.aag,maplechrono,893,0.000002,UNSAT,0
c2670.aag,maplechrono,873,0.000002,UNSAT,0
c2670.aag,maplechrono,514,0.000002,UNSAT,0
c2670.aag,maplechrono,644,0.000002,UNSAT,0
c2670.aag,maplechrono,291,0.000002,UNSAT,0
c2670.aag,maplechrono,850,0.000002,UNSAT,0
c2670.aag,maplechrono,680,0.000002,UNSAT,0
c2670.aag,maplechrono,486,0.000002,UNSAT,0
c2670.aag,maplechrono,513,0.000002,UNSAT,0
c2670.aag,maplechrono,534,0.000002,UNSAT,0
c2670.aag,maplechrono,450,0.000002,UNSAT,0
c2670.aag,maplechrono,532,0.000002,UNSAT,0
c2670.aag,maplechrono,879,0.000002,UNSAT,0
c2670.aag,maplechrono,894,0.000002,UNSAT,0
c2670.aag,maplechrono,487,0.000002,UNSAT,0
c2670.aag,maplechrono,542,0.000002,UNSAT,0
c2670.aag,maplechrono,864,0.000002,UNSAT,0
c2670.aag,maplechrono,543,0.000002,UNSAT,0
c2670.aag,maplechrono,860,0.000002,UNSAT,0
c2670.aag,maplechrono,895,0.000002,UNSAT,0
c2670.aag,maplechrono,676,0.000002,UNSAT,0
c2670.aag,maplechrono,531,0.000002,UNSAT,0
c2670.aag,maplechrono,174,0.000002,UNSAT,0
c2670.aag,maplechrono,896,0.000002,UNSAT,0
c2670.aag,maplechrono,489,0.000002,UNSAT,0
c2670.aag,maplechrono,897,0.000002,UNSAT,0
c2670.aag,maplechrono,883,0.000002,UNSAT,0
c2670.aag,maplechrono,898,0.000003,UNSAT,0
c2670.aag,maplechrono,641,0.000002,UNSAT,0
c2670.aag,maplechrono,378,0.000002,UNSAT,0
c2670.aag,maplechrono,899,0.000002,UNSAT,0
c2670.aag,maplechrono,445,0.000002,UNSAT,0
c2670.aag,maplechrono,290,0.000002,UNSAT,0
c2670.aag,maplechrono,539,0.000002,UNSAT,0
c2670.aag,maplechrono,900,0.000002,UNSAT,0
c2670.aag,maplechrono,446,0.000002,UNSAT,0
c2670.aag,maplechrono,901,0.000002,UNSAT,0
c2670.aag,maplechrono,902,0.000002,UNSAT,0
c2670.aag,maplechrono,851,0.000002,UNSAT,0
c2670.aag,maplechrono,656,0.000002,UNSAT,0
c2670.aag,maplechrono,868,0.000002,UNSAT,0
c2670.aag,maplechrono,869,0.000002,UNSAT,0
c2670.aag,maplechrono,846,0.000002,UNSAT,0
c2670.aag,maplechrono,903,0.000002,UNSAT,0
c2670.aag,maplechrono,19,0.000003,UNSAT,0
c2670.aag,maplechrono,904,0.000002,UNSAT,0
c2670.aag,maplechrono,380,0.000002,UNSAT,0
c2670.aag,maplechrono,490,0.000002,UNSAT,0
c2670.aag,maplechrono,862,0.000002,UNSAT,0
c2670.aag,maplechrono,523,0.000002,UNSAT,0
c2670.aag,maplechrono,527,0.000002,UNSAT,0
c2670.aag,maplechrono,863,0.000002,UNSAT,0
c2670.aag,maplechrono,905,0.000002,UNSAT,0
c2670.aag,maplechrono,655,0.000002,UNSAT,0
c2670.aag,maplechrono,874,0.000002,UNSAT,0
c2670.aag,maplechrono,906,0.000002,UNSAT,0
c2670.aag,maplechrono,533,0.000002,UNSAT,0
c2670.aag,maplechrono,849,0.000002,UNSAT,0
c2670.aag,maplechrono,852,0.000002,UNSAT,0
c2670.aag,maplechrono,907,0.000002,UNSAT,0
c2670.aag,maplechrono,876,0.000002,UNSAT,0
c2670.aag,maplechrono,72,0.000002,UNSAT,0
c2670.aag,maplechrono,385,0.000002,UNSAT,0
c2670.aag,maplechrono,537,0.000002,UNSAT,0
c2670.aag,maplechrono,872,0.000002,UNSAT,0
c2670.aag,maplechrono,450,0.000002,UNSAT,0
c2670.aag,maplechrono,383,0.000002,UNSAT,0
c2670.aag,maplechrono,908,0.000002,UNSAT,0
c2670.aag,maplechrono,646,0.000002,UNSAT,0
c2670.aag,maplechrono,909,0.000002,UNSAT,0
c2670.aag,maplechrono,654,0.000002,UNSAT,0
c2670.aag,maplechrono,511,0.000002,UNSAT,0
c2670.aag,maplechrono,872,0.000002,UNSAT,0
c2670.aag,maplechrono,645,0.000002,UNSAT,0
c2670.aag,maplechrono,910,0.000002,UNSAT,0
c2670.aag,maplechrono,381,0.000002,UNSAT,0
c2670.aag,maplechrono,911,0.000002,UNSAT,0
c2670.aag,maplechrono,541,0.000002,UNSAT,0
c2670.aag,maplechrono,881,0.000002,UNSAT,0
c2670.aag,maplechrono,380,0.000002,UNSAT,0
c2670.aag,maplechrono,380,0.000002,UNSAT,0
c2670.aag,maplechrono,675,0.000002,UNSAT,0
c2670.aag,maplechrono,679,0.000002,UNSAT,0
c2670.aag,maplechrono,880,0.000002,UNSAT,0
c2670.aag,maplechrono,538,0.000002,UNSAT,0
c2670.aag,maplechrono,-884,0.000002,UNSAT,0
c2670.aag,maplechrono,855,0.000002,UNSAT,0
c2670.aag,maplechrono,865,0.000002,UNSAT,0
c2670.aag,maplechrono,509,0.000002,UNSAT,0
c2670.aag,maplechrono,380,0.000002,UNSAT,0
c2670.aag,maplechrono,652,0.000002,UNSAT,0
c2670.aag,maplechrono,861,0.000002,UNSAT,0
c2670.aag,maplechrono,912,0.000002,UNSAT,0
c2670.aag,maplechrono,525,0.000002,UNSAT,0
c2670.aag,maplechrono,540,0.000002,UNSAT,0
c2670.aag,maplechrono,653,0.000002,UNSAT,0
c2670.aag,maplechrono,50,0.000002,UNSAT,0
c2670.aag,maplechrono,913,0.000002,UNSAT,0
c2670.aag,maplechrono,515,0.000002,UNSAT,0
c2670.aag,maplechrono,512,0.000002,UNSAT,0
c2670.aag,maplechrono,508,0.000002,UNSAT,0
c2670.aag,maplechrono,506,0.000002,UNSAT,0
c2670.aag,maplechrono,536,0.000002,UNSAT,0
c2670.aag,maplechrono,914,0.000002,UNSAT,0
c2670.aag,maplechrono,288,0.000002,UNSAT,0
c2670.aag,maplechrono,544,0.000002,UNSAT,0
c2670.aag,maplechrono,539,0.000002,UNSAT,0
c2670.aag,maplechrono,847,0.000002,UNSAT,0
c2670.aag,maplechrono,915,0.000002,UNSAT,0
c2670.aag,maplechrono,916,0.000002,UNSAT,0
c2670.aag,maplechrono,917,0.000002,UNSAT,0
c2670.aag,maplechrono,1,0.000002,UNSAT,0
c2670.aag,maplechrono,867,0.000002,UNSAT,0
c2670.aag,maplechrono,918,0.000002,UNSAT,0
c2670.aag,maplechrono,854,0.000002,UNSAT,0
c2670.aag,cadical153,885,0.000006,UNSAT,0
c2670.aag,cadical153,886,0.000002,UNSAT,0
c2670.aag,cadical153,384,0.000001,UNSAT,0
c2670.aag,cadical153,150,0.000001,UNSAT,0
c2670.aag,cadical153,535,0.000002,UNSAT,0
c2670.aag,cadical153,883,0.000001,UNSAT,0
c2670.aag,cadical153,531,0.000001,UNSAT,0
c2670.aag,cadical153,539,0.000001,UNSAT,0
c2670.aag,cadical153,488,0.000002,UNSAT,0
c2670.aag,cadical153,887,0.000001,UNSAT,0
c2670.aag,cadical153,882,0.000001,UNSAT,0
c2670.aag,cadical153,674,0.000002,UNSAT,0
c2670.aag,cadical153,888,0.000001,UNSAT,0
c2670.aag,cadical153,382,0.000001,UNSAT,0
c2670.aag,cadical153,510,0.000001,UNSAT,0
c2670.aag,cadical153,889,0.000001,UNSAT,0
c2670.aag,cadical153,890,0.000001,UNSAT,0
c2670.aag,cadical153,848,0.000002,UNSAT,0
c2670.aag,cadical153,524,0.000001,UNSAT,0
c2670.aag,cadical153,891,0.000001,UNSAT,0
c2670.aag,cadical153,507,0.000001,UNSAT,0
c2670.aag,cadical153,892,0.000001,UNSAT,0
c2670.aag,cadical153,866,0.000001,UNSAT,0
c2670.aag,cadical153,526,0.000002,UNSAT,0
c2670.aag,cadical153,853,0.000001,UNSAT,0
c2670.aag,cadical153,893,0.000001,UNSAT,0
c2670.aag,cadical153,873,0.000002,UNSAT,0
c2670.aag,cadical153,514,0.000001,UNSAT,0
c2670.aag,cadical153,644,0.000001,UNSAT,0
c2670.aag,cadical153,291,0.000001,UNSAT,0
c2670.aag,cadical153,850,0.000001,UNSAT,0
c2670.aag,cadical153,680,0.000001,UNSAT,0
c2670.aag,cadical153,486,0.000002,UNSAT,0
c2670.aag,cadical153,513,0.000002,UNSAT,0
c2670.aag,cadical153,534,0.000001,UNSAT,0
c2670.aag,cadical153,450,0.000002,UNSAT,0
c2670.aag,cadical153,532,0.000002,UNSAT,0
c2670.aag,cadical153,879,0.000001,UNSAT,0
c2670.aag,cadical153,894,0.000002,UNSAT,0
c2670.aag,cadical153,487,0.000002,UNSAT,0
c2670.aag,cadical153,542,0.000003,UNSAT,0
c2670.aag,cadical153,864,0.000002,UNSAT,0
c2670.aag,cadical153,543,0.000001,UNSAT,0
c2670.aag,cadical153,860,0.000001,UNSAT,0
c2670.aag,cadical153,895,0.000001,UNSAT,0
c2670.aag,cadical153,676,0.000001,UNSAT,0
c2670.aag,cadical153,531,0.000001,UNSAT,0
c2670.aag,cadical153,174,0.000001,UNSAT,0
c2670.aag,cadical153,896,0.000001,UNSAT,0
c2670.aag,cadical153,489,0.000001,UNSAT,0
c2670.aag,cadical153,897,0.000001,UNSAT,0
c2670.aag,cadical153,883,0.000002,UNSAT,0
c2670.aag,cadical153,898,0.000002,UNSAT,0
c2670.aag,cadical153,641,0.000001,UNSAT,0
c2670.aag,cadical153,378,0.000001,UNSAT,0
c2670.aag,cadical153,899,0.000001,UNSAT,0
c2670.aag,cadical153,445,0.000001,UNSAT,0
c2670.aag,cadical153,290,0.000001,UNSAT,0
c2670.aag,cadical153,539,0.000001,UNSAT,0
c2670.aag,cadical153,900,0.000001,UNSAT,0
c2670.aag,cadical153,446,0.000001,UNSAT,0
c2670.aag,cadical153,901,0.000002,UNSAT,0
c2670.aag,cadical153,902,0.000001,UNSAT,0
c2670.aag,cadical153,851,0.000005,UNSAT,0
c2670.aag,cadical153,656,0.000002,UNSAT,0
c2670.aag,cadical153,868,0.000002,UNSAT,0
c2670.aag,cadical153,869,0.000001,UNSAT,0
c2670.aag,cadical153,846,0.000001,UNSAT,0
c2670.aag,cadical153,903,0.000002,UNSAT,0
c2670.aag,cadical153,19,0.000001,UNSAT,0
c2670.aag,cadical153,904,0.000001,UNSAT,0
c2670.aag,cadical153,380,0.000001,UNSAT,0
c2670.aag,cadical153,490,0.000001,UNSAT,0
c2670.aag,cadical153,862,0.000001,UNSAT,0
c2670.aag,cadical153,523,0.000001,UNSAT,0
c2670.aag,cadical153,527,0.000001,UNSAT,0
c2670.aag,cadical153,863,0.000001,UNSAT,0
c2670.aag,cadical153,905,0.000001,UNSAT,0
c2670.aag,cadical153,655,0.000001,UNSAT,0
c2670.aag,cadical153,874,0.000001,UNSAT,0
c2670.aag,cadical153,906,0.000001,UNSAT,0
c2670.aag,cadical153,533,0.000001,UNSAT,0
c2670.aag,cadical153,849,0.000001,UNSAT,0
c2670.aag,cadical153,852,0.000001,UNSAT,0
c2670.aag,cadical153,907,0.000001,UNSAT,0
c2670.aag,cadical153,876,0.000001,UNSAT,0
c2670.aag,cadical153,72,0.000001,UNSAT,0
c2670.aag,cadical153,385,0.000001,UNSAT,0
c2670.aag,cadical153,537,0.000001,UNSAT,0
c2670.aag,cadical153,872,0.000001,UNSAT,0
c2670.aag,cadical153,450,0.000002,UNSAT,0
c2670.aag,cadical153,383,0.000001,UNSAT,0
c2670.aag,cadical153,908,0.000001,UNSAT,0
c2670.aag,cadical153,646,0.000001,UNSAT,0
c2670.aag,cadical153,909,0.000001,UNSAT,0
c2670.aag,cadical153,654,0.000001,UNSAT,0
c2670.aag,cadical153,511,0.000001,UNSAT,0
c2670.aag,cadical153,872,0.000001,UNSAT,0
c2670.aag,cadical153,645,0.000001,UNSAT,0
c2670.aag,cadical153,910,0.000001,UNSAT,0
c2670.aag,cadical153,381,0.000001,UNSAT,0
c2670.aag,cadical153,911,0.000001,UNSAT,0
c2670.aag,cadical153,541,0.000001,UNSAT,0
c2670.aag,cadical153,881,0.000001,UNSAT,0
c2670.aag,cadical153,380,0.000001,UNSAT,0
c2670.aag,cadical153,380,0.000001,UNSAT,0
c2670.aag,cadical153,675,0.000001,UNSAT,0
c2670.aag,cadical153,679,0.000001,UNSAT,0
c2670.aag,cadical153,880,0.000001,UNSAT,0
c2670.aag,cadical153,538,0.000001,UNSAT,0
c2670.aag,cadical153,-884,0.000001,UNSAT,0
c2670.aag,cadical153,855,0.000002,UNSAT,0
c2670.aag,cadical153,865,0.000001,UNSAT,0
c2670.aag,cadical153,509,0.000001,UNSAT,0
c2670.aag,cadical153,380,0.000002,UNSAT,0
c2670.aag,cadical153,652,0.000001,UNSAT,0
c2670.aag,cadical153,861,0.000001,UNSAT,0
c2670.aag,cadical153,912,0.000001,UNSAT,0
c2670.aag,cadical153,525,0.000001,UNSAT,0
c2670.aag,cadical153,540,0.000001,UNSAT,0
c2670.aag,cadical153,653,0.000001,UNSAT,0
c2670.aag,cadical153,50,0.000001,UNSAT,0
c2670.aag,cadical153,913,0.000001,UNSAT,0
c2670.aag,cadical153,515,0.000001,UNSAT,0
c2670.aag,cadical153,512,0.000001,UNSAT,0
c2670.aag,cadical153,508,0.000001,UNSAT,0
c2670.aag,cadical153,506,0.000002,UNSAT,0
c2670.aag,cadical153,536,0.000002,UNSAT,0
c2670.aag,cadical153,914,0.000001,UNSAT,0
c2670.aag,cadical153,288,0.000001,UNSAT,0
c2670.aag,cadical153,544,0.000002,UNSAT,0
c2670.aag,cadical153,539,0.000001,UNSAT,0
c2670.aag,cadical153,847,0.000001,UNSAT,0
c2670.aag,cadical153,915,0.000002,UNSAT,0
c2670.aag,cadical153,916,0.000001,UNSAT,0
c2670.aag,cadical153,917,0.000001,UNSAT,0
c2670.aag,cadical153,1,0.000001,UNSAT,0
c2670.aag,cadical153,867,0.000001,UNSAT,0
c2670.aag,cadical153,918,0.000001,UNSAT,0
c2670.aag,cadical153,854,0.000002,UNSAT,0
c2670.aag,lingeling,885,0.000035,UNSAT,0
c2670.aag,lingeling,886,0.000026,UNSAT,0
c2670.aag,lingeling,384,0.000032,UNSAT,0
c2670.aag,lingeling,150,0.000026,UNSAT,0
c2670.aag,lingeling,535,0.000025,UNSAT,0
c2670.aag,lingeling,883,0.000025,UNSAT,0
c2670.aag,lingeling,531,0.000024,UNSAT,0
c2670.aag,lingeling,539,0.000025,UNSAT,0
c2670.aag,lingeling,488,0.000025,UNSAT,0
c2670.aag,lingeling,887,0.000024,UNSAT,0
c2670.aag,lingeling,882,0.000024,UNSAT,0
c2670.aag,lingeling,674,0.000025,UNSAT,0
c2670.aag,lingeling,888,0.000024,UNSAT,0
c2670.aag,lingeling,382,0.000024,UNSAT,0
c2670.aag,lingeling,510,0.000024,UNSAT,0
c2670.aag,lingeling,889,0.000025,UNSAT,0
c2670.aag,lingeling,890,0.000024,UNSAT,0
c2670.aag,lingeling,848,0.000024,UNSAT,0
c2670.aag,lingeling,524,0.000024,UNSAT,0
c2670.aag,lingeling,891,0.000024,UNSAT,0
c2670.aag,lingeling,507,0.000025,UNSAT,0
c2670.aag,lingeling,892,0.000024,UNSAT,0
c2670.aag,lingeling,866,0.000024,UNSAT,0
c2670.aag,lingeling,526,0.000025,UNSAT,0
c2670.aag,lingeling,853,0.000025,UNSAT,0
c2670.aag,lingeling,893,0.000025,UNSAT,0
c2670.aag,lingeling,873,0.000025,UNSAT,0
c2670.aag,lingeling,514,0.000024,UNSAT,0
c2670.aag,lingeling,644,0.000024,UNSAT,0
c2670.aag,lingeling,291,0.000024,UNSAT,0
c2670.aag,lingeling,850,0.000025,UNSAT,0
c2670.aag,lingeling,680,0.000025,UNSAT,0
c2670.aag,lingeling,486,0.000024,UNSAT,0
c2670.aag,lingeling,513,0.000024,UNSAT,0
c2670.aag,lingeling,534,0.000024,UNSAT,0
c2670.aag,lingeling,450,0.000038,UNSAT,0
c2670.aag,lingeling,532,0.000026,UNSAT,0
c2670.aag,lingeling,879,0.000025,UNSAT,0
c2670.aag,lingeling,894,0.000025,UNSAT,0
c2670.aag,lingeling,487,0.000024,UNSAT,0
c2670.aag,lingeling,542,0.000025,UNSAT,0
c2670.aag,lingeling,864,0.000025,UNSAT,0
c2670.aag,lingeling,543,0.000024,UNSAT,0
c2670.aag,lingeling,860,0.000024,UNSAT,0
c2670.aag,lingeling,895,0.000025,UNSAT,0
c2670.aag,lingeling,676,0.000036,UNSAT,0
c2670.aag,lingeling,531,0.000041,UNSAT,0
c2670.aag,lingeling,174,0.000042,UNSAT,0
c2670.aag,lingeling,896,0.000036,UNSAT,0
c2670.aag,lingeling,489,0.000026,UNSAT,0
c2670.aag,lingeling,897,0.000025,UNSAT,0
c2670.aag,lingeling,883,0.000024,UNSAT,0
c2670.aag,lingeling,898,0.000025,UNSAT,0
c2670.aag,lingeling,641,0.000036,UNSAT,0
c2670.aag,lingeling,378,0.000025,UNSAT,0
c2670.aag,lingeling,899,0.000025,UNSAT,0
c2670.aag,lingeling,445,0.000032,UNSAT,0
c2670.aag,lingeling,290,0.000026,UNSAT,0
c2670.aag,lingeling,539,0.000025,UNSAT,0
c2670.aag,lingeling,900,0.000024,UNSAT,0
c2670.aag,lingeling,446,0.000024,UNSAT,0
c2670.aag,lingeling,901,0.000025,UNSAT,0
c2670.aag,lingeling,902,0.000024,UNSAT,0
c2670.aag,lingeling,851,0.000025,UNSAT,0
c2670.aag,lingeling,656,0.000024,UNSAT,0
c2670.aag,lingeling,868,0.000024,UNSAT,0
c2670.aag,lingeling,869,0.000024,UNSAT,0
c2670.aag,lingeling,846,0.000024,UNSAT,0
c2670.aag,lingeling,903,0.000025,UNSAT,0
c2670.aag,lingeling,19,0.000025,UNSAT,0
c2670.aag,lingeling,904,0.000024,UNSAT,0
c2670.aag,lingeling,380,0.000024,UNSAT,0
c2670.aag,lingeling,490,0.000024,UNSAT,0
c2670.aag,lingeling,862,0.000024,UNSAT,0
c2670.aag,lingeling,523,0.000024,UNSAT,0
c2670.aag,lingeling,527,0.000025,UNSAT,0
c2670.aag,lingeling,863,0.000034,UNSAT,0
c2670.aag,lingeling,905,0.000028,UNSAT,0
c2670.aag,lingeling,655,0.000026,UNSAT,0
c2670.aag,lingeling,874,0.000025,UNSAT,0
c2670.aag,lingeling,906,0.000034,UNSAT,0
c2670.aag,lingeling,533,0.000048,UNSAT,0
c2670.aag,lingeling,849,0.000026,UNSAT,0
c2670.aag,lingeling,852,0.000025,UNSAT,0
c2670.aag,lingeling,907,0.000024,UNSAT,0
c2670.aag,lingeling,876,0.000024,UNSAT,0
c2670.aag,lingeling,72,0.000024,UNSAT,0
c2670.aag,lingeling,385,0.000025,UNSAT,0
c2670.aag,lingeling,537,0.000024,UNSAT,0
c2670.aag,lingeling,872,0.000024,UNSAT,0
c2670.aag,lingeling,450,0.000024,UNSAT,0
c2670.aag,lingeling,383,0.000024,UNSAT,0
c2670.aag,lingeling,908,0.000024,UNSAT,0
c2670.aag,lingeling,646,0.000025,UNSAT,0
c2670.aag,lingeling,909,0.000024,UNSAT,0
c2670.aag,lingeling,654,0.000024,UNSAT,0
c2670.aag,lingeling,511,0.000024,UNSAT,0
c2670.aag,lingeling,872,0.000025,UNSAT,0
c2670.aag,lingeling,645,0.000025,UNSAT,0
c2670.aag,lingeling,910,0.000024,UNSAT,0
c2670.aag,lingeling,381,0.000024,UNSAT,0
c2670.aag,lingeling,911,0.000024,UNSAT,0
c2670.aag,lingeling,541,0.000024,UNSAT,0
c2670.aag,lingeling,881,0.000024,UNSAT,0
c2670.aag,lingeling,380,0.000024,UNSAT,0
c2670.aag,lingeling,380,0.000025,UNSAT,0
c2670.aag,lingeling,675,0.000024,UNSAT,0
c2670.aag,lingeling,679,0.000024,UNSAT,0
c2670.aag,lingeling,880,0.000024,UNSAT,0
c2670.aag,lingeling,538,0.000024,UNSAT,0
c2670.aag,lingeling,-884,0.000025,UNSAT,0
c2670.aag,lingeling,855,0.000025,UNSAT,0
c2670.aag,lingeling,865,0.000024,UNSAT,0
c2670.aag,lingeling,509,0.000024,UNSAT,0
c2670.aag,lingeling,380,0.000024,UNSAT,0
c2670.aag,lingeling,652,0.000024,UNSAT,0
c2670.aag,lingeling,861,0.000030,UNSAT,0
c2670.aag,lingeling,912,0.000033,UNSAT,0
c2670.aag,lingeling,525,0.000026,UNSAT,0
c2670.aag,lingeling,540,0.000025,UNSAT,0
c2670.aag,lingeling,653,0.000025,UNSAT,0
c2670.aag,lingeling,50,0.000025,UNSAT,0
c2670.aag,lingeling,913,0.000025,UNSAT,0
c2670.aag,lingeling,515,0.000025,UNSAT,0
c2670.aag,lingeling,512,0.000024,UNSAT,0
c2670.aag,lingeling,508,0.000025,UNSAT,0
c2670.aag,lingeling,506,0.000025,UNSAT,0
c2670.aag,lingeling,536,0.000024,UNSAT,0
c2670.aag,lingeling,914,0.000025,UNSAT,0
c2670.aag,lingeling,288,0.000025,UNSAT,0
c2670.aag,lingeling,544,0.000024,UNSAT,0
c2670.aag,lingeling,539,0.000024,UNSAT,0
c2670.aag,lingeling,847,0.000024,UNSAT,0
c2670.aag,lingeling,915,0.000024,UNSAT,0
c2670.aag,lingeling,916,0.000024,UNSAT,0
c2670.aag,lingeling,917,0.000024,UNSAT,0
c2670.aag,lingeling,1,0.000025,UNSAT,0
c2670.aag,lingeling,867,0.000025,UNSAT,0
c2670.aag,lingeling,918,0.000025,UNSAT,0
c2670.aag,lingeling,854,0.000024,UNSAT,0
c7552.aag,glucose4,1901,0.000011,UNSAT,0
c7552.aag,glucose4,1902,0.000002,UNSAT,0
c7552.aag,glucose4,1082,0.000002,UNSAT,0
c7552.aag,glucose4,617,0.000001,UNSAT,0
c7552.aag,glucose4,1903,0.000001,UNSAT,0
c7552.aag,glucose4,406,0.000001,UNSAT,0
c7552.aag,glucose4,392,0.000001,UNSAT,0
c7552.aag,glucose4,1439,0.000001,UNSAT,0
c7552.aag,glucose4,1712,0.000001,UNSAT,0
c7552.aag,glucose4,635,0.000001,UNSAT,0
c7552.aag,glucose4,525,0.000001,UNSAT,0
c7552.aag,glucose4,1484,0.000001,UNSAT,0
c7552.aag,glucose4,1476,0.000001,UNSAT,0
c7552.aag,glucose4,430,0.000001,UNSAT,0
c7552.aag,glucose4,387,0.000001,UNSAT,0
c7552.aag,glucose4,1904,0.000001,UNSAT,0
c7552.aag,glucose4,1905,0.000001,UNSAT,0
c7552.aag,glucose4,1906,0.000001,UNSAT,0
c7552.aag,glucose4,1907,0.000001,UNSAT,0
c7552.aag,glucose4,1908,0.000001,UNSAT,0
c7552.aag,glucose4,1599,0.000001,UNSAT,0
c7552.aag,glucose4,1507,0.000001,UNSAT,0
c7552.aag,glucose4,1909,0.000001,UNSAT,0
c7552.aag,glucose4,709,0.000002,UNSAT,0
c7552.aag,glucose4,1439,0.000002,UNSAT,0
c7552.aag,glucose4,1497,0.000001,UNSAT,0
c7552.aag,glucose4,1823,0.000002,UNSAT,0
c7552.aag,glucose4,1910,0.000002,UNSAT,0
c7552.aag,glucose4,1911,0.000001,UNSAT,0
c7552.aag,glucose4,330,0.000002,UNSAT,0
c7552.aag,glucose4,721,0.000001,UNSAT,0
c7552.aag,glucose4,704,0.000001,UNSAT,0
c7552.aag,glucose4,1912,0.000001,UNSAT,0
c7552.aag,glucose4,740,0.000001,UNSAT,0
c7552.aag,glucose4,1913,0.000001,UNSAT,0
c7552.aag,glucose4,1914,0.000002,UNSAT,0
c7552.aag,glucose4,1915,0.000001,UNSAT,0
c7552.aag,glucose4,343,0.000001,UNSAT,0
c7552.aag,glucose4,796,0.000001,UNSAT,0
c7552.aag,glucose4,1916,0.000001,UNSAT,0
c7552.aag,glucose4,1917,0.000001,UNSAT,0
c7552.aag,glucose4,1918,0.000001,UNSAT,0
c7552.aag,glucose4,316,0.000001,UNSAT,0
c7552.aag,glucose4,1919,0.000001,UNSAT,0
c7552.aag,glucose4,1920,0.000001,UNSAT,0
c7552.aag,glucose4,1921,0.000001,UNSAT,0
c7552.aag,glucose4,377,0.000001,UNSAT,0
c7552.aag,glucose4,320,0.000002,UNSAT,0
c7552.aag,glucose4,1602,0.000001,UNSAT,0
c7552.aag,glucose4,1,0.000001,UNSAT,0
c7552.aag,glucose4,1922,0.000002,UNSAT,0
c7552.aag,glucose4,1923,0.000001,UNSAT,0
c7552.aag,glucose4,1476,0.000001,UNSAT,0
c7552.aag,glucose4,1483,0.000002,UNSAT,0
c7552.aag,glucose4,349,0.000002,UNSAT,0
c7552.aag,glucose4,1924,0.000001,UNSAT,0
c7552.aag,glucose4,1925,0.000001,UNSAT,0
c7552.aag,glucose4,1926,0.000001,UNSAT,0
c7552.aag,glucose4,660,0.000001,UNSAT,0
c7552.aag,glucose4,1481,0.000001,UNSAT,0
c7552.aag,glucose4,1927,0.000001,UNSAT,0
c7552.aag,glucose4,728,0.000001,UNSAT,0
c7552.aag,glucose4,476,0.000001,UNSAT,0
c7552.aag,glucose4,310,0.000001,UNSAT,0
c7552.aag,glucose4,1928,0.000001,UNSAT,0
c7552.aag,glucose4,908,0.000001,UNSAT,0
c7552.aag,glucose4,1441,0.000001,UNSAT,0
c7552.aag,glucose4,1439,0.000001,UNSAT,0
c7552.aag,glucose4,885,0.000001,UNSAT,0
c7552.aag,glucose4,1929,0.000001,UNSAT,0
c7552.aag,glucose4,1930,0.000001,UNSAT,0
c7552.aag,glucose4,324,0.000002,UNSAT,0
c7552.aag,glucose4,678,0.000001,UNSAT,0
c7552.aag,glucose4,1931,0.000001,UNSAT,0
c7552.aag,glucose4,1932,0.000001,UNSAT,0
c7552.aag,glucose4,1478,0.000001,UNSAT,0
c7552.aag,glucose4,457,0.000001,UNSAT,0
c7552.aag,glucose4,1933,0.000001,UNSAT,0
c7552.aag,glucose4,452,0.000001,UNSAT,0
c7552.aag,glucose4,1934,0.000001,UNSAT,0
c7552.aag,glucose4,2,0.000001,UNSAT,0
c7552.aag,glucose4,773,0.000001,UNSAT,0
c7552.aag,glucose4,473,0.000001,UNSAT,0
c7552.aag,glucose4,1935,0.000001,UNSAT,0
c7552.aag,glucose4,1893,0.000001,UNSAT,0
c7552.aag,glucose4,653,0.000001,UNSAT,0
c7552.aag,glucose4,1936,0.000001,UNSAT,0
c7552.aag,glucose4,1611,0.000001,UNSAT,0
c7552.aag,glucose4,314,0.000001,UNSAT,0
c7552.aag,glucose4,1937,0.000001,UNSAT,0
c7552.aag,glucose4,1938,0.000001,UNSAT,0
c7552.aag,glucose4,747,0.000001,UNSAT,0
c7552.aag,glucose4,1939,0.000001,UNSAT,0
c7552.aag,glucose4,384,0.000001,UNSAT,0
c7552.aag,glucose4,1940,0.000001,UNSAT,0
c7552.aag,glucose4,338,0.000001,UNSAT,0
c7552.aag,glucose4,791,0.000001,UNSAT,0
c7552.aag,glucose4,1941,0.000001,UNSAT,0
c7552.aag,glucose4,1439,0.000001,UNSAT,0
c7552.aag,glucose4,1942,0.000001,UNSAT,0
c7552.aag,glucose4,1712,0.000001,UNSAT,0
c7552.aag,glucose4,1943,0.000001,UNSAT,0
c7552.aag,glucose4,1944,0.000001,UNSAT,0
c7552.aag,glucose4,1945,0.000001,UNSAT,0
c7552.aag,glucose4,1946,0.000001,UNSAT,0
c7552.aag,glucose4,1947,0.000001,UNSAT,0
c7552.aag,glucose4,610,0.000001,UNSAT,0
c7552.aag,glucose4,334,0.000001,UNSAT,0
c7552.aag,minisat22,1901,0.000005,UNSAT,0
c7552.aag,minisat22,1902,0.000002,UNSAT,0
c7552.aag,minisat22,1082,0.000002,UNSAT,0
c7552.aag,minisat22,617,0.000001,UNSAT,0
c7552.aag,minisat22,1903,0.000001,UNSAT,0
c7552.aag,minisat22,406,0.000002,UNSAT,0
c7552.aag,minisat22,392,0.000001,UNSAT,0
c7552.aag,minisat22,1439,0.000001,UNSAT,0
c7552.aag,minisat22,1712,0.000001,UNSAT,0
c7552.aag,minisat22,635,0.000001,UNSAT,0
c7552.aag,minisat22,525,0.000001,UNSAT,0
c7552.aag,minisat22,1484,0.000001,UNSAT,0
c7552.aag,minisat22,1476,0.000002,UNSAT,0
c7552.aag,minisat22,430,0.000001,UNSAT,0
c7552.aag,minisat22,387,0.000001,UNSAT,0
c7552.aag,minisat22,1904,0.000002,UNSAT,0
c7552.aag,minisat22,1905,0.000001,UNSAT,0
c7552.aag,minisat22,1906,0.000001,UNSAT,0
c7552.aag,minisat22,1907,0.000001,UNSAT,0
c7552.aag,minisat22,1908,0.000001,UNSAT,0
c7552.aag,minisat22,1599,0.000001,UNSAT,0
c7552.aag,minisat22,1507,0.000001,UNSAT,0
c7552.aag,minisat22,1909,0.000001,UNSAT,0
c7552.aag,minisat22,709,0.000001,UNSAT,0
c7552.aag,minisat22,1439,0.000001,UNSAT,0
c7552.aag,minisat22,1497,0.000001,UNSAT,0
c7552.aag,minisat22,1823,0.000001,UNSAT,0
c7552.aag,minisat22,1910,0.000001,UNSAT,0
c7552.aag,minisat22,1911,0.000001,UNSAT,0
c7552.aag,minisat22,330,0.000001,UNSAT,0
c7552.aag,minisat22,721,0.000001,UNSAT,0
c7552.aag,minisat22,704,0.000001,UNSAT,0
c7552.aag,minisat22,1912,0.000001,UNSAT,0
c7552.aag,minisat22,740,0.000001,UNSAT,0
c7552.aag,minisat22,1913,0.000001,UNSAT,0
c7552.aag,minisat22,1914,0.000001,UNSAT,0
c7552.aag,minisat22,1915,0.000001,UNSAT,0
c7552.aag,minisat22,343,0.000001,UNSAT,0
c7552.aag,minisat22,796,0.000001,UNSAT,0
c7552.aag,minisat22,1916,0.000001,UNSAT,0
c7552.aag,minisat22,1917,0.000001,UNSAT,0
c7552.aag,minisat22,1918,0.000001,UNSAT,0
c7552.aag,minisat22,316,0.000001,UNSAT,0
c7552.aag,minisat22,1919,0.000001,UNSAT,0
c7552.aag,minisat22,1920,0.000002,UNSAT,0
c7552.aag,minisat22,1921,0.000002,UNSAT,0
c7552.aag,minisat22,377,0.000001,UNSAT,0
c7552.aag,minisat22,320,0.000001,UNSAT,0
c7552.aag,minisat22,1602,0.000001,UNSAT,0
c7552.aag,minisat22,1,0.000001,UNSAT,0
c7552.aag,minisat22,1922,0.000001,UNSAT,0
c7552.aag,minisat22,1923,0.000001,UNSAT,0
c7552.aag,minisat22,1476,0.000001,UNSAT,0
c7552.aag,minisat22,1483,0.000001,UNSAT,0
c7552.aag,minisat22,349,0.000001,UNSAT,0
c7552.aag,minisat22,1924,0.000001,UNSAT,0
c7552.aag,minisat22,1925,0.000001,UNSAT,0
c7552.aag,minisat22,1926,0.000001,UNSAT,0
c7552.aag,minisat22,660,0.000001,UNSAT,0
c7552.aag,minisat22,1481,0.000001,UNSAT,0
c7552.aag,minisat22,1927,0.000001,UNSAT,0
c7552.aag,minisat22,728,0.000001,UNSAT,0
c7552.aag,minisat22,476,0.000008,UNSAT,0
c7552.aag,minisat22,310,0.000004,UNSAT,0
c7552.aag,minisat22,1928,0.000002,UNSAT,0
c7552.aag,minisat22,908,0.000001,UNSAT,0
c7552.aag,minisat22,1441,0.000002,UNSAT,0
c7552.aag,minisat22,1439,0.000001,UNSAT,0
c7552.aag,minisat22,885,0.000001,UNSAT,0
c7552.aag,minisat22,1929,0.000002,UNSAT,0
c7552.aag,minisat22,1930,0.000002,UNSAT,0
c7552.aag,minisat22,324,0.000001,UNSAT,0
c7552.aag,minisat22,678,0.000001,UNSAT,0
c7552.aag,minisat22,1931,0.000001,UNSAT,0
c7552.aag,minisat22,1932,0.000001,UNSAT,0
c7552.aag,minisat22,1478,0.000001,UNSAT,0
c7552.aag,minisat22,457,0.000001,UNSAT,0
c7552.aag,minisat22,1933,0.000001,UNSAT,0
c7552.aag,minisat22,452,0.000001,UNSAT,0
c7552.aag,minisat22,1934,0.000001,UNSAT,0
c7552.aag,minisat22,2,0.000001,UNSAT,0
c7552.aag,minisat22,773,0.000001,UNSAT,0
c7552.aag,minisat22,473,0.000001,UNSAT,0
c7552.aag,minisat22,1935,0.000001,UNSAT,0
c7552.aag,minisat22,1893,0.000001,UNSAT,0
c7552.aag,minisat22,653,0.000001,UNSAT,0
c7552.aag,minisat22,1936,0.000001,UNSAT,0
c7552.aag,minisat22,1611,0.000001,UNSAT,0
c7552.aag,minisat22,314,0.000001,UNSAT,0
c7552.aag,minisat22,1937,0.000001,UNSAT,0
c7552.aag,minisat22,1938,0.000002,UNSAT,0
c7552.aag,minisat22,747,0.000001,UNSAT,0
c7552.aag,minisat22,1939,0.000001,UNSAT,0
c7552.aag,minisat22,384,0.000001,UNSAT,0
c7552.aag,minisat22,1940,0.000001,UNSAT,0
c7552.aag,minisat22,338,0.000001,UNSAT,0
c7552.aag,minisat22,791,0.000001,UNSAT,0
c7552.aag,minisat22,1941,0.000001,UNSAT,0
c7552.aag,minisat22,1439,0.000001,UNSAT,0
c7552.aag,minisat22,1942,0.000001,UNSAT,0
c7552.aag,minisat22,1712,0.000001,UNSAT,0
c7552.aag,minisat22,1943,0.000001,UNSAT,0
c7552.aag,minisat22,1944,0.000001,UNSAT,0
c7552.aag,minisat22,1945,0.000001,UNSAT,0
c7552.aag,minisat22,1946,0.000001,UNSAT,0
c7552.aag,minisat22,1947,0.000001,UNSAT,0
c7552.aag,minisat22,610,0.000001,UNSAT,0
c7552.aag,minisat22,334,0.000001,UNSAT,0
c7552.aag,maplechrono,1901,0.000007,UNSAT,0
c7552.aag,maplechrono,1902,0.000003,UNSAT,0
c7552.aag,maplechrono,1082,0.000003,UNSAT,0
c7552.aag,maplechrono,617,0.000002,UNSAT,0
c7552.aag,maplechrono,1903,0.000002,UNSAT,0
c7552.aag,maplechrono,406,0.000002,UNSAT,0
c7552.aag,maplechrono,392,0.000002,UNSAT,0
c7552.aag,maplechrono,1439,0.000002,UNSAT,0
c7552.aag,maplechrono,1712,0.000002,UNSAT,0
c7552.aag,maplechrono,635,0.000002,UNSAT,0
c7552.aag,maplechrono,525,0.000002,UNSAT,0
c7552.aag,maplechrono,1484,0.000002,UNSAT,0
c7552.aag,maplechrono,1476,0.000002,UNSAT,0
c7552.aag,maplechrono,430,0.000002,UNSAT,0
c7552.aag,maplechrono,387,0.000002,UNSAT,0
c7552.aag,maplechrono,1904,0.000002,UNSAT,0
c7552.aag,maplechrono,1905,0.000002,UNSAT,0
c7552.aag,maplechrono,1906,0.000002,UNSAT,0
c7552.aag,maplechrono,1907,0.000002,UNSAT,0
c7552.aag,maplechrono,1908,0.000002,UNSAT,0
c7552.aag,maplechrono,1599,0.000002,UNSAT,0
c7552.aag,maplechrono,1507,0.000002,UNSAT,0
c7552.aag,maplechrono,1909,0.000002,UNSAT,0
c7552.aag,maplechrono,709,0.000002,UNSAT,0
c7552.aag,maplechrono,1439,0.000002,UNSAT,0
c7552.aag,maplechrono,1497,0.000002,UNSAT,0
c7552.aag,maplechrono,1823,0.000002,UNSAT,0
c7552.aag,maplechrono,1910,0.000002,UNSAT,0
c7552.aag,maplechrono,1911,0.000002,UNSAT,0
c7552.aag,maplechrono,330,0.000002,UNSAT,0
c7552.aag,maplechrono,721,0.000002,UNSAT,0
c7552.aag,maplechrono,704,0.000002,UNSAT,0
c7552.aag,maplechrono,1912,0.000002,UNSAT,0
c7552.aag,maplechrono,740,0.000002,UNSAT,0
c7552.aag,maplechrono,1913,0.000002,UNSAT,0
c7552.aag,maplechrono,1914,0.000002,UNSAT,0
c7552.aag,maplechrono,1915,0.000002,UNSAT,0
c7552.aag,maplechrono,343,0.000002,UNSAT,0
c7552.aag,maplechrono,796,0.000002,UNSAT,0
c7552.aag,maplechrono,1916,0.000002,UNSAT,0
c7552.aag,maplechrono,1917,0.000002,UNSAT,0
c7552.aag,maplechrono,1918,0.000002,UNSAT,0
c7552.aag,maplechrono,316,0.000002,UNSAT,0
c7552.aag,maplechrono,1919,0.000002,UNSAT,0
c7552.aag,maplechrono,1920,0.000002,UNSAT,0
c7552.aag,maplechrono,1921,0.000002,UNSAT,0
c7552.aag,maplechrono,377,0.000002,UNSAT,0
c7552.aag,maplechrono,320,0.000002,UNSAT,0
c7552.aag,maplechrono,1602,0.000002,UNSAT,0
c7552.aag,maplechrono,1,0.000002,UNSAT,0
c7552.aag,maplechrono,1922,0.000002,UNSAT,0
c7552.aag,maplechrono,1923,0.000002,UNSAT,0
c7552.aag,maplechrono,1476,0.000003,UNSAT,0
c7552.aag,maplechrono,1483,0.000002,UNSAT,0
c7552.aag,maplechrono,349,0.000002,UNSAT,0
c7552.aag,maplechrono,1924,0.000002,UNSAT,0
c7552.aag,maplechrono,1925,0.000002,UNSAT,0
c7552.aag,maplechrono,1926,0.000002,UNSAT,0
c7552.aag,maplechrono,660,0.000002,UNSAT,0
c7552.aag,maplechrono,1481,0.000002,UNSAT,0
c7552.aag,maplechrono,1927,0.000002,UNSAT,0
c7552.aag,maplechrono,728,0.000002,UNSAT,0
c7552.aag,maplechrono,476,0.000002,UNSAT,0
c7552.aag,maplechrono,310,0.000002,UNSAT,0
c7552.aag,maplechrono,1928,0.000002,UNSAT,0
c7552.aag,maplechrono,908,0.000002,UNSAT,0
c7552.aag,maplechrono,1441,0.000002,UNSAT,0
c7552.aag,maplechrono,1439,0.000009,UNSAT,0
c7552.aag,maplechrono,885,0.000003,UNSAT,0
c7552.aag,maplechrono,1929,0.000002,UNSAT,0
c7552.aag,maplechrono,1930,0.000002,UNSAT,0
c7552.aag,maplechrono,324,0.000002,UNSAT,0
c7552.aag,maplechrono,678,0.000002,UNSAT,0
c7552.aag,maplechrono,1931,0.000002,UNSAT,0
c7552.aag,maplechrono,1932,0.000002,UNSAT,0
c7552.aag,maplechrono,1478,0.000002,UNSAT,0
c7552.aag,maplechrono,457,0.000002,UNSAT,0
c7552.aag,maplechrono,1933,0.000002,UNSAT,0
c7552.aag,maplechrono,452,0.000002,UNSAT,0
c7552.aag,maplechrono,1934,0.000002,UNSAT,0
c7552.aag,maplechrono,2,0.000002,UNSAT,0
c7552.aag,maplechrono,773,0.000002,UNSAT,0
c7552.aag,maplechrono,473,0.000011,UNSAT,0
c7552.aag,maplechrono,1935,0.000003,UNSAT,0
c7552.aag,maplechrono,1893,0.000002,UNSAT,0
c7552.aag,maplechrono,653,0.000002,UNSAT,0
c7552.aag,maplechrono,1936,0.000002,UNSAT,0
c7552.aag,maplechrono,1611,0.000002,UNSAT,0
c7552.aag,maplechrono,314,0.000002,UNSAT,0
c7552.aag,maplechrono,1937,0.000002,UNSAT,0
c7552.aag,maplechrono,1938,0.000002,UNSAT,0
c7552.aag,maplechrono,747,0.000002,UNSAT,0
c7552.aag,maplechrono,1939,0.000002,UNSAT,0
c7552.aag,maplechrono,384,0.000002,UNSAT,0
c7552.aag,maplechrono,1940,0.000002,UNSAT,0
c7552.aag,maplechrono,338,0.000002,UNSAT,0
c7552.aag,maplechrono,791,0.000002,UNSAT,0
c7552.aag,maplechrono,1941,0.000002,UNSAT,0
c7552.aag,maplechrono,1439,0.000002,UNSAT,0
c7552.aag,maplechrono,1942,0.000002,UNSAT,0
c7552.aag,maplechrono,1712,0.000002,UNSAT,0
c7552.aag,maplechrono,1943,0.000002,UNSAT,0
c7552.aag,maplechrono,1944,0.000002,UNSAT,0
c7552.aag,maplechrono,1945,0.000002,UNSAT,0
c7552.aag,maplechrono,1946,0.000002,UNSAT,0
c7552.aag,maplechrono,1947,0.000002,UNSAT,0
c7552.aag,maplechrono,610,0.000002,UNSAT,0
c7552.aag,maplechrono,334,0.000002,UNSAT,0
c7552.aag,cadical153,1901,0.000007,UNSAT,0
c7552.aag,cadical153,1902,0.000003,UNSAT,0
c7552.aag,cadical153,1082,0.000001,UNSAT,0
c7552.aag,cadical153,617,0.000001,UNSAT,0
c7552.aag,cadical153,1903,0.000001,UNSAT,0
c7552.aag,cadical153,406,0.000001,UNSAT,0
c7552.aag,cadical153,392,0.000001,UNSAT,0
c7552.aag,cadical153,1439,0.000001,UNSAT,0
c7552.aag,cadical153,1712,0.000001,UNSAT,0
c7552.aag,cadical153,635,0.000002,UNSAT,0
c7552.aag,cadical153,525,0.000001,UNSAT,0
c7552.aag,cadical153,1484,0.000001,UNSAT,0
c7552.aag,cadical153,1476,0.000001,UNSAT,0
c7552.aag,cadical153,430,0.000001,UNSAT,0
c7552.aag,cadical153,387,0.000001,UNSAT,0
c7552.aag,cadical153,1904,0.000001,UNSAT,0
c7552.aag,cadical153,1905,0.000001,UNSAT,0
c7552.aag,cadical153,1906,0.000001,UNSAT,0
c7552.aag,cadical153,1907,0.000001,UNSAT,0
c7552.aag,cadical153,1908,0.000001,UNSAT,0
c7552.aag,cadical153,1599,0.000009,UNSAT,0
c7552.aag,cadical153,1507,0.000005,UNSAT,0
c7552.aag,cadical153,1909,0.000001,UNSAT,0
c7552.aag,cadical153,709,0.000002,UNSAT,0
c7552.aag,cadical153,1439,0.000001,UNSAT,0
c7552.aag,cadical153,1497,0.000001,UNSAT,0
c7552.aag,cadical153,1823,0.000002,UNSAT,0
c7552.aag,cadical153,1910,0.000001,UNSAT,0
c7552.aag,cadical153,1911,0.000001,UNSAT,0
c7552.aag,cadical153,330,0.000001,UNSAT,0
c7552.aag,cadical153,721,0.000001,UNSAT,0
c7552.aag,cadical153,704,0.000001,UNSAT,0
c7552.aag,cadical153,1912,0.000002,UNSAT,0
c7552.aag,cadical153,740,0.000005,UNSAT,0
c7552.aag,cadical153,1913,0.000002,UNSAT,0
c7552.aag,cadical153,1914,0.000002,UNSAT,0
c7552.aag,cadical153,1915,0.000001,UNSAT,0
c7552.aag,cadical153,343,0.000001,UNSAT,0
c7552.aag,cadical153,796,0.000002,UNSAT,0
c7552.aag,cadical153,1916,0.000002,UNSAT,0
c7552.aag,cadical153,1917,0.000001,UNSAT,0
c7552.aag,cadical153,1918,0.000001,UNSAT,0
c7552.aag,cadical153,316,0.000001,UNSAT,0
c7552.aag,cadical153,1919,0.000001,UNSAT,0
c7552.aag,cadical153,1920,0.000001,UNSAT,0
c7552.aag,cadical153,1921,0.000001,UNSAT,0
c7552.aag,cadical153,377,0.000001,UNSAT,0
c7552.aag,cadical153,320,0.000001,UNSAT,0
c7552.aag,cadical153,1602,0.000001,UNSAT,0
c7552.aag,cadical153,1,0.000001,UNSAT,0
c7552.aag,cadical153,1922,0.000001,UNSAT,0
c7552.aag,cadical153,1923,0.000002,UNSAT,0
c7552.aag,cadical153,1476,0.000002,UNSAT,0
c7552.aag,cadical153,1483,0.000001,UNSAT,0
c7552.aag,cadical153,349,0.000002,UNSAT,0
c7552.aag,cadical153,1924,0.000001,UNSAT,0
c7552.aag,cadical153,1925,0.000001,UNSAT,0
c7552.aag,cadical153,1926,0.000001,UNSAT,0
c7552.aag,cadical153,660,0.000001,UNSAT,0
c7552.aag,cadical153,1481,0.000001,UNSAT,0
c7552.aag,cadical153,1927,0.000001,UNSAT,0
c7552.aag,cadical153,728,0.000001,UNSAT,0
c7552.aag,cadical153,476,0.000001,UNSAT,0
c7552.aag,cadical153,310,0.000001,UNSAT,0
c7552.aag,cadical153,1928,0.000001,UNSAT,0
c7552.aag,cadical153,908,0.000001,UNSAT,0
c7552.aag,cadical153,1441,0.000001,UNSAT,0
c7552.aag,cadical153,1439,0.000001,UNSAT,0
c7552.aag,cadical153,885,0.000001,UNSAT,0
c7552.aag,cadical153,1929,0.000001,UNSAT,0
c7552.aag,cadical153,1930,0.000001,UNSAT,0
c7552.aag,cadical153,324,0.000001,UNSAT,0
c7552.aag,cadical153,678,0.000001,UNSAT,0
c7552.aag,cadical153,1931,0.000001,UNSAT,0
c7552.aag,cadical153,1932,0.000001,UNSAT,0
c7552.aag,cadical153,1478,0.000001,UNSAT,0
c7552.aag,cadical153,457,0.000002,UNSAT,0
c7552.aag,cadical153,1933,0.000001,UNSAT,0
c7552.aag,cadical153,452,0.000001,UNSAT,0
c7552.aag,cadical153,1934,0.000001,UNSAT,0
c7552.aag,cadical153,2,0.000001,UNSAT,0
c7552.aag,cadical153,773,0.000001,UNSAT,0
c7552.aag,cadical153,473,0.000002,UNSAT,0
c7552.aag,cadical153,1935,0.000001,UNSAT,0
c7552.aag,cadical153,1893,0.000001,UNSAT,0
c7552.aag,cadical153,653,0.000001,UNSAT,0
c7552.aag,cadical153,1936,0.000001,UNSAT,0
c7552.aag,cadical153,1611,0.000001,UNSAT,0
c7552.aag,cadical153,314,0.000001,UNSAT,0
c7552.aag,cadical153,1937,0.000001,UNSAT,0
c7552.aag,cadical153,1938,0.000001,UNSAT,0
c7552.aag,cadical153,747,0.000001,UNSAT,0
c7552.aag,cadical153,1939,0.000001,UNSAT,0
c7552.aag,cadical153,384,0.000001,UNSAT,0
c7552.aag,cadical153,1940,0.000001,UNSAT,0
c7552.aag,cadical153,338,0.000001,UNSAT,0
c7552.aag,cadical153,791,0.000002,UNSAT,0
c7552.aag,cadical153,1941,0.000001,UNSAT,0
c7552.aag,cadical153,1439,0.000001,UNSAT,0
c7552.aag,cadical153,1942,0.000001,UNSAT,0
c7552.aag,cadical153,1712,0.000001,UNSAT,0
c7552.aag,cadical153,1943,0.000001,UNSAT,0
c7552.aag,cadical153,1944,0.000001,UNSAT,0
c7552.aag,cadical153,1945,0.000002,UNSAT,0
c7552.aag,cadical153,1946,0.000001,UNSAT,0
c7552.aag,cadical153,1947,0.000002,UNSAT,0
c7552.aag,cadical153,610,0.000002,UNSAT,0
c7552.aag,cadical153,334,0.000001,UNSAT,0
c7552.aag,lingeling,1901,0.000186,UNSAT,0
c7552.aag,lingeling,1902,0.000050,UNSAT,0
c7552.aag,lingeling,1082,0.000046,UNSAT,0
c7552.aag,lingeling,617,0.000052,UNSAT,0
c7552.aag,lingeling,1903,0.000046,UNSAT,0
c7552.aag,lingeling,406,0.000045,UNSAT,0
c7552.aag,lingeling,392,0.000044,UNSAT,0
c7552.aag,lingeling,1439,0.000044,UNSAT,0
c7552.aag,lingeling,1712,0.000044,UNSAT,0
c7552.aag,lingeling,635,0.000044,UNSAT,0
c7552.aag,lingeling,525,0.000044,UNSAT,0
c7552.aag,lingeling,1484,0.000044,UNSAT,0
c7552.aag,lingeling,1476,0.000044,UNSAT,0
c7552.aag,lingeling,430,0.000044,UNSAT,0
c7552.aag,lingeling,387,0.000044,UNSAT,0
c7552.aag,lingeling,1904,0.000044,UNSAT,0
c7552.aag,lingeling,1905,0.000044,UNSAT,0
c7552.aag,lingeling,1906,0.000044,UNSAT,0
c7552.aag,lingeling,1907,0.000044,UNSAT,0
c7552.aag,lingeling,1908,0.000045,UNSAT,0
c7552.aag,lingeling,1599,0.000044,UNSAT,0
c7552.aag,lingeling,1507,0.000050,UNSAT,0
c7552.aag,lingeling,1909,0.000044,UNSAT,0
c7552.aag,lingeling,709,0.000044,UNSAT,0
c7552.aag,lingeling,1439,0.000044,UNSAT,0
c7552.aag,lingeling,1497,0.000044,UNSAT,0
c7552.aag,lingeling,1823,0.000044,UNSAT,0
c7552.aag,lingeling,1910,0.000044,UNSAT,0
c7552.aag,lingeling,1911,0.000044,UNSAT,0
c7552.aag,lingeling,330,0.000044,UNSAT,0
c7552.aag,lingeling,721,0.000044,UNSAT,0
c7552.aag,lingeling,704,0.000044,UNSAT,0
c7552.aag,lingeling,1912,0.000044,UNSAT,0
c7552.aag,lingeling,740,0.000044,UNSAT,0
c7552.aag,lingeling,1913,0.000044,UNSAT,0
c7552.aag,lingeling,1914,0.000044,UNSAT,0
c7552.aag,lingeling,1915,0.000044,UNSAT,0
c7552.aag,lingeling,343,0.000044,UNSAT,0
c7552.aag,lingeling,796,0.000044,UNSAT,0
c7552.aag,lingeling,1916,0.000044,UNSAT,0
c7552.aag,lingeling,1917,0.000044,UNSAT,0
c7552.aag,lingeling,1918,0.000044,UNSAT,0
c7552.aag,lingeling,316,0.000044,UNSAT,0
c7552.aag,lingeling,1919,0.000047,UNSAT,0
c7552.aag,lingeling,1920,0.000044,UNSAT,0
c7552.aag,lingeling,1921,0.000044,UNSAT,0
c7552.aag,lingeling,377,0.000044,UNSAT,0
c7552.aag,lingeling,320,0.000059,UNSAT,0
c7552.aag,lingeling,1602,0.000045,UNSAT,0
c7552.aag,lingeling,1,0.000044,UNSAT,0
c7552.aag,lingeling,1922,0.000044,UNSAT,0
c7552.aag,lingeling,1923,0.000048,UNSAT,0
c7552.aag,lingeling,1476,0.000045,UNSAT,0
c7552.aag,lingeling,1483,0.000044,UNSAT,0
c7552.aag,lingeling,349,0.000044,UNSAT,0
c7552.aag,lingeling,1924,0.000044,UNSAT,0
c7552.aag,lingeling,1925,0.000044,UNSAT,0
c7552.aag,lingeling,1926,0.000044,UNSAT,0
c7552.aag,lingeling,660,0.000044,UNSAT,0
c7552.aag,lingeling,1481,0.000044,UNSAT,0
c7552.aag,lingeling,1927,0.000043,UNSAT,0
c7552.aag,lingeling,728,0.000044,UNSAT,0
c7552.aag,lingeling,476,0.000043,UNSAT,0
c7552.aag,lingeling,310,0.000044,UNSAT,0
c7552.aag,lingeling,1928,0.000044,UNSAT,0
c7552.aag,lingeling,908,0.000051,UNSAT,0
c7552.aag,lingeling,1441,0.000134,UNSAT,0
c7552.aag,lingeling,1439,0.000079,UNSAT,0
c7552.aag,lingeling,885,0.000068,UNSAT,0
c7552.aag,lingeling,1929,0.000045,UNSAT,0
c7552.aag,lingeling,1930,0.000047,UNSAT,0
c7552.aag,lingeling,324,0.000045,UNSAT,0
c7552.aag,lingeling,678,0.000052,UNSAT,0
c7552.aag,lingeling,1931,0.000047,UNSAT,0
c7552.aag,lingeling,1932,0.000044,UNSAT,0
c7552.aag,lingeling,1478,0.000074,UNSAT,0
c7552.aag,lingeling,457,0.000062,UNSAT,0
c7552.aag,lingeling,1933,0.000057,UNSAT,0
c7552.aag,lingeling,452,0.000056,UNSAT,0
c7552.aag,lingeling,1934,0.000055,UNSAT,0
c7552.aag,lingeling,2,0.000055,UNSAT,0
c7552.aag,lingeling,773,0.000055,UNSAT,0
c7552.aag,lingeling,473,0.000080,UNSAT,0
c7552.aag,lingeling,1935,0.000084,UNSAT,0
c7552.aag,lingeling,1893,0.000057,UNSAT,0
c7552.aag,lingeling,653,0.000055,UNSAT,0
c7552.aag,lingeling,1936,0.000055,UNSAT,0
c7552.aag,lingeling,1611,0.000055,UNSAT,0
c7552.aag,lingeling,314,0.000055,UNSAT,0
c7552.aag,lingeling,1937,0.000055,UNSAT,0
c7552.aag,lingeling,1938,0.000055,UNSAT,0
c7552.aag,lingeling,747,0.000067,UNSAT,0
c7552.aag,lingeling,1939,0.000058,UNSAT,0
c7552.aag,lingeling,384,0.000055,UNSAT,0
c7552.aag,lingeling,1940,0.000055,UNSAT,0
c7552.aag,lingeling,338,0.000055,UNSAT,0
c7552.aag,lingeling,791,0.000055,UNSAT,0
c7552.aag,lingeling,1941,0.000055,UNSAT,0
c7552.aag,lingeling,1439,0.000055,UNSAT,0
c7552.aag,lingeling,1942,0.000055,UNSAT,0
c7552.aag,lingeling,1712,0.000055,UNSAT,0
c7552.aag,lingeling,1943,0.000055,UNSAT,0
c7552.aag,lingeling,1944,0.000055,UNSAT,0
c7552.aag,lingeling,1945,0.000055,UNSAT,0
c7552.aag,lingeling,1946,0.000055,UNSAT,0
c7552.aag,lingeling,1947,0.000054,UNSAT,0
c7552.aag,lingeling,610,0.000055,UNSAT,0
c7552.aag,lingeling,334,0.000055,UNSAT,0
alu_8bit.aag,glucose4,243,0.000011,UNSAT,0
alu_8bit.aag,glucose4,244,0.000006,UNSAT,0
alu_8bit.aag,glucose4,245,0.000002,UNSAT,0
alu_8bit.aag,glucose4,246,0.000002,UNSAT,0
alu_8bit.aag,glucose4,247,0.000002,UNSAT,0
alu_8bit.aag,glucose4,248,0.000012,UNSAT,0
alu_8bit.aag,glucose4,249,0.000003,UNSAT,0
alu_8bit.aag,glucose4,116,0.000005,UNSAT,0
alu_8bit.aag,glucose4,250,0.000003,UNSAT,0
alu_8bit.aag,minisat22,243,0.000006,UNSAT,0
alu_8bit.aag,minisat22,244,0.000003,UNSAT,0
alu_8bit.aag,minisat22,245,0.000002,UNSAT,0
alu_8bit.aag,minisat22,246,0.000002,UNSAT,0
alu_8bit.aag,minisat22,247,0.000002,UNSAT,0
alu_8bit.aag,minisat22,248,0.000002,UNSAT,0
alu_8bit.aag,minisat22,249,0.000002,UNSAT,0
alu_8bit.aag,minisat22,116,0.000002,UNSAT,0
alu_8bit.aag,minisat22,250,0.000002,UNSAT,0
alu_8bit.aag,maplechrono,243,0.000009,UNSAT,0
alu_8bit.aag,maplechrono,244,0.000005,UNSAT,0
alu_8bit.aag,maplechrono,245,0.000004,UNSAT,0
alu_8bit.aag,maplechrono,246,0.000003,UNSAT,0
alu_8bit.aag,maplechrono,247,0.000004,UNSAT,0
alu_8bit.aag,maplechrono,248,0.000003,UNSAT,0
alu_8bit.aag,maplechrono,249,0.000003,UNSAT,0
alu_8bit.aag,maplechrono,116,0.000003,UNSAT,0
alu_8bit.aag,maplechrono,250,0.000003,UNSAT,0
alu_8bit.aag,cadical153,243,0.000009,UNSAT,0
alu_8bit.aag,cadical153,244,0.000004,UNSAT,0
alu_8bit.aag,cadical153,245,0.000002,UNSAT,0
alu_8bit.aag,cadical153,246,0.000002,UNSAT,0
alu_8bit.aag,cadical153,247,0.000002,UNSAT,0
alu_8bit.aag,cadical153,248,0.000002,UNSAT,0
alu_8bit.aag,cadical153,249,0.000002,UNSAT,0
alu_8bit.aag,cadical153,116,0.000002,UNSAT,0
alu_8bit.aag,cadical153,250,0.000002,UNSAT,0
alu_8bit.aag,lingeling,243,0.000033,UNSAT,0
alu_8bit.aag,lingeling,244,0.000018,UNSAT,0
alu_8bit.aag,lingeling,245,0.000016,UNSAT,0
alu_8bit.aag,lingeling,246,0.000016,UNSAT,0
alu_8bit.aag,lingeling,247,0.000016,UNSAT,0
alu_8bit.aag,lingeling,248,0.000016,UNSAT,0
alu_8bit.aag,lingeling,249,0.000016,UNSAT,0
alu_8bit.aag,lingeling,116,0.000016,UNSAT,0
alu_8bit.aag,lingeling,250,0.000016,UNSAT,0
c3540.aag,glucose4,975,0.000010,UNSAT,0
c3540.aag,glucose4,951,0.000002,UNSAT,0
c3540.aag,glucose4,1003,0.000002,UNSAT,0
c3540.aag,glucose4,976,0.000001,UNSAT,0
c3540.aag,glucose4,1004,0.000001,UNSAT,0
c3540.aag,glucose4,930,0.000001,UNSAT,0
c3540.aag,glucose4,1005,0.000001,UNSAT,0
c3540.aag,glucose4,1006,0.000001,UNSAT,0
c3540.aag,glucose4,1007,0.000001,UNSAT,0
c3540.aag,glucose4,974,0.000002,UNSAT,0
c3540.aag,glucose4,1008,0.000001,UNSAT,0
c3540.aag,glucose4,1009,0.000001,UNSAT,0
c3540.aag,glucose4,1010,0.000001,UNSAT,0
c3540.aag,glucose4,1011,0.000001,UNSAT,0
c3540.aag,glucose4,1012,0.000001,UNSAT,0
c3540.aag,glucose4,1013,0.000001,UNSAT,0
c3540.aag,glucose4,1014,0.000002,UNSAT,0
c3540.aag,glucose4,1015,0.000001,UNSAT,0
c3540.aag,glucose4,1016,0.000001,UNSAT,0
c3540.aag,glucose4,1017,0.000001,UNSAT,0
c3540.aag,glucose4,1018,0.000001,UNSAT,0
c3540.aag,glucose4,1019,0.000001,UNSAT,0
c3540.aag,minisat22,975,0.000005,UNSAT,0
c3540.aag,minisat22,951,0.000002,UNSAT,0
c3540.aag,minisat22,1003,0.000002,UNSAT,0
c3540.aag,minisat22,976,0.000002,UNSAT,0
c3540.aag,minisat22,1004,0.000001,UNSAT,0
c3540.aag,minisat22,930,0.000001,UNSAT,0
c3540.aag,minisat22,1005,0.000001,UNSAT,0
c3540.aag,minisat22,1006,0.000001,UNSAT,0
c3540.aag,minisat22,1007,0.000001,UNSAT,0
c3540.aag,minisat22,974,0.000001,UNSAT,0
c3540.aag,minisat22,1008,0.000001,UNSAT,0
c3540.aag,minisat22,1009,0.000001,UNSAT,0
c3540.aag,minisat22,1010,0.000002,UNSAT,0
c3540.aag,minisat22,1011,0.000001,UNSAT,0
c3540.aag,minisat22,1012,0.000001,UNSAT,0
c3540.aag,minisat22,1013,0.000001,UNSAT,0
c3540.aag,minisat22,1014,0.000001,UNSAT,0
c3540.aag,minisat22,1015,0.000001,UNSAT,0
c3540.aag,minisat22,1016,0.000001,UNSAT,0
c3540.aag,minisat22,1017,0.000001,UNSAT,0
c3540.aag,minisat22,1018,0.000001,UNSAT,0
c3540.aag,minisat22,1019,0.000001,UNSAT,0
c3540.aag,maplechrono,975,0.000007,UNSAT,0
c3540.aag,maplechrono,951,0.000003,UNSAT,0
c3540.aag,maplechrono,1003,0.000002,UNSAT,0
c3540.aag,maplechrono,976,0.000002,UNSAT,0
c3540.aag,maplechrono,1004,0.000002,UNSAT,0
c3540.aag,maplechrono,930,0.000003,UNSAT,0
c3540.aag,maplechrono,1005,0.000002,UNSAT,0
c3540.aag,maplechrono,1006,0.000002,UNSAT,0
c3540.aag,maplechrono,1007,0.000002,UNSAT,0
c3540.aag,maplechrono,974,0.000002,UNSAT,0
c3540.aag,maplechrono,1008,0.000002,UNSAT,0
c3540.aag,maplechrono,1009,0.000002,UNSAT,0
c3540.aag,maplechrono,1010,0.000002,UNSAT,0
c3540.aag,maplechrono,1011,0.000002,UNSAT,0
c3540.aag,maplechrono,1012,0.000002,UNSAT,0
c3540.aag,maplechrono,1013,0.000002,UNSAT,0
c3540.aag,maplechrono,1014,0.000002,UNSAT,0
c3540.aag,maplechrono,1015,0.000002,UNSAT,0
c3540.aag,maplechrono,1016,0.000002,UNSAT,0
c3540.aag,maplechrono,1017,0.000002,UNSAT,0
c3540.aag,maplechrono,1018,0.000002,UNSAT,0
c3540.aag,maplechrono,1019,0.000002,UNSAT,0
c3540.aag,cadical153,975,0.000008,UNSAT,0
c3540.aag,cadical153,951,0.000003,UNSAT,0
c3540.aag,cadical153,1003,0.000002,UNSAT,0
c3540.aag,cadical153,976,0.000001,UNSAT,0
c3540.aag,cadical153,1004,0.000002,UNSAT,0
c3540.aag,cadical153,930,0.000001,UNSAT,0
c3540.aag,cadical153,1005,0.000001,UNSAT,0
c3540.aag,cadical153,1006,0.000002,UNSAT,0
c3540.aag,cadical153,1007,0.000002,UNSAT,0
c3540.aag,cadical153,974,0.000001,UNSAT,0
c3540.aag,cadical153,1008,0.000001,UNSAT,0
c3540.aag,cadical153,1009,0.000001,UNSAT,0
c3540.aag,cadical153,1010,0.000001,UNSAT,0
c3540.aag,cadical153,1011,0.000001,UNSAT,0
c3540.aag,cadical153,1012,0.000001,UNSAT,0
c3540.aag,cadical153,1013,0.000001,UNSAT,0
c3540.aag,cadical153,1014,0.000001,UNSAT,0
c3540.aag,cadical153,1015,0.000001,UNSAT,0
c3540.aag,cadical153,1016,0.000001,UNSAT,0
c3540.aag,cadical153,1017,0.000001,UNSAT,0
c3540.aag,cadical153,1018,0.000001,UNSAT,0
c3540.aag,cadical153,1019,0.000001,UNSAT,0
c3540.aag,lingeling,975,0.000103,UNSAT,0
c3540.aag,lingeling,951,0.000034,UNSAT,0
c3540.aag,lingeling,1003,0.000028,UNSAT,0
c3540.aag,lingeling,976,0.000026,UNSAT,0
c3540.aag,lingeling,1004,0.000026,UNSAT,0
c3540.aag,lingeling,930,0.000026,UNSAT,0
c3540.aag,lingeling,1005,0.000025,UNSAT,0
c3540.aag,lingeling,1006,0.000026,UNSAT,0
c3540.aag,lingeling,1007,0.000025,UNSAT,0
c3540.aag,lingeling,974,0.000026,UNSAT,0
c3540.aag,lingeling,1008,0.000026,UNSAT,0
c3540.aag,lingeling,1009,0.000026,UNSAT,0
c3540.aag,lingeling,1010,0.000025,UNSAT,0
c3540.aag,lingeling,1011,0.000026,UNSAT,0
c3540.aag,lingeling,1012,0.000025,UNSAT,0
c3540.aag,lingeling,1013,0.000026,UNSAT,0
c3540.aag,lingeling,1014,0.000026,UNSAT,0
c3540.aag,lingeling,1015,0.000026,UNSAT,0
c3540.aag,lingeling,1016,0.000026,UNSAT,0
c3540.aag,lingeling,1017,0.000025,UNSAT,0
c3540.aag,lingeling,1018,0.000025,UNSAT,0
c3540.aag,lingeling,1019,0.000026,UNSAT,0
c17.aag,glucose4,12,0.000017,SAT,1
c17.aag,glucose4,13,0.000006,SAT,1
c17.aag,minisat22,12,0.000012,SAT,1
c17.aag,minisat22,13,0.000003,SAT,1
c17.aag,maplechrono,12,0.000014,SAT,1
c17.aag,maplechrono,13,0.000005,SAT,1
c17.aag,cadical153,12,0.000012,SAT,1
c17.aag,cadical153,13,0.000005,SAT,1
c17.aag,lingeling,12,0.000030,SAT,1
c17.aag,lingeling,13,0.000015,SAT,1
c6288.aag,glucose4,1903,0.000014,UNSAT,0
c6288.aag,glucose4,1902,0.000003,UNSAT,0
c6288.aag,glucose4,1904,0.000002,UNSAT,0
c6288.aag,glucose4,1905,0.000002,UNSAT,0
c6288.aag,glucose4,1906,0.000002,UNSAT,0
c6288.aag,glucose4,1907,0.000002,UNSAT,0
c6288.aag,glucose4,1908,0.000001,UNSAT,0
c6288.aag,glucose4,1909,0.000001,UNSAT,0
c6288.aag,glucose4,1910,0.000001,UNSAT,0
c6288.aag,glucose4,1911,0.000002,UNSAT,0
c6288.aag,glucose4,1912,0.000002,UNSAT,0
c6288.aag,glucose4,1913,0.000002,UNSAT,0
c6288.aag,glucose4,1914,0.000001,UNSAT,0
c6288.aag,glucose4,1915,0.000001,UNSAT,0
c6288.aag,glucose4,1916,0.000002,UNSAT,0
c6288.aag,glucose4,1917,0.000002,UNSAT,0
c6288.aag,glucose4,1884,0.000002,UNSAT,0
c6288.aag,glucose4,1918,0.000002,UNSAT,0
c6288.aag,glucose4,1919,0.000002,UNSAT,0
c6288.aag,glucose4,1920,0.000002,UNSAT,0
c6288.aag,glucose4,1017,0.000002,UNSAT,0
c6288.aag,glucose4,1921,0.000002,UNSAT,0
c6288.aag,glucose4,1922,0.000003,UNSAT,0
c6288.aag,glucose4,1923,0.000002,UNSAT,0
c6288.aag,glucose4,1736,0.000002,UNSAT,0
c6288.aag,glucose4,1924,0.000002,UNSAT,0
c6288.aag,glucose4,1925,0.000001,UNSAT,0
c6288.aag,glucose4,1926,0.000001,UNSAT,0
c6288.aag,glucose4,1927,0.000001,UNSAT,0
c6288.aag,glucose4,1928,0.000002,UNSAT,0
c6288.aag,glucose4,1929,0.000002,UNSAT,0
c6288.aag,glucose4,1930,0.000007,UNSAT,0
c6288.aag,minisat22,1903,0.000016,UNSAT,0
c6288.aag,minisat22,1902,0.000003,UNSAT,0
c6288.aag,minisat22,1904,0.000002,UNSAT,0
c6288.aag,minisat22,1905,0.000002,UNSAT,0
c6288.aag,minisat22,1906,0.000002,UNSAT,0
c6288.aag,minisat22,1907,0.000002,UNSAT,0
c6288.aag,minisat22,1908,0.000028,UNSAT,0
c6288.aag,minisat22,1909,0.000006,UNSAT,0
c6288.aag,minisat22,1910,0.000002,UNSAT,0
c6288.aag,minisat22,1911,0.000001,UNSAT,0
c6288.aag,minisat22,1912,0.000001,UNSAT,0
c6288.aag,minisat22,1913,0.000001,UNSAT,0
c6288.aag,minisat22,1914,0.000001,UNSAT,0
c6288.aag,minisat22,1915,0.000001,UNSAT,0
c6288.aag,minisat22,1916,0.000002,UNSAT,0
c6288.aag,minisat22,1917,0.000002,UNSAT,0
c6288.aag,minisat22,1884,0.000001,UNSAT,0
c6288.aag,minisat22,1918,0.000001,UNSAT,0
c6288.aag,minisat22,1919,0.000002,UNSAT,0
c6288.aag,minisat22,1920,0.000001,UNSAT,0
c6288.aag,minisat22,1017,0.000001,UNSAT,0
c6288.aag,minisat22,1921,0.000001,UNSAT,0
c6288.aag,minisat22,1922,0.000002,UNSAT,0
c6288.aag,minisat22,1923,0.000002,UNSAT,0
c6288.aag,minisat22,1736,0.000002,UNSAT,0
c6288.aag,minisat22,1924,0.000002,UNSAT,0
c6288.aag,minisat22,1925,0.000002,UNSAT,0
c6288.aag,minisat22,1926,0.000002,UNSAT,0
c6288.aag,minisat22,1927,0.000002,UNSAT,0
c6288.aag,minisat22,1928,0.000002,UNSAT,0
c6288.aag,minisat22,1929,0.000002,UNSAT,0
c6288.aag,minisat22,1930,0.000001,UNSAT,0
c6288.aag,maplechrono,1903,0.000013,UNSAT,0
c6288.aag,maplechrono,1902,0.000004,UNSAT,0
c6288.aag,maplechrono,1904,0.000003,UNSAT,0
c6288.aag,maplechrono,1905,0.000003,UNSAT,0
c6288.aag,maplechrono,1906,0.000003,UNSAT,0
c6288.aag,maplechrono,1907,0.000003,UNSAT,0
c6288.aag,maplechrono,1908,0.000004,UNSAT,0
c6288.aag,maplechrono,1909,0.000003,UNSAT,0
c6288.aag,maplechrono,1910,0.000003,UNSAT,0
c6288.aag,maplechrono,1911,0.000003,UNSAT,0
c6288.aag,maplechrono,1912,0.000003,UNSAT,0
c6288.aag,maplechrono,1913,0.000003,UNSAT,0
c6288.aag,maplechrono,1914,0.000003,UNSAT,0
c6288.aag,maplechrono,1915,0.000003,UNSAT,0
c6288.aag,maplechrono,1916,0.000003,UNSAT,0
c6288.aag,maplechrono,1917,0.000003,UNSAT,0
c6288.aag,maplechrono,1884,0.000003,UNSAT,0
c6288.aag,maplechrono,1918,0.000003,UNSAT,0
c6288.aag,maplechrono,1919,0.000003,UNSAT,0
c6288.aag,maplechrono,1920,0.000004,UNSAT,0
c6288.aag,maplechrono,1017,0.000005,UNSAT,0
c6288.aag,maplechrono,1921,0.000004,UNSAT,0
c6288.aag,maplechrono,1922,0.000003,UNSAT,0
c6288.aag,maplechrono,1923,0.000004,UNSAT,0
c6288.aag,maplechrono,1736,0.000004,UNSAT,0
c6288.aag,maplechrono,1924,0.000004,UNSAT,0
c6288.aag,maplechrono,1925,0.000004,UNSAT,0
c6288.aag,maplechrono,1926,0.000003,UNSAT,0
c6288.aag,maplechrono,1927,0.000002,UNSAT,0
c6288.aag,maplechrono,1928,0.000003,UNSAT,0
c6288.aag,maplechrono,1929,0.000003,UNSAT,0
c6288.aag,maplechrono,1930,0.000002,UNSAT,0
c6288.aag,cadical153,1903,0.000021,UNSAT,0
c6288.aag,cadical153,1902,0.000006,UNSAT,0
c6288.aag,cadical153,1904,0.000003,UNSAT,0
c6288.aag,cadical153,1905,0.000002,UNSAT,0
c6288.aag,cadical153,1906,0.000003,UNSAT,0
c6288.aag,cadical153,1907,0.000004,UNSAT,0
c6288.aag,cadical153,1908,0.000002,UNSAT,0
c6288.aag,cadical153,1909,0.000001,UNSAT,0
c6288.aag,cadical153,1910,0.000002,UNSAT,0
c6288.aag,cadical153,1911,0.000002,UNSAT,0
c6288.aag,cadical153,1912,0.000001,UNSAT,0
c6288.aag,cadical153,1913,0.000001,UNSAT,0
c6288.aag,cadical153,1914,0.000001,UNSAT,0
c6288.aag,cadical153,1915,0.000002,UNSAT,0
c6288.aag,cadical153,1916,0.000002,UNSAT,0
c6288.aag,cadical153,1917,0.000003,UNSAT,0
c6288.aag,cadical153,1884,0.000002,UNSAT,0
c6288.aag,cadical153,1918,0.000002,UNSAT,0
c6288.aag,cadical153,1919,0.000002,UNSAT,0
c6288.aag,cadical153,1920,0.000003,UNSAT,0
c6288.aag,cadical153,1017,0.000002,UNSAT,0
c6288.aag,cadical153,1921,0.000001,UNSAT,0
c6288.aag,cadical153,1922,0.000001,UNSAT,0
c6288.aag,cadical153,1923,0.000001,UNSAT,0
c6288.aag,cadical153,1736,0.000002,UNSAT,0
c6288.aag,cadical153,1924,0.000002,UNSAT,0
c6288.aag,cadical153,1925,0.000002,UNSAT,0
c6288.aag,cadical153,1926,0.000003,UNSAT,0
c6288.aag,cadical153,1927,0.000002,UNSAT,0
c6288.aag,cadical153,1928,0.000002,UNSAT,0
c6288.aag,cadical153,1929,0.000002,UNSAT,0
c6288.aag,cadical153,1930,0.000001,UNSAT,0
c6288.aag,lingeling,1903,0.000247,UNSAT,0
c6288.aag,lingeling,1902,0.000101,UNSAT,0
c6288.aag,lingeling,1904,0.000096,UNSAT,0
c6288.aag,lingeling,1905,0.000093,UNSAT,0
c6288.aag,lingeling,1906,0.000092,UNSAT,0
c6288.aag,lingeling,1907,0.000079,UNSAT,0
c6288.aag,lingeling,1908,0.000078,UNSAT,0
c6288.aag,lingeling,1909,0.000077,UNSAT,0
c6288.aag,lingeling,1910,0.000076,UNSAT,0
c6288.aag,lingeling,1911,0.000076,UNSAT,0
c6288.aag,lingeling,1912,0.000076,UNSAT,0
c6288.aag,lingeling,1913,0.000079,UNSAT,0
c6288.aag,lingeling,1914,0.000080,UNSAT,0
c6288.aag,lingeling,1915,0.000077,UNSAT,0
c6288.aag,lingeling,1916,0.000075,UNSAT,0
c6288.aag,lingeling,1917,0.000072,UNSAT,0
c6288.aag,lingeling,1884,0.000072,UNSAT,0
c6288.aag,lingeling,1918,0.000071,UNSAT,0
c6288.aag,lingeling,1919,0.000071,UNSAT,0
c6288.aag,lingeling,1920,0.000106,UNSAT,0
c6288.aag,lingeling,1017,0.000077,UNSAT,0
c6288.aag,lingeling,1921,0.000072,UNSAT,0
c6288.aag,lingeling,1922,0.000074,UNSAT,0
c6288.aag,lingeling,1923,0.000077,UNSAT,0
c6288.aag,lingeling,1736,0.000079,UNSAT,0
c6288.aag,lingeling,1924,0.000080,UNSAT,0
c6288.aag,lingeling,1925,0.000079,UNSAT,0
c6288.aag,lingeling,1926,0.000078,UNSAT,0
c6288.aag,lingeling,1927,0.000076,UNSAT,0
c6288.aag,lingeling,1928,0.000075,UNSAT,0
c6288.aag,lingeling,1929,0.000074,UNSAT,0
c6288.aag,lingeling,1930,0.000077,UNSAT,0
